customer_id,customer_name,country,signup_date,is_active
1,Customer_1,India,2024-02-17,0
2,Customer_2,,2022-05-08,0
3,Customer_3,UAE,2024-03-11,0
4,Customer_4,India,2023-06-01,1
5,Customer_5,Pakistan,2022-06-20,1
6,Customer_6,Pakistan,2022-09-25,1
7,Customer_7,Pakistan,2023-09-24,0
8,Customer_8,USA,2024-04-27,1
9,Customer_9,UAE,2024-01-25,1
10,Customer_10,UAE,2024-06-07,1
11,Customer_11,Pakistan,2022-08-06,1
12,Customer_12,,2023-06-10,1
13,Customer_13,UK,2022-05-28,
14,Customer_14,Pakistan,2022-11-13,0
15,Customer_15,Pakistan,2024-05-07,1
16,Customer_16,Pakistan,2023-07-08,0
17,Customer_17,Pakistan,2023-12-10,0
18,Customer_18,India,2023-12-23,0
19,Customer_19,India,2022-07-06,0
20,Customer_20,Pakistan,2024-02-10,0
21,Customer_21,UAE,2022-01-09,0
22,Customer_22,Pakistan,2022-12-11,0
23,Customer_23,Pakistan,2022-01-04,
24,Customer_24,India,2022-04-27,0
25,Customer_25,India,2023-03-16,1
26,Customer_26,UK,2023-06-09,0
27,Customer_27,Pakistan,2023-11-18,
28,Customer_28,India,2022-03-03,1
29,Customer_29,India,2023-03-23,1
30,Customer_30,Pakistan,2022-06-01,1
31,Customer_31,UAE,2022-08-17,0
32,Customer_32,Pakistan,2022-09-22,
33,Customer_33,Pakistan,2023-03-04,1
34,Customer_34,USA,2022-05-17,1
35,Customer_35,,2023-03-10,1
36,Customer_36,UK,2023-04-06,0
37,Customer_37,Pakistan,2024-04-30,1
38,Customer_38,Pakistan,2023-07-31,0
39,Customer_39,UAE,2022-07-01,1
40,Customer_40,India,2023-07-30,0
41,Customer_41,Pakistan,2023-05-10,
42,Customer_42,India,2022-08-08,0
43,Customer_43,Pakistan,2022-01-17,0
44,Customer_44,USA,2022-06-30,1
45,Customer_45,Pakistan,2023-03-25,1
46,Customer_46,UAE,2024-04-15,1
47,Customer_47,Pakistan,2023-06-18,0
48,Customer_48,India,2023-10-30,0
49,Customer_49,India,2023-08-25,1
50,Customer_50,Pakistan,2024-02-01,
51,Customer_51,,2023-06-16,1
52,Customer_52,UK,2024-04-12,1
53,Customer_53,USA,2023-08-23,
54,Customer_54,USA,2022-02-16,0
55,Customer_55,India,2024-01-09,1
56,Customer_56,USA,2022-02-13,1
57,Customer_57,Pakistan,2023-09-25,0
58,Customer_58,Pakistan,2022-12-28,1
59,Customer_59,Pakistan,2022-03-29,1
60,Customer_60,Pakistan,2022-02-03,0
61,Customer_61,India,2022-10-10,0
62,Customer_62,Pakistan,2022-10-09,0
63,Customer_63,UK,2023-05-21,1
64,Customer_64,India,2023-07-30,0
65,Customer_65,Pakistan,2023-09-18,0
66,Customer_66,India,2023-02-01,1
67,Customer_67,Pakistan,2022-05-17,1
68,Customer_68,UK,2023-05-09,1
69,Customer_69,Pakistan,2023-11-07,1
70,Customer_70,,2023-12-10,1
71,Customer_71,UK,2022-02-09,
72,Customer_72,Pakistan,2022-04-18,1
73,Customer_73,Pakistan,2022-09-21,1
74,Customer_74,UK,2022-01-09,0
75,Customer_75,UAE,2022-03-06,
76,Customer_76,UAE,2024-05-08,0
77,Customer_77,UK,2022-10-02,0
78,Customer_78,Pakistan,2022-12-26,0
79,Customer_79,India,2023-02-10,0
80,Customer_80,Pakistan,2023-11-13,
81,Customer_81,USA,2022-01-21,1
82,Customer_82,UAE,2022-06-19,1
83,Customer_83,Pakistan,2023-10-12,1
84,Customer_84,Pakistan,2023-03-03,1
85,Customer_85,Pakistan,2023-07-17,0
86,Customer_86,Pakistan,2022-11-30,1
87,Customer_87,UAE,2024-06-04,1
88,Customer_88,UAE,2022-11-26,0
89,Customer_89,USA,2022-07-24,1
90,Customer_90,India,2022-07-04,0
91,Customer_91,Pakistan,2022-10-01,0
92,Customer_92,UAE,2024-01-23,0
93,Customer_93,UK,2022-03-20,0
94,Customer_94,India,2023-06-14,1
95,Customer_95,UK,2023-03-09,1
96,Customer_96,India,2023-12-28,0
97,Customer_97,India,2023-09-28,1
98,Customer_98,India,2022-07-31,1
99,Customer_99,Pakistan,2023-06-28,0
100,Customer_100,Pakistan,2023-04-11,0
101,Customer_101,Pakistan,2022-03-24,
102,Customer_102,UAE,2023-12-20,1
103,Customer_103,Pakistan,2023-01-14,
104,Customer_104,India,2022-07-24,0
105,Customer_105,USA,2023-10-27,1
106,Customer_106,Pakistan,2022-05-16,0
107,Customer_107,India,2023-01-27,0
108,Customer_108,UK,2022-05-19,1
109,Customer_109,Pakistan,2024-02-07,0
110,Customer_110,Pakistan,2024-06-01,0
111,Customer_111,Pakistan,2023-11-06,0
112,Customer_112,Pakistan,2022-11-11,0
113,Customer_113,USA,2022-01-08,1
114,Customer_114,UK,2023-02-16,1
115,Customer_115,UAE,2024-02-16,0
116,Customer_116,USA,2023-03-25,0
117,Customer_117,UK,2023-04-15,0
118,Customer_118,Pakistan,2023-06-26,1
119,Customer_119,USA,2023-09-11,0
120,Customer_120,India,2023-08-15,1
121,Customer_121,UK,2022-04-10,0
122,Customer_122,USA,2024-04-28,0
123,Customer_123,Pakistan,2023-08-16,1
124,Customer_124,Pakistan,2022-05-19,1
125,Customer_125,Pakistan,2023-05-19,0
126,Customer_126,India,2022-12-05,1
127,Customer_127,UK,2023-12-23,1
128,Customer_128,USA,2023-11-08,1
129,Customer_129,Pakistan,2023-04-15,1
130,Customer_130,India,2022-08-07,1
131,Customer_131,India,2023-02-06,
132,Customer_132,Pakistan,2023-09-14,0
133,Customer_133,Pakistan,2023-03-29,1
134,Customer_134,Pakistan,2023-10-11,1
135,Customer_135,USA,2022-08-15,0
136,Customer_136,Pakistan,2023-09-13,0
137,Customer_137,India,2022-05-24,0
138,Customer_138,UAE,2024-02-27,1
139,Customer_139,India,2024-03-18,1
140,Customer_140,,2023-06-13,1
141,Customer_141,,2023-04-09,0
142,Customer_142,Pakistan,2022-08-03,1
143,Customer_143,India,2023-12-15,
144,Customer_144,Pakistan,2023-02-20,0
145,Customer_145,Pakistan,2022-10-15,1
146,Customer_146,Pakistan,2023-03-24,1
147,Customer_147,UAE,2023-04-05,1
148,Customer_148,India,2022-01-22,1
149,Customer_149,Pakistan,2022-02-06,1
150,Customer_150,Pakistan,2023-11-09,0
151,Customer_151,USA,2023-03-17,1
152,Customer_152,Pakistan,2022-04-28,0
153,Customer_153,Pakistan,2024-01-19,0
154,Customer_154,India,2023-09-28,0
155,Customer_155,,2024-02-27,1
156,Customer_156,Pakistan,2023-05-11,0
157,Customer_157,UAE,2022-08-22,0
158,Customer_158,UK,2022-07-11,0
159,Customer_159,Pakistan,2024-01-13,
160,Customer_160,UAE,2024-03-16,1
161,Customer_161,India,2023-11-21,1
162,Customer_162,UAE,2022-08-31,1
163,Customer_163,UAE,2024-04-25,1
164,Customer_164,India,2023-05-10,0
165,Customer_165,Pakistan,2024-04-21,
166,Customer_166,UK,2023-04-12,0
167,Customer_167,Pakistan,2024-01-16,0
168,Customer_168,Pakistan,2024-01-13,0
169,Customer_169,Pakistan,2024-06-03,1
170,Customer_170,India,2022-01-03,1
171,Customer_171,UAE,2022-02-02,1
172,Customer_172,Pakistan,2022-05-20,0
173,Customer_173,India,2024-03-04,1
174,Customer_174,Pakistan,2022-02-20,0
175,Customer_175,UAE,2022-02-18,0
176,Customer_176,Pakistan,2022-09-01,0
177,Customer_177,UAE,2022-12-04,1
178,Customer_178,India,2024-02-07,0
179,Customer_179,USA,2022-11-16,1
180,Customer_180,Pakistan,2024-01-18,1
181,Customer_181,Pakistan,2022-12-27,1
182,Customer_182,Pakistan,2023-04-15,1
183,Customer_183,USA,2023-01-31,0
184,Customer_184,USA,2023-04-05,0
185,Customer_185,Pakistan,2023-07-05,1
186,Customer_186,UAE,2022-02-26,1
187,Customer_187,UK,2022-10-20,1
188,Customer_188,India,2023-05-14,1
189,Customer_189,India,2023-07-24,0
190,Customer_190,Pakistan,2023-04-22,0
191,Customer_191,Pakistan,2023-01-12,1
192,Customer_192,USA,2023-05-08,0
193,Customer_193,USA,2023-02-15,0
194,Customer_194,UAE,2022-01-25,1
195,Customer_195,Pakistan,2023-10-02,0
196,Customer_196,Pakistan,2022-10-04,
197,Customer_197,UAE,2022-09-10,1
198,Customer_198,USA,2022-09-27,1
199,Customer_199,USA,2023-07-04,0
200,Customer_200,UK,2024-06-04,0
201,Customer_201,UAE,2022-12-29,1
202,Customer_202,Pakistan,2023-01-23,0
203,Customer_203,Pakistan,2023-03-07,0
204,Customer_204,USA,2023-12-21,0
205,Customer_205,UAE,2022-03-13,0
206,Customer_206,Pakistan,2023-07-17,0
207,Customer_207,Pakistan,2024-01-25,1
208,Customer_208,UAE,2023-04-01,0
209,Customer_209,Pakistan,2024-05-24,0
210,Customer_210,Pakistan,2022-06-12,1
211,Customer_211,India,2024-06-08,
212,Customer_212,UAE,2023-01-19,0
213,Customer_213,UAE,2024-06-14,0
214,Customer_214,Pakistan,2022-10-25,1
215,Customer_215,UAE,2022-04-15,
216,Customer_216,Pakistan,2022-01-06,1
217,Customer_217,Pakistan,2022-08-07,1
218,Customer_218,UAE,2023-07-19,0
219,Customer_219,UAE,2023-05-24,1
220,Customer_220,UK,2023-11-11,0
221,Customer_221,UAE,2024-01-13,1
222,Customer_222,India,2022-03-28,1
223,Customer_223,Pakistan,2022-01-01,
224,Customer_224,India,2022-03-29,0
225,Customer_225,Pakistan,2022-11-07,0
226,Customer_226,Pakistan,2022-03-23,1
227,Customer_227,,2022-01-08,1
228,Customer_228,India,2023-04-28,1
229,Customer_229,USA,2022-01-05,0
230,Customer_230,UAE,2023-10-26,0
231,Customer_231,UK,2024-03-28,1
232,Customer_232,India,2022-12-17,0
233,Customer_233,India,2022-04-30,1
234,Customer_234,India,2022-01-23,1
235,Customer_235,Pakistan,2022-04-24,1
236,Customer_236,UAE,2022-11-30,1
237,Customer_237,Pakistan,2022-03-03,1
238,Customer_238,Pakistan,2023-12-25,0
239,Customer_239,UAE,2022-12-07,1
240,Customer_240,Pakistan,2022-12-17,0
241,Customer_241,USA,2023-02-10,1
242,Customer_242,,2024-05-12,0
243,Customer_243,USA,2022-12-13,1
244,Customer_244,India,2023-03-01,0
245,Customer_245,Pakistan,2022-09-11,0
246,Customer_246,USA,2024-01-15,
247,Customer_247,India,2022-08-07,0
248,Customer_248,,2023-12-16,1
249,Customer_249,,2022-09-03,
250,Customer_250,USA,2023-12-27,0
251,Customer_251,Pakistan,2023-05-22,1
252,Customer_252,India,2023-04-27,0
253,Customer_253,USA,2023-10-25,0
254,Customer_254,Pakistan,2022-11-20,0
255,Customer_255,Pakistan,2023-10-30,
256,Customer_256,India,2024-01-27,0
257,Customer_257,USA,2022-09-14,1
258,Customer_258,UAE,2023-12-25,1
259,Customer_259,India,2023-12-05,1
260,Customer_260,Pakistan,2023-10-05,0
261,Customer_261,UAE,2022-06-09,1
262,Customer_262,,2023-05-02,1
263,Customer_263,Pakistan,2022-07-19,1
264,Customer_264,India,2022-09-19,
265,Customer_265,USA,2022-12-21,1
266,Customer_266,UAE,2022-12-20,0
267,Customer_267,UAE,2022-06-12,1
268,Customer_268,UAE,2023-10-07,0
269,Customer_269,India,2023-05-07,0
270,Customer_270,Pakistan,2023-02-28,1
271,Customer_271,UK,2023-12-12,0
272,Customer_272,UK,2024-03-04,0
273,Customer_273,USA,2022-02-15,
274,Customer_274,USA,2024-06-12,0
275,Customer_275,India,2023-12-24,
276,Customer_276,India,2024-04-20,1
277,Customer_277,UK,2022-04-12,1
278,Customer_278,UAE,2023-08-13,1
279,Customer_279,UAE,2024-06-10,0
280,Customer_280,UK,2024-01-19,0
281,Customer_281,USA,2022-02-12,0
282,Customer_282,Pakistan,2024-02-11,0
283,Customer_283,India,2024-04-25,
284,Customer_284,Pakistan,2024-06-17,1
285,Customer_285,India,2022-04-04,0
286,Customer_286,Pakistan,2022-11-22,0
287,Customer_287,India,2023-12-18,0
288,Customer_288,India,2022-02-10,0
289,Customer_289,Pakistan,2023-10-02,1
290,Customer_290,India,2022-08-27,0
291,Customer_291,Pakistan,2024-06-17,1
292,Customer_292,Pakistan,2022-05-28,0
293,Customer_293,UK,2022-09-17,0
294,Customer_294,India,2022-08-21,1
295,Customer_295,Pakistan,2024-01-12,1
296,Customer_296,India,2022-06-26,
297,Customer_297,UK,2023-05-24,1
298,Customer_298,Pakistan,2023-09-24,0
299,Customer_299,UAE,2024-05-27,0
300,Customer_300,Pakistan,2023-11-19,1
301,Customer_301,Pakistan,2022-04-18,
302,Customer_302,India,2024-03-06,1
303,Customer_303,India,2023-11-10,0
304,Customer_304,UAE,2022-08-18,
305,Customer_305,UAE,2022-09-08,0
306,Customer_306,,2023-02-17,1
307,Customer_307,India,2024-01-30,
308,Customer_308,Pakistan,2023-12-03,0
309,Customer_309,UK,2023-06-24,
310,Customer_310,Pakistan,2023-09-13,0
311,Customer_311,India,2022-05-08,
312,Customer_312,Pakistan,2022-10-17,0
313,Customer_313,Pakistan,2023-08-30,
314,Customer_314,,2023-01-31,0
315,Customer_315,UK,2022-06-16,1
316,Customer_316,UAE,2024-06-18,1
317,Customer_317,India,2022-08-07,1
318,Customer_318,Pakistan,2023-06-29,0
319,Customer_319,Pakistan,2022-11-22,1
320,Customer_320,Pakistan,2024-04-14,0
321,Customer_321,India,2023-05-14,1
322,Customer_322,UAE,2023-02-20,0
323,Customer_323,UAE,2023-12-23,
324,Customer_324,Pakistan,2022-07-29,0
325,Customer_325,,2022-06-10,0
326,Customer_326,UAE,2024-02-12,0
327,Customer_327,India,2022-09-27,0
328,Customer_328,UAE,2022-06-18,0
329,Customer_329,India,2023-02-11,1
330,Customer_330,Pakistan,2022-05-28,1
331,Customer_331,India,2023-06-15,1
332,Customer_332,UK,2022-02-12,1
333,Customer_333,Pakistan,2022-04-25,0
334,Customer_334,Pakistan,2024-03-31,1
335,Customer_335,Pakistan,2023-11-21,0
336,Customer_336,Pakistan,2022-03-18,1
337,Customer_337,USA,2022-09-24,0
338,Customer_338,UAE,2022-10-20,0
339,Customer_339,India,2023-06-19,0
340,Customer_340,Pakistan,2023-08-14,1
341,Customer_341,India,2023-10-07,0
342,Customer_342,India,2022-10-20,1
343,Customer_343,Pakistan,2024-06-03,0
344,Customer_344,India,2022-11-16,1
345,Customer_345,India,2023-05-07,
346,Customer_346,UAE,2022-10-04,0
347,Customer_347,UAE,2022-12-21,1
348,Customer_348,Pakistan,2024-04-24,
349,Customer_349,India,2023-07-16,1
350,Customer_350,UAE,2022-06-26,1
351,Customer_351,India,2023-11-21,1
352,Customer_352,USA,2023-03-12,1
353,Customer_353,UAE,2023-12-04,0
354,Customer_354,Pakistan,2023-01-16,1
355,Customer_355,Pakistan,2023-02-15,0
356,Customer_356,UAE,2022-12-15,0
357,Customer_357,Pakistan,2022-11-06,1
358,Customer_358,India,2022-10-21,0
359,Customer_359,USA,2022-04-21,0
360,Customer_360,India,2022-04-27,1
361,Customer_361,India,2022-05-24,1
362,Customer_362,UAE,2023-10-25,1
363,Customer_363,India,2023-11-10,
364,Customer_364,India,2022-01-23,1
365,Customer_365,USA,2023-03-04,0
366,Customer_366,India,2022-11-24,0
367,Customer_367,,2022-11-13,1
368,Customer_368,USA,2023-01-30,0
369,Customer_369,Pakistan,2024-06-09,1
370,Customer_370,Pakistan,2022-05-07,1
371,Customer_371,Pakistan,2023-07-05,0
372,Customer_372,Pakistan,2022-09-05,
373,Customer_373,Pakistan,2023-10-21,1
374,Customer_374,UAE,2023-07-19,1
375,Customer_375,Pakistan,2024-03-23,
376,Customer_376,Pakistan,2022-06-13,1
377,Customer_377,UK,2022-04-09,0
378,Customer_378,Pakistan,2024-02-03,1
379,Customer_379,UK,2023-11-18,1
380,Customer_380,Pakistan,2024-01-02,1
381,Customer_381,Pakistan,2023-04-25,1
382,Customer_382,UAE,2023-02-17,1
383,Customer_383,UAE,2023-02-23,0
384,Customer_384,USA,2022-05-26,1
385,Customer_385,UAE,2022-04-13,1
386,Customer_386,UK,2022-02-04,0
387,Customer_387,Pakistan,2022-01-25,0
388,Customer_388,Pakistan,2022-11-28,
389,Customer_389,UK,2022-02-23,1
390,Customer_390,UK,2022-09-28,1
391,Customer_391,,2023-11-15,1
392,Customer_392,India,2024-06-17,1
393,Customer_393,India,2024-05-20,1
394,Customer_394,UK,2022-02-16,1
395,Customer_395,Pakistan,2023-06-04,0
396,Customer_396,USA,2022-08-17,1
397,Customer_397,USA,2022-12-06,1
398,Customer_398,India,2024-03-03,1
399,Customer_399,UK,2023-08-06,1
400,Customer_400,UK,2023-08-18,1
401,Customer_401,Pakistan,2024-03-10,0
402,Customer_402,USA,2022-09-15,0
403,Customer_403,India,2023-05-23,0
404,Customer_404,UK,2023-05-30,0
405,Customer_405,Pakistan,2022-12-22,
406,Customer_406,USA,2022-09-10,0
407,Customer_407,India,2022-02-25,0
408,Customer_408,Pakistan,2022-07-02,1
409,Customer_409,USA,2024-06-14,1
410,Customer_410,Pakistan,2022-07-10,0
411,Customer_411,Pakistan,2023-10-09,1
412,Customer_412,,2022-08-09,1
413,Customer_413,,2024-01-19,0
414,Customer_414,India,2024-04-14,0
415,Customer_415,UAE,2022-01-18,
416,Customer_416,India,2023-02-27,1
417,Customer_417,Pakistan,2022-10-21,1
418,Customer_418,Pakistan,2023-02-15,0
419,Customer_419,UAE,2022-05-07,0
420,Customer_420,UK,2024-03-09,1
421,Customer_421,UK,2022-12-26,0
422,Customer_422,UK,2022-02-28,0
423,Customer_423,Pakistan,2024-05-28,1
424,Customer_424,India,2024-04-07,0
425,Customer_425,Pakistan,2022-08-29,1
426,Customer_426,India,2022-01-12,1
427,Customer_427,India,2022-10-02,0
428,Customer_428,USA,2023-08-04,1
429,Customer_429,India,2023-04-22,0
430,Customer_430,Pakistan,2022-12-07,1
431,Customer_431,Pakistan,2022-05-25,0
432,Customer_432,UK,2022-09-01,0
433,Customer_433,UAE,2023-10-01,1
434,Customer_434,Pakistan,2024-03-17,1
435,Customer_435,Pakistan,2024-04-29,
436,Customer_436,UAE,2023-08-18,0
437,Customer_437,Pakistan,2022-10-20,0
438,Customer_438,UK,2022-03-31,1
439,Customer_439,UAE,2023-12-04,1
440,Customer_440,Pakistan,2023-10-02,0
441,Customer_441,Pakistan,2022-06-06,1
442,Customer_442,,2024-03-03,1
443,Customer_443,India,2024-01-14,1
444,Customer_444,India,2023-06-07,
445,Customer_445,UK,2024-02-29,0
446,Customer_446,USA,2023-12-16,1
447,Customer_447,,2023-03-17,0
448,Customer_448,UK,2023-04-06,1
449,Customer_449,India,2022-03-04,1
450,Customer_450,Pakistan,2023-05-23,
451,Customer_451,UK,2023-06-16,1
452,Customer_452,India,2024-05-07,
453,Customer_453,India,2023-09-16,1
454,Customer_454,USA,2022-10-23,
455,Customer_455,Pakistan,2023-02-28,1
456,Customer_456,India,2024-02-06,1
457,Customer_457,Pakistan,2023-08-25,0
458,Customer_458,India,2023-08-20,0
459,Customer_459,Pakistan,2023-02-11,0
460,Customer_460,Pakistan,2022-02-10,1
461,Customer_461,Pakistan,2022-05-06,1
462,Customer_462,UAE,2022-08-12,1
463,Customer_463,UAE,2024-04-08,
464,Customer_464,India,2022-03-12,
465,Customer_465,,2024-03-16,0
466,Customer_466,India,2022-01-20,0
467,Customer_467,Pakistan,2022-02-06,0
468,Customer_468,USA,2022-05-11,0
469,Customer_469,Pakistan,2022-05-26,1
470,Customer_470,,2023-08-21,1
471,Customer_471,Pakistan,2023-07-22,1
472,Customer_472,,2024-04-10,1
473,Customer_473,Pakistan,2022-11-15,1
474,Customer_474,USA,2023-02-25,0
475,Customer_475,India,2023-11-09,1
476,Customer_476,,2023-02-05,0
477,Customer_477,Pakistan,2023-08-29,0
478,Customer_478,India,2022-10-25,0
479,Customer_479,,2022-04-08,1
480,Customer_480,India,2023-05-19,0
481,Customer_481,UAE,2023-06-11,0
482,Customer_482,UAE,2022-03-02,1
483,Customer_483,India,2024-05-15,1
484,Customer_484,UAE,2022-12-22,0
485,Customer_485,India,2022-11-13,0
486,Customer_486,USA,2022-11-09,1
487,Customer_487,Pakistan,2022-12-30,0
488,Customer_488,Pakistan,2022-10-29,
489,Customer_489,,2022-02-24,1
490,Customer_490,USA,2022-02-28,0
491,Customer_491,India,2024-06-09,0
492,Customer_492,UAE,2023-10-14,0
493,Customer_493,Pakistan,2023-12-09,0
494,Customer_494,Pakistan,2022-07-18,0
495,Customer_495,India,2023-12-22,1
496,Customer_496,India,2022-09-05,0
497,Customer_497,India,2023-10-21,1
498,Customer_498,Pakistan,2022-12-04,1
499,Customer_499,,2023-04-27,0
500,Customer_500,,2022-02-18,0
501,Customer_501,UAE,2022-11-16,0
502,Customer_502,India,2022-06-01,0
503,Customer_503,Pakistan,2024-04-04,1
504,Customer_504,UK,2022-08-07,0
505,Customer_505,UAE,2023-06-12,1
506,Customer_506,Pakistan,2023-12-14,0
507,Customer_507,USA,2024-04-21,1
508,Customer_508,UK,2023-01-01,1
509,Customer_509,USA,2023-09-28,1
510,Customer_510,UAE,2022-10-05,0
511,Customer_511,UAE,2022-02-22,0
512,Customer_512,India,2024-02-11,1
513,Customer_513,USA,2022-10-21,0
514,Customer_514,USA,2022-11-23,0
515,Customer_515,Pakistan,2024-04-24,1
516,Customer_516,Pakistan,2024-01-23,1
517,Customer_517,India,2022-06-05,1
518,Customer_518,UK,2022-02-05,1
519,Customer_519,,2023-07-11,1
520,Customer_520,Pakistan,2022-10-16,1
521,Customer_521,India,2023-03-30,1
522,Customer_522,India,2023-05-12,1
523,Customer_523,,2022-01-28,1
524,Customer_524,UK,2023-11-30,0
525,Customer_525,UK,2023-02-25,0
526,Customer_526,India,2022-10-30,1
527,Customer_527,India,2023-08-04,1
528,Customer_528,Pakistan,2023-12-04,0
529,Customer_529,Pakistan,2024-04-16,1
530,Customer_530,USA,2023-06-06,0
531,Customer_531,UK,2024-01-30,1
532,Customer_532,,2022-10-09,1
533,Customer_533,,2022-03-27,
534,Customer_534,India,2022-04-03,0
535,Customer_535,UK,2024-04-24,1
536,Customer_536,USA,2022-03-28,0
537,Customer_537,UK,2022-11-17,0
538,Customer_538,Pakistan,2023-01-05,0
539,Customer_539,India,2024-01-01,1
540,Customer_540,Pakistan,2023-07-02,1
541,Customer_541,,2022-07-18,0
542,Customer_542,UAE,2023-03-10,1
543,Customer_543,Pakistan,2023-02-25,1
544,Customer_544,UAE,2022-12-24,1
545,Customer_545,UAE,2023-07-02,
546,Customer_546,India,2023-12-21,0
547,Customer_547,Pakistan,2022-04-12,
548,Customer_548,UAE,2024-01-15,1
549,Customer_549,India,2024-01-09,0
550,Customer_550,UK,2023-11-26,0
551,Customer_551,India,2023-07-13,0
552,Customer_552,USA,2023-08-23,0
553,Customer_553,India,2023-07-13,1
554,Customer_554,India,2023-02-09,1
555,Customer_555,USA,2023-01-13,1
556,Customer_556,India,2022-03-19,1
557,Customer_557,Pakistan,2022-09-14,0
558,Customer_558,Pakistan,2023-08-23,1
559,Customer_559,UK,2023-05-18,0
560,Customer_560,UAE,2023-11-28,
561,Customer_561,UAE,2023-10-21,0
562,Customer_562,Pakistan,2024-06-15,
563,Customer_563,Pakistan,2022-03-14,0
564,Customer_564,Pakistan,2023-03-13,0
565,Customer_565,India,2022-04-23,0
566,Customer_566,India,2022-10-10,1
567,Customer_567,India,2024-01-06,1
568,Customer_568,India,2023-06-28,0
569,Customer_569,USA,2022-05-31,
570,Customer_570,Pakistan,2023-03-29,1
571,Customer_571,India,2023-06-16,1
572,Customer_572,UK,2024-05-20,1
573,Customer_573,India,2022-01-31,0
574,Customer_574,UAE,2022-01-10,0
575,Customer_575,USA,2024-01-16,
576,Customer_576,USA,2022-09-17,
577,Customer_577,Pakistan,2022-10-29,
578,Customer_578,USA,2023-09-06,
579,Customer_579,India,2024-04-01,0
580,Customer_580,Pakistan,2023-03-03,1
581,Customer_581,India,2023-03-08,0
582,Customer_582,,2022-05-10,
583,Customer_583,India,2022-02-22,1
584,Customer_584,Pakistan,2023-12-06,1
585,Customer_585,UAE,2022-06-17,1
586,Customer_586,Pakistan,2023-02-08,0
587,Customer_587,Pakistan,2024-01-11,0
588,Customer_588,Pakistan,2022-08-03,1
589,Customer_589,Pakistan,2023-01-19,1
590,Customer_590,Pakistan,2023-02-03,0
591,Customer_591,Pakistan,2024-01-01,1
592,Customer_592,UAE,2023-02-27,1
593,Customer_593,Pakistan,2022-04-29,0
594,Customer_594,Pakistan,2022-10-31,0
595,Customer_595,USA,2023-09-17,1
596,Customer_596,India,2023-08-21,1
597,Customer_597,UAE,2024-06-01,1
598,Customer_598,Pakistan,2022-09-11,1
599,Customer_599,Pakistan,2022-03-28,0
600,Customer_600,Pakistan,2022-10-26,1
601,Customer_601,Pakistan,2022-09-05,0
602,Customer_602,Pakistan,2022-02-16,0
603,Customer_603,Pakistan,2023-04-09,1
604,Customer_604,Pakistan,2022-01-11,
605,Customer_605,Pakistan,2024-02-28,0
606,Customer_606,India,2022-10-31,0
607,Customer_607,Pakistan,2022-08-28,1
608,Customer_608,India,2023-08-15,1
609,Customer_609,India,2022-08-25,1
610,Customer_610,UAE,2022-06-19,1
611,Customer_611,Pakistan,2024-04-16,1
612,Customer_612,UK,2022-09-17,1
613,Customer_613,UAE,2022-01-08,0
614,Customer_614,Pakistan,2023-10-09,0
615,Customer_615,USA,2023-06-14,0
616,Customer_616,USA,2024-01-24,1
617,Customer_617,Pakistan,2022-05-08,
618,Customer_618,Pakistan,2023-09-10,1
619,Customer_619,UK,2024-06-09,0
620,Customer_620,UAE,2023-11-24,0
621,Customer_621,Pakistan,2023-11-28,0
622,Customer_622,Pakistan,2022-04-14,0
623,Customer_623,India,2023-02-08,1
624,Customer_624,India,2022-05-02,
625,Customer_625,UAE,2023-01-28,
626,Customer_626,India,2022-11-25,1
627,Customer_627,India,2023-01-09,1
628,Customer_628,UAE,2022-07-09,1
629,Customer_629,Pakistan,2023-02-22,0
630,Customer_630,Pakistan,2024-02-29,1
631,Customer_631,UAE,2022-09-08,1
632,Customer_632,USA,2024-04-22,1
633,Customer_633,India,2022-10-31,0
634,Customer_634,India,2024-05-13,0
635,Customer_635,Pakistan,2023-01-25,0
636,Customer_636,India,2022-12-14,
637,Customer_637,India,2024-04-30,0
638,Customer_638,Pakistan,2022-11-07,1
639,Customer_639,Pakistan,2022-01-28,1
640,Customer_640,India,2023-10-19,0
641,Customer_641,Pakistan,2022-07-14,1
642,Customer_642,Pakistan,2022-02-16,1
643,Customer_643,Pakistan,2023-06-29,1
644,Customer_644,Pakistan,2022-03-17,
645,Customer_645,Pakistan,2022-06-29,0
646,Customer_646,USA,2023-09-25,0
647,Customer_647,India,2022-01-07,1
648,Customer_648,UAE,2023-10-06,1
649,Customer_649,UK,2024-01-29,
650,Customer_650,India,2024-05-15,1
651,Customer_651,Pakistan,2023-02-07,
652,Customer_652,India,2022-08-14,1
653,Customer_653,India,2024-06-02,1
654,Customer_654,UAE,2022-01-22,1
655,Customer_655,India,2022-09-30,0
656,Customer_656,Pakistan,2023-09-15,
657,Customer_657,Pakistan,2022-05-24,0
658,Customer_658,India,2023-01-06,1
659,Customer_659,UAE,2022-07-14,0
660,Customer_660,India,2024-06-03,1
661,Customer_661,India,2023-12-14,1
662,Customer_662,,2023-06-20,0
663,Customer_663,UAE,2023-08-08,1
664,Customer_664,Pakistan,2022-07-01,0
665,Customer_665,Pakistan,2023-10-24,1
666,Customer_666,Pakistan,2022-06-04,0
667,Customer_667,Pakistan,2022-12-28,0
668,Customer_668,Pakistan,2022-04-15,0
669,Customer_669,Pakistan,2023-04-25,1
670,Customer_670,Pakistan,2022-01-27,0
671,Customer_671,Pakistan,2022-07-28,
672,Customer_672,USA,2022-01-07,0
673,Customer_673,Pakistan,2023-03-25,0
674,Customer_674,India,2024-03-31,0
675,Customer_675,India,2022-07-01,0
676,Customer_676,,2024-01-10,1
677,Customer_677,Pakistan,2022-01-20,1
678,Customer_678,India,2023-07-29,1
679,Customer_679,,2023-02-04,0
680,Customer_680,USA,2024-04-25,0
681,Customer_681,UK,2024-03-25,1
682,Customer_682,Pakistan,2022-01-06,
683,Customer_683,Pakistan,2023-08-02,0
684,Customer_684,UAE,2023-05-25,1
685,Customer_685,USA,2022-05-07,0
686,Customer_686,India,2023-09-16,0
687,Customer_687,India,2022-08-27,1
688,Customer_688,Pakistan,2023-12-29,0
689,Customer_689,UK,2022-09-02,1
690,Customer_690,Pakistan,2023-04-07,0
691,Customer_691,Pakistan,2024-03-12,1
692,Customer_692,India,2024-02-24,0
693,Customer_693,India,2024-03-01,
694,Customer_694,Pakistan,2023-10-01,0
695,Customer_695,Pakistan,2024-04-02,1
696,Customer_696,UAE,2022-01-10,1
697,Customer_697,Pakistan,2022-07-22,
698,Customer_698,India,2022-07-31,1
699,Customer_699,Pakistan,2023-12-07,1
700,Customer_700,India,2023-09-26,0
701,Customer_701,India,2022-09-01,0
702,Customer_702,Pakistan,2022-10-29,0
703,Customer_703,Pakistan,2022-06-27,0
704,Customer_704,Pakistan,2023-12-13,
705,Customer_705,Pakistan,2023-09-03,0
706,Customer_706,,2023-05-23,1
707,Customer_707,Pakistan,2024-04-12,1
708,Customer_708,UK,2023-04-08,1
709,Customer_709,Pakistan,2022-08-17,1
710,Customer_710,UAE,2023-06-16,0
711,Customer_711,UK,2022-10-15,1
712,Customer_712,India,2022-09-05,0
713,Customer_713,India,2022-01-28,
714,Customer_714,India,2022-03-31,1
715,Customer_715,Pakistan,2024-02-27,
716,Customer_716,USA,2022-08-23,0
717,Customer_717,UK,2023-03-06,0
718,Customer_718,,2023-05-15,0
719,Customer_719,Pakistan,2023-03-22,0
720,Customer_720,UAE,2023-01-04,0
721,Customer_721,USA,2022-02-20,1
722,Customer_722,Pakistan,2023-05-29,0
723,Customer_723,Pakistan,2022-01-02,1
724,Customer_724,UAE,2024-01-12,1
725,Customer_725,India,2022-03-24,1
726,Customer_726,UK,2023-08-26,0
727,Customer_727,Pakistan,2022-07-30,0
728,Customer_728,UK,2023-02-07,1
729,Customer_729,Pakistan,2023-05-31,0
730,Customer_730,Pakistan,2023-07-18,1
731,Customer_731,Pakistan,2023-03-05,0
732,Customer_732,UK,2024-04-24,1
733,Customer_733,UAE,2024-04-13,1
734,Customer_734,India,2022-11-04,1
735,Customer_735,India,2022-12-13,0
736,Customer_736,USA,2022-11-22,0
737,Customer_737,India,2024-01-27,1
738,Customer_738,UK,2022-12-24,1
739,Customer_739,India,2023-02-24,0
740,Customer_740,India,2023-06-19,0
741,Customer_741,India,2022-08-18,0
742,Customer_742,Pakistan,2022-02-05,1
743,Customer_743,UAE,2022-06-10,0
744,Customer_744,India,2022-02-05,1
745,Customer_745,Pakistan,2022-12-29,1
746,Customer_746,USA,2022-11-29,1
747,Customer_747,India,2023-06-09,1
748,Customer_748,India,2023-08-19,1
749,Customer_749,USA,2022-02-14,1
750,Customer_750,UAE,2024-03-29,0
751,Customer_751,Pakistan,2022-11-17,0
752,Customer_752,USA,2022-01-26,1
753,Customer_753,UAE,2023-04-06,1
754,Customer_754,Pakistan,2024-02-18,1
755,Customer_755,Pakistan,2024-05-02,0
756,Customer_756,UK,2024-04-11,1
757,Customer_757,UAE,2024-01-19,0
758,Customer_758,India,2022-11-14,1
759,Customer_759,USA,2023-04-26,0
760,Customer_760,UK,2023-09-24,1
761,Customer_761,Pakistan,2022-12-30,0
762,Customer_762,Pakistan,2023-03-17,0
763,Customer_763,Pakistan,2023-11-20,1
764,Customer_764,UAE,2023-07-14,0
765,Customer_765,Pakistan,2022-11-03,1
766,Customer_766,India,2023-09-05,1
767,Customer_767,UK,2022-09-26,1
768,Customer_768,USA,2023-10-27,0
769,Customer_769,Pakistan,2022-02-18,1
770,Customer_770,UK,2022-04-30,1
771,Customer_771,Pakistan,2024-04-03,1
772,Customer_772,UK,2022-03-23,1
773,Customer_773,Pakistan,2022-11-18,0
774,Customer_774,India,2022-08-30,0
775,Customer_775,UK,2023-08-28,0
776,Customer_776,Pakistan,2024-03-14,0
777,Customer_777,Pakistan,2023-10-19,0
778,Customer_778,UAE,2023-03-20,1
779,Customer_779,UAE,2022-05-02,1
780,Customer_780,UAE,2022-09-11,0
781,Customer_781,UAE,2023-01-06,
782,Customer_782,India,2022-03-02,1
783,Customer_783,Pakistan,2023-03-01,
784,Customer_784,Pakistan,2024-05-28,1
785,Customer_785,Pakistan,2022-01-13,1
786,Customer_786,USA,2023-04-01,0
787,Customer_787,India,2022-08-13,0
788,Customer_788,India,2023-10-25,0
789,Customer_789,India,2023-12-10,1
790,Customer_790,USA,2023-06-02,0
791,Customer_791,Pakistan,2022-04-11,1
792,Customer_792,India,2024-05-08,0
793,Customer_793,India,2024-04-11,1
794,Customer_794,UAE,2022-01-09,0
795,Customer_795,Pakistan,2023-12-14,0
796,Customer_796,USA,2022-07-25,0
797,Customer_797,USA,2023-02-18,0
798,Customer_798,India,2022-08-09,0
799,Customer_799,UAE,2023-04-19,1
800,Customer_800,USA,2023-11-20,0
801,Customer_801,UAE,2023-02-20,0
802,Customer_802,Pakistan,2022-05-15,1
803,Customer_803,India,2022-03-26,0
804,Customer_804,UAE,2022-05-03,
805,Customer_805,India,2022-10-03,
806,Customer_806,UAE,2023-02-03,0
807,Customer_807,USA,2024-03-04,0
808,Customer_808,USA,2023-05-18,0
809,Customer_809,India,2022-05-10,1
810,Customer_810,Pakistan,2023-03-27,1
811,Customer_811,,2022-09-09,1
812,Customer_812,UK,2022-10-08,1
813,Customer_813,Pakistan,2023-01-03,0
814,Customer_814,USA,2023-03-20,1
815,Customer_815,USA,2022-02-05,1
816,Customer_816,India,2022-11-29,1
817,Customer_817,India,2023-04-29,1
818,Customer_818,India,2023-12-11,1
819,Customer_819,Pakistan,2023-02-10,0
820,Customer_820,Pakistan,2022-03-09,0
821,Customer_821,UK,2024-03-09,1
822,Customer_822,Pakistan,2022-07-26,0
823,Customer_823,Pakistan,2024-04-17,
824,Customer_824,India,2022-09-26,0
825,Customer_825,India,2022-04-18,1
826,Customer_826,USA,2023-05-31,1
827,Customer_827,Pakistan,2024-02-12,0
828,Customer_828,Pakistan,2022-10-24,
829,Customer_829,UAE,2022-12-14,1
830,Customer_830,India,2023-03-27,1
831,Customer_831,Pakistan,2022-03-22,0
832,Customer_832,India,2022-11-23,0
833,Customer_833,Pakistan,2023-10-23,0
834,Customer_834,Pakistan,2024-04-03,0
835,Customer_835,India,2023-04-03,1
836,Customer_836,India,2023-08-21,
837,Customer_837,USA,2024-02-05,1
838,Customer_838,India,2023-01-15,1
839,Customer_839,India,2023-03-07,1
840,Customer_840,UAE,2022-08-07,1
841,Customer_841,Pakistan,2024-02-27,1
842,Customer_842,UAE,2022-05-15,1
843,Customer_843,Pakistan,2022-02-19,1
844,Customer_844,,2023-09-19,0
845,Customer_845,Pakistan,2022-10-31,0
846,Customer_846,India,2024-01-30,1
847,Customer_847,Pakistan,2024-05-28,1
848,Customer_848,,2022-08-27,1
849,Customer_849,India,2023-10-03,
850,Customer_850,India,2023-01-29,0
851,Customer_851,Pakistan,2023-06-24,1
852,Customer_852,UAE,2022-12-29,0
853,Customer_853,Pakistan,2023-09-12,1
854,Customer_854,USA,2024-04-06,1
855,Customer_855,Pakistan,2022-06-07,0
856,Customer_856,Pakistan,2022-10-14,1
857,Customer_857,Pakistan,2023-07-09,1
858,Customer_858,India,2023-08-08,0
859,Customer_859,India,2023-07-24,1
860,Customer_860,Pakistan,2024-02-11,1
861,Customer_861,UK,2023-04-12,
862,Customer_862,India,2022-02-05,0
863,Customer_863,India,2022-09-09,0
864,Customer_864,India,2022-01-13,1
865,Customer_865,India,2022-10-21,0
866,Customer_866,India,2022-06-18,
867,Customer_867,Pakistan,2022-08-23,0
868,Customer_868,Pakistan,2023-01-05,1
869,Customer_869,USA,2023-12-05,1
870,Customer_870,USA,2022-06-15,0
871,Customer_871,India,2023-04-16,0
872,Customer_872,Pakistan,2022-03-13,1
873,Customer_873,UAE,2024-05-31,1
874,Customer_874,India,2023-10-13,0
875,Customer_875,Pakistan,2023-03-19,
876,Customer_876,Pakistan,2024-06-10,0
877,Customer_877,UAE,2022-06-09,0
878,Customer_878,UAE,2022-03-15,1
879,Customer_879,Pakistan,2022-04-25,0
880,Customer_880,Pakistan,2022-03-22,
881,Customer_881,Pakistan,2024-05-21,0
882,Customer_882,UAE,2023-02-10,0
883,Customer_883,Pakistan,2024-02-18,0
884,Customer_884,Pakistan,2023-10-05,1
885,Customer_885,UK,2023-09-21,1
886,Customer_886,Pakistan,2022-10-17,1
887,Customer_887,UAE,2022-08-21,0
888,Customer_888,Pakistan,2022-08-30,0
889,Customer_889,Pakistan,2024-02-06,1
890,Customer_890,Pakistan,2023-05-26,0
891,Customer_891,UAE,2024-06-13,1
892,Customer_892,USA,2022-11-13,0
893,Customer_893,UK,2024-01-23,1
894,Customer_894,India,2022-04-18,0
895,Customer_895,UAE,2022-11-25,1
896,Customer_896,Pakistan,2023-07-03,0
897,Customer_897,Pakistan,2022-07-08,0
898,Customer_898,USA,2023-07-05,0
899,Customer_899,Pakistan,2022-12-20,0
900,Customer_900,Pakistan,2023-09-30,0
901,Customer_901,Pakistan,2023-01-15,1
902,Customer_902,Pakistan,2024-02-12,1
903,Customer_903,Pakistan,2023-07-17,1
904,Customer_904,India,2022-07-04,1
905,Customer_905,India,2023-01-27,1
906,Customer_906,USA,2023-09-07,0
907,Customer_907,UK,2022-06-22,1
908,Customer_908,Pakistan,2022-09-26,0
909,Customer_909,Pakistan,2022-06-30,1
910,Customer_910,India,2024-06-06,0
911,Customer_911,India,2023-01-18,0
912,Customer_912,Pakistan,2024-05-26,1
913,Customer_913,UAE,2023-09-13,0
914,Customer_914,India,2024-01-03,1
915,Customer_915,India,2022-07-27,1
916,Customer_916,India,2024-05-13,0
917,Customer_917,Pakistan,2022-03-17,0
918,Customer_918,USA,2024-01-15,1
919,Customer_919,UK,2024-06-03,1
920,Customer_920,Pakistan,2024-04-17,0
921,Customer_921,USA,2022-10-31,1
922,Customer_922,India,2022-03-03,1
923,Customer_923,USA,2022-07-16,0
924,Customer_924,UK,2024-04-13,0
925,Customer_925,India,2023-05-10,1
926,Customer_926,Pakistan,2022-07-02,0
927,Customer_927,Pakistan,2022-03-15,1
928,Customer_928,India,2023-10-18,0
929,Customer_929,UAE,2022-01-17,1
930,Customer_930,Pakistan,2022-11-07,1
931,Customer_931,Pakistan,2023-11-23,1
932,Customer_932,UK,2022-09-13,0
933,Customer_933,,2022-06-21,0
934,Customer_934,India,2023-12-09,1
935,Customer_935,Pakistan,2023-07-02,0
936,Customer_936,Pakistan,2022-12-31,0
937,Customer_937,Pakistan,2023-07-09,
938,Customer_938,USA,2024-03-26,0
939,Customer_939,Pakistan,2022-01-08,0
940,Customer_940,India,2024-05-02,0
941,Customer_941,Pakistan,2023-12-26,1
942,Customer_942,India,2023-12-12,1
943,Customer_943,UAE,2022-10-15,0
944,Customer_944,UK,2022-01-21,0
945,Customer_945,Pakistan,2023-05-06,0
946,Customer_946,Pakistan,2024-05-31,1
947,Customer_947,Pakistan,2023-03-21,0
948,Customer_948,USA,2022-12-30,
949,Customer_949,USA,2022-02-08,0
950,Customer_950,India,2022-06-24,
951,Customer_951,UAE,2022-05-06,0
952,Customer_952,UAE,2022-08-02,1
953,Customer_953,Pakistan,2023-08-10,0
954,Customer_954,USA,2022-10-06,0
955,Customer_955,India,2022-09-18,1
956,Customer_956,India,2023-03-16,1
957,Customer_957,India,2024-03-08,0
958,Customer_958,Pakistan,2023-07-30,1
959,Customer_959,Pakistan,2022-11-03,1
960,Customer_960,UAE,2024-04-06,1
961,Customer_961,Pakistan,2024-04-10,0
962,Customer_962,UAE,2023-07-11,1
963,Customer_963,Pakistan,2024-01-19,1
964,Customer_964,India,2023-04-10,0
965,Customer_965,Pakistan,2022-01-25,1
966,Customer_966,India,2023-03-09,0
967,Customer_967,UAE,2023-02-24,0
968,Customer_968,Pakistan,2023-06-06,1
969,Customer_969,India,2022-02-14,1
970,Customer_970,India,2024-03-08,0
971,Customer_971,UAE,2022-06-06,0
972,Customer_972,USA,2023-04-05,
973,Customer_973,UAE,2022-12-23,0
974,Customer_974,Pakistan,2023-10-06,1
975,Customer_975,Pakistan,2022-08-11,1
976,Customer_976,Pakistan,2023-10-12,0
977,Customer_977,India,2023-11-13,
978,Customer_978,Pakistan,2022-07-21,1
979,Customer_979,India,2023-11-26,1
980,Customer_980,India,2023-11-23,1
981,Customer_981,Pakistan,2024-03-06,1
982,Customer_982,UK,2022-03-27,1
983,Customer_983,Pakistan,2022-08-07,1
984,Customer_984,Pakistan,2023-01-14,0
985,Customer_985,UAE,2023-12-11,0
986,Customer_986,India,2024-04-18,0
987,Customer_987,UAE,2024-04-27,0
988,Customer_988,India,2024-03-18,0
989,Customer_989,Pakistan,2023-03-28,1
990,Customer_990,UK,2022-09-03,1
991,Customer_991,UK,2022-05-18,1
992,Customer_992,UAE,2023-04-12,1
993,Customer_993,Pakistan,2022-12-25,1
994,Customer_994,India,2024-04-09,1
995,Customer_995,India,2022-05-17,1
996,Customer_996,Pakistan,2024-02-27,0
997,Customer_997,USA,2022-10-12,
998,Customer_998,Pakistan,2022-04-30,1
999,Customer_999,,2022-01-28,0
1000,Customer_1000,India,2023-10-29,1
1001,Customer_1001,Pakistan,2024-03-15,1
1002,Customer_1002,India,2022-08-23,0
1003,Customer_1003,USA,2022-11-15,1
1004,Customer_1004,UAE,2024-02-09,0
1005,Customer_1005,UK,2024-02-29,0
1006,Customer_1006,UAE,2023-09-16,
1007,Customer_1007,UAE,2024-03-12,1
1008,Customer_1008,UK,2023-08-19,1
1009,Customer_1009,Pakistan,2024-04-18,1
1010,Customer_1010,India,2022-01-04,0
1011,Customer_1011,Pakistan,2022-09-03,1
1012,Customer_1012,,2022-09-15,1
1013,Customer_1013,USA,2023-10-24,
1014,Customer_1014,Pakistan,2022-01-07,0
1015,Customer_1015,UAE,2022-07-15,1
1016,Customer_1016,USA,2022-12-04,
1017,Customer_1017,Pakistan,2022-11-19,1
1018,Customer_1018,India,2022-02-14,
1019,Customer_1019,USA,2022-11-01,0
1020,Customer_1020,Pakistan,2022-06-07,
1021,Customer_1021,UAE,2022-12-10,1
1022,Customer_1022,Pakistan,2023-06-20,0
1023,Customer_1023,USA,2024-01-25,
1024,Customer_1024,,2023-06-01,1
1025,Customer_1025,USA,2023-01-04,1
1026,Customer_1026,India,2022-01-08,1
1027,Customer_1027,USA,2024-04-06,0
1028,Customer_1028,UK,2024-05-25,1
1029,Customer_1029,Pakistan,2022-11-03,1
1030,Customer_1030,UK,2024-01-31,0
1031,Customer_1031,Pakistan,2023-01-22,0
1032,Customer_1032,India,2023-02-12,0
1033,Customer_1033,Pakistan,2022-06-19,0
1034,Customer_1034,Pakistan,2022-03-12,1
1035,Customer_1035,Pakistan,2023-03-02,1
1036,Customer_1036,UAE,2023-06-06,
1037,Customer_1037,Pakistan,2024-01-01,1
1038,Customer_1038,UAE,2022-09-12,0
1039,Customer_1039,Pakistan,2022-12-30,
1040,Customer_1040,Pakistan,2022-11-18,1
1041,Customer_1041,India,2022-07-06,1
1042,Customer_1042,UK,2023-01-19,1
1043,Customer_1043,Pakistan,2022-06-11,
1044,Customer_1044,UAE,2023-03-13,1
1045,Customer_1045,USA,2022-08-21,0
1046,Customer_1046,UAE,2022-06-19,1
1047,Customer_1047,Pakistan,2022-01-15,0
1048,Customer_1048,Pakistan,2023-04-01,0
1049,Customer_1049,USA,2022-05-09,0
1050,Customer_1050,Pakistan,2024-05-17,0
1051,Customer_1051,USA,2022-08-04,0
1052,Customer_1052,India,2023-01-20,0
1053,Customer_1053,USA,2022-11-02,1
1054,Customer_1054,UK,2022-02-22,1
1055,Customer_1055,,2023-12-14,
1056,Customer_1056,India,2022-02-17,0
1057,Customer_1057,UK,2023-10-31,1
1058,Customer_1058,India,2023-06-08,
1059,Customer_1059,India,2024-06-10,0
1060,Customer_1060,UAE,2023-04-09,1
1061,Customer_1061,USA,2023-04-13,1
1062,Customer_1062,,2023-09-13,0
1063,Customer_1063,UK,2022-07-25,1
1064,Customer_1064,India,2022-03-11,1
1065,Customer_1065,India,2023-10-04,0
1066,Customer_1066,UAE,2022-06-17,0
1067,Customer_1067,Pakistan,2022-08-01,0
1068,Customer_1068,Pakistan,2022-04-05,0
1069,Customer_1069,India,2022-11-12,1
1070,Customer_1070,Pakistan,2023-03-06,1
1071,Customer_1071,Pakistan,2022-06-04,0
1072,Customer_1072,Pakistan,2023-10-18,
1073,Customer_1073,Pakistan,2022-12-19,0
1074,Customer_1074,Pakistan,2024-03-10,0
1075,Customer_1075,,2022-02-02,0
1076,Customer_1076,India,2023-10-15,1
1077,Customer_1077,India,2022-02-13,0
1078,Customer_1078,UAE,2023-11-08,0
1079,Customer_1079,Pakistan,2024-03-21,0
1080,Customer_1080,USA,2022-10-29,1
1081,Customer_1081,UK,2022-09-22,
1082,Customer_1082,Pakistan,2023-04-21,0
1083,Customer_1083,India,2022-04-27,0
1084,Customer_1084,USA,2022-09-08,1
1085,Customer_1085,USA,2022-02-25,1
1086,Customer_1086,India,2023-02-21,0
1087,Customer_1087,UAE,2022-04-03,
1088,Customer_1088,Pakistan,2022-08-30,1
1089,Customer_1089,,2024-03-19,1
1090,Customer_1090,Pakistan,2023-03-08,1
1091,Customer_1091,USA,2022-02-04,
1092,Customer_1092,UAE,2022-10-16,1
1093,Customer_1093,UAE,2023-03-04,0
1094,Customer_1094,India,2023-11-02,0
1095,Customer_1095,Pakistan,2024-02-02,1
1096,Customer_1096,Pakistan,2022-10-10,0
1097,Customer_1097,Pakistan,2022-07-16,1
1098,Customer_1098,Pakistan,2023-03-02,1
1099,Customer_1099,UK,2023-05-26,1
1100,Customer_1100,India,2024-02-07,
1101,Customer_1101,Pakistan,2022-09-26,0
1102,Customer_1102,,2023-04-06,1
1103,Customer_1103,USA,2023-11-27,1
1104,Customer_1104,USA,2023-12-28,0
1105,Customer_1105,,2022-12-07,1
1106,Customer_1106,Pakistan,2024-03-22,0
1107,Customer_1107,India,2022-03-05,1
1108,Customer_1108,UK,2023-01-18,1
1109,Customer_1109,UAE,2022-01-16,0
1110,Customer_1110,Pakistan,2022-08-10,1
1111,Customer_1111,UK,2023-08-21,1
1112,Customer_1112,Pakistan,2024-01-07,0
1113,Customer_1113,Pakistan,2022-10-01,0
1114,Customer_1114,India,2023-08-03,0
1115,Customer_1115,India,2023-02-22,1
1116,Customer_1116,India,2023-03-14,1
1117,Customer_1117,Pakistan,2023-05-12,
1118,Customer_1118,USA,2022-01-24,1
1119,Customer_1119,Pakistan,2023-07-29,1
1120,Customer_1120,Pakistan,2023-11-04,0
1121,Customer_1121,USA,2023-08-08,1
1122,Customer_1122,,2022-07-28,0
1123,Customer_1123,USA,2024-06-16,0
1124,Customer_1124,UK,2024-03-24,1
1125,Customer_1125,UAE,2024-02-03,0
1126,Customer_1126,India,2022-06-25,1
1127,Customer_1127,Pakistan,2023-10-13,1
1128,Customer_1128,India,2023-05-20,0
1129,Customer_1129,India,2023-01-27,0
1130,Customer_1130,Pakistan,2022-08-01,1
1131,Customer_1131,UAE,2022-12-28,1
1132,Customer_1132,India,2023-03-16,0
1133,Customer_1133,Pakistan,2022-11-10,0
1134,Customer_1134,Pakistan,2022-10-14,1
1135,Customer_1135,UAE,2023-01-24,1
1136,Customer_1136,Pakistan,2023-03-09,0
1137,Customer_1137,USA,2024-06-18,0
1138,Customer_1138,India,2023-08-04,1
1139,Customer_1139,India,2022-10-13,1
1140,Customer_1140,India,2023-11-29,
1141,Customer_1141,UK,2024-03-01,1
1142,Customer_1142,Pakistan,2022-07-11,
1143,Customer_1143,UAE,2022-05-27,0
1144,Customer_1144,India,2023-07-29,1
1145,Customer_1145,Pakistan,2023-07-12,0
1146,Customer_1146,USA,2022-07-01,1
1147,Customer_1147,UK,2023-11-06,1
1148,Customer_1148,UAE,2024-04-28,0
1149,Customer_1149,USA,2022-07-31,1
1150,Customer_1150,USA,2022-02-08,1
1151,Customer_1151,UAE,2024-05-18,0
1152,Customer_1152,UK,2022-03-12,1
1153,Customer_1153,UAE,2022-12-21,0
1154,Customer_1154,UAE,2023-07-25,0
1155,Customer_1155,UAE,2022-12-20,1
1156,Customer_1156,UK,2022-06-19,0
1157,Customer_1157,Pakistan,2022-09-16,
1158,Customer_1158,USA,2022-03-23,0
1159,Customer_1159,USA,2022-06-05,1
1160,Customer_1160,Pakistan,2023-03-20,1
1161,Customer_1161,UK,2023-12-01,0
1162,Customer_1162,Pakistan,2024-04-27,0
1163,Customer_1163,Pakistan,2023-02-11,1
1164,Customer_1164,UAE,2022-08-12,1
1165,Customer_1165,Pakistan,2022-11-08,0
1166,Customer_1166,UK,2024-03-10,1
1167,Customer_1167,UK,2022-12-29,0
1168,Customer_1168,India,2023-04-24,0
1169,Customer_1169,Pakistan,2022-03-24,1
1170,Customer_1170,Pakistan,2022-10-02,0
1171,Customer_1171,UAE,2023-05-05,1
1172,Customer_1172,,2023-01-05,1
1173,Customer_1173,UAE,2022-08-19,
1174,Customer_1174,Pakistan,2023-10-01,1
1175,Customer_1175,UAE,2024-04-03,
1176,Customer_1176,India,2022-08-24,1
1177,Customer_1177,UK,2023-10-24,1
1178,Customer_1178,Pakistan,2022-10-24,
1179,Customer_1179,UK,2023-05-06,1
1180,Customer_1180,India,2022-06-18,0
1181,Customer_1181,,2023-06-12,1
1182,Customer_1182,Pakistan,2022-01-25,
1183,Customer_1183,UAE,2023-02-09,1
1184,Customer_1184,USA,2022-05-20,1
1185,Customer_1185,Pakistan,2022-01-20,1
1186,Customer_1186,USA,2023-12-07,
1187,Customer_1187,UAE,2023-03-09,0
1188,Customer_1188,Pakistan,2022-04-28,1
1189,Customer_1189,Pakistan,2023-06-27,0
1190,Customer_1190,UAE,2022-05-06,1
1191,Customer_1191,Pakistan,2022-07-24,1
1192,Customer_1192,India,2024-03-01,0
1193,Customer_1193,Pakistan,2022-07-12,0
1194,Customer_1194,UAE,2022-03-15,1
1195,Customer_1195,Pakistan,2024-04-21,0
1196,Customer_1196,USA,2024-03-30,0
1197,Customer_1197,,2023-08-18,1
1198,Customer_1198,,2023-12-31,0
1199,Customer_1199,UAE,2023-06-09,1
1200,Customer_1200,Pakistan,2023-12-15,
1201,Customer_1201,UK,2023-11-14,0
1202,Customer_1202,Pakistan,2022-06-27,0
1203,Customer_1203,Pakistan,2023-10-04,1
1204,Customer_1204,Pakistan,2022-08-30,1
1205,Customer_1205,India,2023-07-08,
1206,Customer_1206,UK,2022-05-13,
1207,Customer_1207,UAE,2024-03-26,1
1208,Customer_1208,India,2022-09-27,0
1209,Customer_1209,Pakistan,2023-08-07,0
1210,Customer_1210,,2023-11-19,0
1211,Customer_1211,India,2023-10-20,0
1212,Customer_1212,India,2023-05-21,1
1213,Customer_1213,Pakistan,2023-12-11,1
1214,Customer_1214,UK,2024-04-09,0
1215,Customer_1215,UAE,2022-03-01,1
1216,Customer_1216,Pakistan,2022-09-01,0
1217,Customer_1217,Pakistan,2024-05-03,0
1218,Customer_1218,UAE,2023-01-06,1
1219,Customer_1219,UAE,2024-03-09,0
1220,Customer_1220,Pakistan,2023-09-23,0
1221,Customer_1221,,2022-03-20,0
1222,Customer_1222,Pakistan,2023-02-21,0
1223,Customer_1223,India,2022-05-25,1
1224,Customer_1224,USA,2022-11-22,
1225,Customer_1225,India,2022-11-24,0
1226,Customer_1226,UAE,2023-02-24,0
1227,Customer_1227,India,2023-07-26,1
1228,Customer_1228,Pakistan,2022-08-22,
1229,Customer_1229,,2022-04-22,0
1230,Customer_1230,India,2023-10-22,0
1231,Customer_1231,USA,2023-04-07,1
1232,Customer_1232,Pakistan,2024-06-08,1
1233,Customer_1233,Pakistan,2023-12-02,0
1234,Customer_1234,Pakistan,2024-06-05,1
1235,Customer_1235,UAE,2022-01-11,0
1236,Customer_1236,India,2022-07-10,1
1237,Customer_1237,USA,2022-02-22,1
1238,Customer_1238,India,2024-05-07,1
1239,Customer_1239,,2023-05-28,1
1240,Customer_1240,Pakistan,2022-04-06,0
1241,Customer_1241,USA,2022-07-08,0
1242,Customer_1242,UK,2022-02-04,1
1243,Customer_1243,UK,2022-11-04,0
1244,Customer_1244,UK,2023-11-22,0
1245,Customer_1245,UK,2022-01-06,0
1246,Customer_1246,UAE,2022-08-02,1
1247,Customer_1247,Pakistan,2024-04-26,1
1248,Customer_1248,Pakistan,2024-03-11,0
1249,Customer_1249,USA,2024-03-20,0
1250,Customer_1250,UAE,2023-04-23,1
1251,Customer_1251,UK,2022-02-15,1
1252,Customer_1252,India,2022-08-03,1
1253,Customer_1253,Pakistan,2022-02-07,1
1254,Customer_1254,Pakistan,2022-05-12,
1255,Customer_1255,UAE,2024-01-24,0
1256,Customer_1256,India,2024-02-05,
1257,Customer_1257,Pakistan,2024-02-02,0
1258,Customer_1258,India,2023-12-18,0
1259,Customer_1259,Pakistan,2022-05-28,1
1260,Customer_1260,India,2023-08-26,0
1261,Customer_1261,Pakistan,2023-05-04,0
1262,Customer_1262,UK,2022-08-17,0
1263,Customer_1263,Pakistan,2022-01-18,1
1264,Customer_1264,India,2022-04-28,0
1265,Customer_1265,Pakistan,2024-02-16,1
1266,Customer_1266,Pakistan,2023-03-06,1
1267,Customer_1267,India,2023-10-05,1
1268,Customer_1268,India,2023-03-11,0
1269,Customer_1269,UAE,2022-06-30,
1270,Customer_1270,Pakistan,2022-05-06,0
1271,Customer_1271,UAE,2022-06-30,0
1272,Customer_1272,USA,2023-05-04,0
1273,Customer_1273,UK,2023-02-25,1
1274,Customer_1274,Pakistan,2024-01-18,0
1275,Customer_1275,India,2024-01-29,0
1276,Customer_1276,Pakistan,2022-06-02,0
1277,Customer_1277,Pakistan,2022-09-05,0
1278,Customer_1278,,2024-04-12,1
1279,Customer_1279,Pakistan,2023-05-14,1
1280,Customer_1280,India,2023-10-28,1
1281,Customer_1281,UAE,2023-11-07,0
1282,Customer_1282,UAE,2023-11-28,0
1283,Customer_1283,India,2023-11-22,
1284,Customer_1284,Pakistan,2022-11-20,0
1285,Customer_1285,Pakistan,2023-04-22,1
1286,Customer_1286,India,2022-03-01,0
1287,Customer_1287,Pakistan,2022-04-06,
1288,Customer_1288,India,2022-02-14,0
1289,Customer_1289,Pakistan,2022-10-16,0
1290,Customer_1290,Pakistan,2023-03-22,1
1291,Customer_1291,India,2022-11-12,1
1292,Customer_1292,Pakistan,2023-07-08,0
1293,Customer_1293,India,2022-07-05,1
1294,Customer_1294,UAE,2023-06-12,1
1295,Customer_1295,UK,2023-05-22,0
1296,Customer_1296,Pakistan,2022-02-25,0
1297,Customer_1297,Pakistan,2023-08-19,1
1298,Customer_1298,Pakistan,2022-07-21,0
1299,Customer_1299,UAE,2023-12-06,1
1300,Customer_1300,UAE,2023-01-10,0
1301,Customer_1301,Pakistan,2022-12-10,0
1302,Customer_1302,USA,2023-05-14,0
1303,Customer_1303,Pakistan,2022-02-04,1
1304,Customer_1304,India,2023-08-18,0
1305,Customer_1305,UAE,2024-03-02,0
1306,Customer_1306,USA,2023-12-01,0
1307,Customer_1307,UAE,2024-05-11,
1308,Customer_1308,UK,2023-02-14,0
1309,Customer_1309,Pakistan,2022-05-03,1
1310,Customer_1310,UK,2024-06-08,0
1311,Customer_1311,Pakistan,2023-04-13,0
1312,Customer_1312,USA,2023-05-15,1
1313,Customer_1313,India,2023-05-31,1
1314,Customer_1314,UK,2022-01-21,
1315,Customer_1315,India,2024-01-08,
1316,Customer_1316,UAE,2024-05-30,1
1317,Customer_1317,India,2024-03-06,1
1318,Customer_1318,UAE,2022-01-09,1
1319,Customer_1319,Pakistan,2024-04-22,0
1320,Customer_1320,Pakistan,2022-03-07,
1321,Customer_1321,Pakistan,2022-03-08,1
1322,Customer_1322,Pakistan,2023-09-08,1
1323,Customer_1323,USA,2022-06-12,0
1324,Customer_1324,Pakistan,2023-12-29,0
1325,Customer_1325,,2022-03-21,
1326,Customer_1326,Pakistan,2022-11-24,0
1327,Customer_1327,Pakistan,2023-08-20,0
1328,Customer_1328,UK,2023-05-25,0
1329,Customer_1329,UAE,2023-10-18,1
1330,Customer_1330,India,2022-06-16,0
1331,Customer_1331,India,2022-09-07,1
1332,Customer_1332,UAE,2023-10-26,0
1333,Customer_1333,Pakistan,2024-03-08,1
1334,Customer_1334,,2022-01-29,1
1335,Customer_1335,,2024-02-05,0
1336,Customer_1336,UAE,2024-03-29,1
1337,Customer_1337,Pakistan,2022-09-03,0
1338,Customer_1338,UAE,2023-12-22,0
1339,Customer_1339,Pakistan,2024-05-02,1
1340,Customer_1340,Pakistan,2024-02-22,0
1341,Customer_1341,Pakistan,2022-07-22,0
1342,Customer_1342,India,2024-02-14,0
1343,Customer_1343,USA,2023-04-25,0
1344,Customer_1344,UAE,2023-04-02,1
1345,Customer_1345,UAE,2023-08-30,0
1346,Customer_1346,India,2022-03-16,
1347,Customer_1347,Pakistan,2022-01-20,
1348,Customer_1348,India,2022-02-28,0
1349,Customer_1349,,2022-07-06,0
1350,Customer_1350,Pakistan,2023-05-21,1
1351,Customer_1351,USA,2024-03-31,0
1352,Customer_1352,India,2024-02-28,0
1353,Customer_1353,India,2022-06-01,0
1354,Customer_1354,UAE,2023-10-09,1
1355,Customer_1355,India,2022-02-12,1
1356,Customer_1356,USA,2022-09-30,0
1357,Customer_1357,USA,2023-02-06,0
1358,Customer_1358,India,2024-05-18,
1359,Customer_1359,Pakistan,2023-11-06,1
1360,Customer_1360,India,2023-05-07,1
1361,Customer_1361,USA,2022-10-15,1
1362,Customer_1362,Pakistan,2024-01-28,0
1363,Customer_1363,UAE,2022-03-29,1
1364,Customer_1364,UAE,2024-05-10,0
1365,Customer_1365,UAE,2022-01-06,0
1366,Customer_1366,Pakistan,2022-11-05,1
1367,Customer_1367,UAE,2022-03-20,0
1368,Customer_1368,USA,2023-01-28,
1369,Customer_1369,Pakistan,2022-08-05,0
1370,Customer_1370,Pakistan,2022-09-23,
1371,Customer_1371,,2023-06-19,
1372,Customer_1372,Pakistan,2022-03-16,0
1373,Customer_1373,USA,2023-10-10,1
1374,Customer_1374,India,2023-12-12,0
1375,Customer_1375,Pakistan,2023-07-16,
1376,Customer_1376,USA,2023-12-02,1
1377,Customer_1377,India,2023-02-03,1
1378,Customer_1378,India,2022-09-10,1
1379,Customer_1379,India,2023-10-01,0
1380,Customer_1380,India,2022-01-18,0
1381,Customer_1381,Pakistan,2024-05-01,0
1382,Customer_1382,India,2022-09-15,1
1383,Customer_1383,,2022-01-25,1
1384,Customer_1384,Pakistan,2023-06-17,1
1385,Customer_1385,UAE,2023-08-02,0
1386,Customer_1386,Pakistan,2023-12-14,1
1387,Customer_1387,UK,2022-10-31,0
1388,Customer_1388,Pakistan,2023-03-14,1
1389,Customer_1389,,2023-10-17,
1390,Customer_1390,India,2022-09-01,0
1391,Customer_1391,Pakistan,2022-07-17,0
1392,Customer_1392,Pakistan,2023-05-24,0
1393,Customer_1393,Pakistan,2022-09-06,1
1394,Customer_1394,India,2022-02-01,1
1395,Customer_1395,Pakistan,2024-02-04,1
1396,Customer_1396,UK,2023-02-23,0
1397,Customer_1397,India,2022-02-05,1
1398,Customer_1398,Pakistan,2023-07-01,1
1399,Customer_1399,UAE,2022-07-17,0
1400,Customer_1400,UAE,2022-03-20,1
1401,Customer_1401,Pakistan,2023-12-30,0
1402,Customer_1402,Pakistan,2023-07-24,1
1403,Customer_1403,Pakistan,2024-03-08,1
1404,Customer_1404,UAE,2023-04-10,0
1405,Customer_1405,UAE,2023-09-04,1
1406,Customer_1406,India,2023-09-12,1
1407,Customer_1407,UK,2022-04-14,0
1408,Customer_1408,UK,2023-06-29,1
1409,Customer_1409,India,2023-07-05,1
1410,Customer_1410,USA,2022-01-27,0
1411,Customer_1411,Pakistan,2022-07-29,0
1412,Customer_1412,Pakistan,2024-04-20,0
1413,Customer_1413,Pakistan,2023-04-11,0
1414,Customer_1414,Pakistan,2024-06-15,0
1415,Customer_1415,India,2022-02-07,0
1416,Customer_1416,USA,2022-03-05,0
1417,Customer_1417,Pakistan,2023-02-27,
1418,Customer_1418,Pakistan,2024-02-17,0
1419,Customer_1419,India,2022-11-15,1
1420,Customer_1420,USA,2024-01-02,1
1421,Customer_1421,Pakistan,2023-01-08,1
1422,Customer_1422,India,2023-01-12,0
1423,Customer_1423,Pakistan,2022-12-26,
1424,Customer_1424,Pakistan,2023-10-30,1
1425,Customer_1425,,2022-05-23,1
1426,Customer_1426,,2022-02-21,0
1427,Customer_1427,Pakistan,2023-06-21,0
1428,Customer_1428,,2024-04-12,1
1429,Customer_1429,UAE,2022-10-17,0
1430,Customer_1430,USA,2024-03-17,1
1431,Customer_1431,India,2023-11-19,0
1432,Customer_1432,India,2023-03-07,1
1433,Customer_1433,India,2023-06-01,
1434,Customer_1434,UAE,2023-10-25,1
1435,Customer_1435,Pakistan,2023-08-08,1
1436,Customer_1436,Pakistan,2022-01-07,1
1437,Customer_1437,Pakistan,2023-08-14,1
1438,Customer_1438,UAE,2023-09-24,
1439,Customer_1439,Pakistan,2022-10-31,1
1440,Customer_1440,UAE,2022-09-02,1
1441,Customer_1441,,2023-06-29,0
1442,Customer_1442,Pakistan,2024-01-15,1
1443,Customer_1443,UAE,2022-03-22,0
1444,Customer_1444,India,2022-10-15,0
1445,Customer_1445,USA,2024-05-08,1
1446,Customer_1446,Pakistan,2023-02-05,1
1447,Customer_1447,UAE,2023-01-13,1
1448,Customer_1448,UK,2023-05-04,0
1449,Customer_1449,USA,2023-01-15,0
1450,Customer_1450,UAE,2023-09-21,1
1451,Customer_1451,India,2024-01-25,0
1452,Customer_1452,UAE,2022-02-17,1
1453,Customer_1453,USA,2022-12-15,0
1454,Customer_1454,India,2022-05-10,0
1455,Customer_1455,Pakistan,2022-08-10,
1456,Customer_1456,USA,2023-08-30,0
1457,Customer_1457,UAE,2023-07-16,0
1458,Customer_1458,UAE,2024-04-24,0
1459,Customer_1459,Pakistan,2024-05-04,
1460,Customer_1460,UAE,2023-10-21,1
1461,Customer_1461,India,2023-11-13,0
1462,Customer_1462,UAE,2023-01-06,0
1463,Customer_1463,Pakistan,2023-12-03,1
1464,Customer_1464,UAE,2023-04-16,0
1465,Customer_1465,,2023-03-27,1
1466,Customer_1466,Pakistan,2023-01-27,0
1467,Customer_1467,,2023-06-04,0
1468,Customer_1468,India,2022-12-21,1
1469,Customer_1469,USA,2023-02-01,0
1470,Customer_1470,UK,2023-04-07,1
1471,Customer_1471,India,2023-08-17,0
1472,Customer_1472,UAE,2023-11-19,0
1473,Customer_1473,USA,2022-03-21,
1474,Customer_1474,India,2023-01-20,0
1475,Customer_1475,Pakistan,2023-09-16,1
1476,Customer_1476,UAE,2023-11-07,0
1477,Customer_1477,UK,2023-04-19,1
1478,Customer_1478,UK,2023-02-23,1
1479,Customer_1479,UK,2023-11-23,0
1480,Customer_1480,India,2023-07-15,1
1481,Customer_1481,UK,2024-03-15,1
1482,Customer_1482,Pakistan,2022-06-14,0
1483,Customer_1483,India,2022-10-16,1
1484,Customer_1484,Pakistan,2024-03-22,1
1485,Customer_1485,Pakistan,2024-05-02,0
1486,Customer_1486,India,2023-07-13,0
1487,Customer_1487,India,2022-08-08,0
1488,Customer_1488,UAE,2023-01-04,0
1489,Customer_1489,India,2024-02-10,1
1490,Customer_1490,India,2024-02-11,1
1491,Customer_1491,Pakistan,2023-12-30,
1492,Customer_1492,India,2022-07-03,0
1493,Customer_1493,Pakistan,2024-03-19,0
1494,Customer_1494,Pakistan,2022-04-15,1
1495,Customer_1495,UAE,2024-03-13,1
1496,Customer_1496,UAE,2022-10-10,1
1497,Customer_1497,UAE,2022-01-22,0
1498,Customer_1498,India,2024-02-03,0
1499,Customer_1499,India,2024-02-12,0
1500,Customer_1500,USA,2023-04-16,
1501,Customer_1501,India,2023-09-22,0
1502,Customer_1502,India,2022-10-09,1
1503,Customer_1503,Pakistan,2023-08-13,1
1504,Customer_1504,Pakistan,2023-11-25,0
1505,Customer_1505,India,2022-02-25,1
1506,Customer_1506,India,2022-12-13,1
1507,Customer_1507,India,2022-10-14,1
1508,Customer_1508,India,2022-03-02,0
1509,Customer_1509,UAE,2022-05-08,0
1510,Customer_1510,UK,2022-10-06,0
1511,Customer_1511,UK,2023-12-31,0
1512,Customer_1512,UAE,2023-07-22,1
1513,Customer_1513,,2023-04-24,1
1514,Customer_1514,Pakistan,2022-05-19,0
1515,Customer_1515,Pakistan,2024-05-13,1
1516,Customer_1516,Pakistan,2022-03-07,1
1517,Customer_1517,UAE,2023-07-10,0
1518,Customer_1518,USA,2024-01-08,0
1519,Customer_1519,Pakistan,2022-08-02,1
1520,Customer_1520,USA,2023-01-03,1
1521,Customer_1521,Pakistan,2024-03-13,1
1522,Customer_1522,USA,2022-12-23,0
1523,Customer_1523,India,2023-07-10,0
1524,Customer_1524,Pakistan,2023-09-13,0
1525,Customer_1525,India,2022-12-22,1
1526,Customer_1526,Pakistan,2023-01-20,1
1527,Customer_1527,Pakistan,2022-09-05,0
1528,Customer_1528,Pakistan,2022-05-25,1
1529,Customer_1529,UK,2024-05-06,1
1530,Customer_1530,India,2023-03-23,1
1531,Customer_1531,Pakistan,2022-05-09,
1532,Customer_1532,UAE,2022-08-14,0
1533,Customer_1533,UAE,2024-04-03,
1534,Customer_1534,Pakistan,2023-02-20,0
1535,Customer_1535,India,2022-05-12,0
1536,Customer_1536,Pakistan,2022-03-29,1
1537,Customer_1537,Pakistan,2023-04-11,
1538,Customer_1538,UAE,2022-05-12,1
1539,Customer_1539,Pakistan,2022-12-16,1
1540,Customer_1540,India,2023-07-31,1
1541,Customer_1541,UAE,2023-04-17,1
1542,Customer_1542,Pakistan,2022-12-11,0
1543,Customer_1543,India,2022-12-02,1
1544,Customer_1544,Pakistan,2023-07-19,1
1545,Customer_1545,,2023-12-13,1
1546,Customer_1546,India,2023-12-15,0
1547,Customer_1547,UK,2023-05-02,1
1548,Customer_1548,India,2024-05-21,
1549,Customer_1549,Pakistan,2022-01-09,1
1550,Customer_1550,UAE,2024-03-16,
1551,Customer_1551,,2022-04-24,0
1552,Customer_1552,UAE,2024-06-14,1
1553,Customer_1553,UK,2023-06-02,1
1554,Customer_1554,USA,2022-12-03,1
1555,Customer_1555,Pakistan,2022-11-30,1
1556,Customer_1556,Pakistan,2024-03-28,1
1557,Customer_1557,UAE,2022-12-13,1
1558,Customer_1558,India,2023-07-25,1
1559,Customer_1559,UK,2024-01-24,0
1560,Customer_1560,USA,2022-08-31,1
1561,Customer_1561,India,2022-01-03,0
1562,Customer_1562,Pakistan,2022-10-18,0
1563,Customer_1563,UK,2022-04-18,1
1564,Customer_1564,Pakistan,2023-11-13,0
1565,Customer_1565,UK,2022-06-06,1
1566,Customer_1566,India,2024-01-27,0
1567,Customer_1567,UAE,2022-04-25,0
1568,Customer_1568,Pakistan,2023-07-23,1
1569,Customer_1569,UAE,2023-06-07,0
1570,Customer_1570,India,2023-08-22,1
1571,Customer_1571,India,2022-02-14,0
1572,Customer_1572,Pakistan,2022-12-15,0
1573,Customer_1573,UAE,2022-11-23,0
1574,Customer_1574,USA,2022-04-02,0
1575,Customer_1575,Pakistan,2022-01-06,1
1576,Customer_1576,Pakistan,2022-10-08,0
1577,Customer_1577,Pakistan,2023-03-22,1
1578,Customer_1578,UAE,2024-03-09,
1579,Customer_1579,UAE,2022-12-20,1
1580,Customer_1580,India,2024-02-15,1
1581,Customer_1581,Pakistan,2023-03-27,0
1582,Customer_1582,India,2023-05-25,0
1583,Customer_1583,India,2023-04-27,1
1584,Customer_1584,India,2024-04-11,1
1585,Customer_1585,,2022-05-04,1
1586,Customer_1586,Pakistan,2023-01-25,1
1587,Customer_1587,UAE,2023-02-03,0
1588,Customer_1588,India,2024-05-08,0
1589,Customer_1589,India,2022-09-09,1
1590,Customer_1590,UAE,2022-09-29,1
1591,Customer_1591,UAE,2023-10-27,1
1592,Customer_1592,,2023-11-03,1
1593,Customer_1593,Pakistan,2022-04-08,0
1594,Customer_1594,Pakistan,2024-03-15,0
1595,Customer_1595,UAE,2023-07-17,1
1596,Customer_1596,India,2024-01-01,1
1597,Customer_1597,Pakistan,2023-07-06,1
1598,Customer_1598,Pakistan,2022-11-12,0
1599,Customer_1599,Pakistan,2024-02-19,0
1600,Customer_1600,USA,2024-01-08,1
1601,Customer_1601,Pakistan,2022-08-18,0
1602,Customer_1602,Pakistan,2023-12-19,1
1603,Customer_1603,Pakistan,2023-02-01,
1604,Customer_1604,India,2022-11-24,1
1605,Customer_1605,Pakistan,2023-01-19,0
1606,Customer_1606,India,2023-06-11,1
1607,Customer_1607,Pakistan,2023-05-16,0
1608,Customer_1608,UK,2023-10-03,0
1609,Customer_1609,Pakistan,2023-02-04,0
1610,Customer_1610,India,2023-05-24,0
1611,Customer_1611,USA,2023-05-19,
1612,Customer_1612,UAE,2023-09-11,0
1613,Customer_1613,India,2023-05-25,0
1614,Customer_1614,Pakistan,2023-04-18,
1615,Customer_1615,Pakistan,2023-11-15,0
1616,Customer_1616,UAE,2023-12-09,1
1617,Customer_1617,,2023-11-15,0
1618,Customer_1618,UAE,2023-09-07,0
1619,Customer_1619,India,2022-01-25,
1620,Customer_1620,UAE,2023-02-07,0
1621,Customer_1621,India,2024-06-06,1
1622,Customer_1622,Pakistan,2024-02-01,0
1623,Customer_1623,India,2024-04-17,0
1624,Customer_1624,,2024-02-09,0
1625,Customer_1625,Pakistan,2022-08-01,0
1626,Customer_1626,UAE,2022-12-04,0
1627,Customer_1627,Pakistan,2024-03-23,1
1628,Customer_1628,India,2022-09-03,1
1629,Customer_1629,Pakistan,2024-02-10,0
1630,Customer_1630,India,2023-05-31,0
1631,Customer_1631,UK,2023-09-04,
1632,Customer_1632,Pakistan,2022-08-18,
1633,Customer_1633,UAE,2022-12-21,1
1634,Customer_1634,UK,2024-05-10,1
1635,Customer_1635,USA,2022-04-08,0
1636,Customer_1636,Pakistan,2023-08-05,0
1637,Customer_1637,India,2023-04-15,1
1638,Customer_1638,Pakistan,2022-12-16,1
1639,Customer_1639,,2022-03-21,1
1640,Customer_1640,USA,2023-07-14,0
1641,Customer_1641,India,2023-08-11,
1642,Customer_1642,UK,2024-03-04,1
1643,Customer_1643,India,2023-11-18,0
1644,Customer_1644,UAE,2023-04-17,1
1645,Customer_1645,Pakistan,2022-12-15,0
1646,Customer_1646,UK,2024-02-11,0
1647,Customer_1647,Pakistan,2023-06-24,0
1648,Customer_1648,UK,2022-01-30,0
1649,Customer_1649,UK,2024-05-16,0
1650,Customer_1650,UAE,2023-02-22,1
1651,Customer_1651,Pakistan,2023-03-10,0
1652,Customer_1652,Pakistan,2023-12-09,1
1653,Customer_1653,Pakistan,2023-04-11,0
1654,Customer_1654,India,2022-03-14,0
1655,Customer_1655,Pakistan,2023-07-07,1
1656,Customer_1656,USA,2023-01-04,1
1657,Customer_1657,India,2023-12-03,
1658,Customer_1658,Pakistan,2023-12-24,
1659,Customer_1659,India,2022-01-08,0
1660,Customer_1660,India,2023-10-07,0
1661,Customer_1661,UAE,2022-06-19,1
1662,Customer_1662,India,2024-02-21,
1663,Customer_1663,USA,2023-05-06,1
1664,Customer_1664,India,2023-03-03,1
1665,Customer_1665,,2024-06-18,1
1666,Customer_1666,USA,2024-05-05,0
1667,Customer_1667,Pakistan,2023-02-11,1
1668,Customer_1668,USA,2024-06-18,1
1669,Customer_1669,Pakistan,2022-03-28,1
1670,Customer_1670,UK,2022-08-10,0
1671,Customer_1671,India,2022-05-12,0
1672,Customer_1672,USA,2024-04-17,0
1673,Customer_1673,USA,2024-02-18,0
1674,Customer_1674,UK,2022-05-21,
1675,Customer_1675,UK,2023-04-03,0
1676,Customer_1676,Pakistan,2023-03-02,0
1677,Customer_1677,Pakistan,2022-05-24,0
1678,Customer_1678,India,2023-08-18,1
1679,Customer_1679,Pakistan,2023-06-11,1
1680,Customer_1680,UAE,2023-06-03,0
1681,Customer_1681,Pakistan,2022-03-18,0
1682,Customer_1682,,2024-06-15,0
1683,Customer_1683,UAE,2023-11-27,1
1684,Customer_1684,UK,2022-04-22,0
1685,Customer_1685,Pakistan,2023-07-25,
1686,Customer_1686,USA,2022-02-23,1
1687,Customer_1687,USA,2022-07-12,0
1688,Customer_1688,India,2022-12-30,1
1689,Customer_1689,UAE,2023-01-18,0
1690,Customer_1690,UK,2022-03-01,1
1691,Customer_1691,Pakistan,2023-02-27,0
1692,Customer_1692,India,2024-05-15,1
1693,Customer_1693,India,2024-03-11,1
1694,Customer_1694,Pakistan,2023-08-12,
1695,Customer_1695,India,2022-08-18,0
1696,Customer_1696,Pakistan,2022-11-25,0
1697,Customer_1697,Pakistan,2023-06-26,1
1698,Customer_1698,Pakistan,2023-01-24,
1699,Customer_1699,,2023-06-02,
1700,Customer_1700,India,2023-12-03,0
1701,Customer_1701,,2022-06-21,0
1702,Customer_1702,India,2024-02-22,1
1703,Customer_1703,Pakistan,2023-05-15,0
1704,Customer_1704,India,2023-10-30,0
1705,Customer_1705,India,2023-09-24,0
1706,Customer_1706,Pakistan,2022-08-13,1
1707,Customer_1707,UAE,2023-12-03,
1708,Customer_1708,Pakistan,2024-05-02,
1709,Customer_1709,UAE,2023-01-12,0
1710,Customer_1710,UAE,2022-04-14,1
1711,Customer_1711,Pakistan,2023-07-07,1
1712,Customer_1712,Pakistan,2023-09-26,0
1713,Customer_1713,UK,2022-05-01,1
1714,Customer_1714,India,2023-01-16,0
1715,Customer_1715,Pakistan,2023-01-12,0
1716,Customer_1716,,2023-11-17,0
1717,Customer_1717,Pakistan,2023-07-16,0
1718,Customer_1718,UAE,2023-11-17,1
1719,Customer_1719,,2023-02-12,0
1720,Customer_1720,Pakistan,2023-11-25,0
1721,Customer_1721,Pakistan,2023-11-11,0
1722,Customer_1722,Pakistan,2022-05-26,1
1723,Customer_1723,Pakistan,2024-01-18,1
1724,Customer_1724,Pakistan,2022-03-14,1
1725,Customer_1725,UAE,2022-02-09,1
1726,Customer_1726,Pakistan,2023-08-24,0
1727,Customer_1727,India,2023-06-13,0
1728,Customer_1728,,2022-02-24,1
1729,Customer_1729,UK,2023-01-29,0
1730,Customer_1730,UAE,2022-06-08,0
1731,Customer_1731,Pakistan,2023-12-29,1
1732,Customer_1732,UAE,2023-06-05,0
1733,Customer_1733,India,2022-08-20,0
1734,Customer_1734,India,2024-06-12,1
1735,Customer_1735,Pakistan,2024-01-07,0
1736,Customer_1736,USA,2022-05-18,1
1737,Customer_1737,India,2023-10-06,1
1738,Customer_1738,Pakistan,2022-10-03,1
1739,Customer_1739,India,2022-11-07,1
1740,Customer_1740,India,2023-06-14,0
1741,Customer_1741,UK,2022-01-07,0
1742,Customer_1742,UAE,2022-03-04,0
1743,Customer_1743,UK,2024-06-15,0
1744,Customer_1744,Pakistan,2024-03-15,
1745,Customer_1745,India,2022-08-24,1
1746,Customer_1746,India,2024-05-29,0
1747,Customer_1747,Pakistan,2023-05-08,0
1748,Customer_1748,Pakistan,2022-11-11,0
1749,Customer_1749,UK,2024-02-21,0
1750,Customer_1750,Pakistan,2022-09-02,0
1751,Customer_1751,India,2022-07-01,1
1752,Customer_1752,Pakistan,2024-05-25,1
1753,Customer_1753,Pakistan,2023-06-10,1
1754,Customer_1754,Pakistan,2022-04-26,0
1755,Customer_1755,,2022-04-27,0
1756,Customer_1756,UK,2023-10-28,1
1757,Customer_1757,,2023-03-02,1
1758,Customer_1758,India,2023-04-03,1
1759,Customer_1759,Pakistan,2023-10-22,
1760,Customer_1760,India,2023-02-16,1
1761,Customer_1761,India,2023-08-04,1
1762,Customer_1762,UK,2023-11-13,0
1763,Customer_1763,Pakistan,2022-01-03,1
1764,Customer_1764,India,2023-05-25,0
1765,Customer_1765,Pakistan,2022-12-25,0
1766,Customer_1766,Pakistan,2023-04-13,1
1767,Customer_1767,UAE,2023-11-09,0
1768,Customer_1768,India,2022-12-18,0
1769,Customer_1769,India,2022-01-05,0
1770,Customer_1770,India,2022-11-17,0
1771,Customer_1771,India,2023-05-17,0
1772,Customer_1772,UK,2022-02-17,0
1773,Customer_1773,USA,2022-11-17,0
1774,Customer_1774,,2022-02-01,0
1775,Customer_1775,UK,2022-10-09,
1776,Customer_1776,Pakistan,2023-09-24,0
1777,Customer_1777,UAE,2023-02-13,0
1778,Customer_1778,India,2024-05-30,1
1779,Customer_1779,Pakistan,2022-10-12,1
1780,Customer_1780,UK,2023-09-14,1
1781,Customer_1781,Pakistan,2023-09-29,0
1782,Customer_1782,USA,2022-09-03,1
1783,Customer_1783,India,2022-03-28,1
1784,Customer_1784,UAE,2023-04-07,1
1785,Customer_1785,UAE,2022-10-10,1
1786,Customer_1786,USA,2023-02-06,1
1787,Customer_1787,UAE,2022-11-05,1
1788,Customer_1788,UAE,2022-09-14,1
1789,Customer_1789,Pakistan,2022-02-22,0
1790,Customer_1790,India,2023-10-02,1
1791,Customer_1791,Pakistan,2023-05-27,1
1792,Customer_1792,UAE,2023-09-02,0
1793,Customer_1793,India,2022-06-05,
1794,Customer_1794,UAE,2023-09-17,0
1795,Customer_1795,Pakistan,2023-04-19,1
1796,Customer_1796,Pakistan,2023-08-02,1
1797,Customer_1797,UAE,2022-10-16,0
1798,Customer_1798,Pakistan,2023-06-21,1
1799,Customer_1799,Pakistan,2023-04-15,0
1800,Customer_1800,Pakistan,2022-06-30,0
1801,Customer_1801,,2022-11-22,0
1802,Customer_1802,UAE,2022-10-14,0
1803,Customer_1803,India,2023-10-12,0
1804,Customer_1804,Pakistan,2024-05-30,
1805,Customer_1805,Pakistan,2022-05-26,
1806,Customer_1806,UK,2023-12-11,0
1807,Customer_1807,UAE,2023-03-26,1
1808,Customer_1808,Pakistan,2024-01-30,0
1809,Customer_1809,Pakistan,2024-06-14,0
1810,Customer_1810,Pakistan,2024-03-15,0
1811,Customer_1811,UAE,2022-10-12,
1812,Customer_1812,UK,2022-11-07,
1813,Customer_1813,Pakistan,2022-07-20,0
1814,Customer_1814,Pakistan,2022-04-21,0
1815,Customer_1815,Pakistan,2023-01-28,0
1816,Customer_1816,,2022-10-17,1
1817,Customer_1817,Pakistan,2022-10-20,1
1818,Customer_1818,UK,2024-02-14,0
1819,Customer_1819,UAE,2023-04-01,1
1820,Customer_1820,India,2022-05-08,0
1821,Customer_1821,Pakistan,2022-04-01,
1822,Customer_1822,Pakistan,2022-11-14,1
1823,Customer_1823,UAE,2023-10-02,0
1824,Customer_1824,UK,2023-01-18,1
1825,Customer_1825,UAE,2024-03-11,1
1826,Customer_1826,India,2024-03-28,0
1827,Customer_1827,Pakistan,2023-10-09,0
1828,Customer_1828,,2022-02-07,
1829,Customer_1829,UK,2022-11-20,0
1830,Customer_1830,Pakistan,2023-05-04,0
1831,Customer_1831,,2024-01-10,1
1832,Customer_1832,UAE,2023-02-01,1
1833,Customer_1833,India,2023-07-02,1
1834,Customer_1834,UAE,2023-12-24,
1835,Customer_1835,UK,2023-04-08,1
1836,Customer_1836,UAE,2023-06-10,0
1837,Customer_1837,Pakistan,2022-03-15,1
1838,Customer_1838,Pakistan,2023-04-09,1
1839,Customer_1839,USA,2024-02-17,0
1840,Customer_1840,Pakistan,2022-08-01,0
1841,Customer_1841,India,2024-01-06,0
1842,Customer_1842,India,2023-12-16,1
1843,Customer_1843,India,2022-06-27,1
1844,Customer_1844,UAE,2022-10-15,1
1845,Customer_1845,USA,2023-10-07,
1846,Customer_1846,Pakistan,2022-11-17,0
1847,Customer_1847,Pakistan,2022-01-08,
1848,Customer_1848,Pakistan,2024-04-20,1
1849,Customer_1849,USA,2022-01-21,0
1850,Customer_1850,UAE,2022-11-02,
1851,Customer_1851,Pakistan,2022-07-18,0
1852,Customer_1852,UK,2023-07-08,1
1853,Customer_1853,USA,2023-02-22,1
1854,Customer_1854,UK,2022-07-16,1
1855,Customer_1855,USA,2024-01-27,1
1856,Customer_1856,Pakistan,2023-07-09,0
1857,Customer_1857,UK,2023-04-27,1
1858,Customer_1858,India,2023-10-21,0
1859,Customer_1859,UK,2022-05-10,1
1860,Customer_1860,UAE,2024-03-29,1
1861,Customer_1861,UK,2022-03-30,
1862,Customer_1862,UAE,2022-06-03,0
1863,Customer_1863,Pakistan,2022-04-18,1
1864,Customer_1864,India,2023-03-02,
1865,Customer_1865,,2022-05-27,1
1866,Customer_1866,USA,2022-07-05,0
1867,Customer_1867,Pakistan,2023-12-01,0
1868,Customer_1868,Pakistan,2022-03-01,0
1869,Customer_1869,Pakistan,2023-01-28,1
1870,Customer_1870,UAE,2024-01-08,1
1871,Customer_1871,UK,2023-08-11,
1872,Customer_1872,Pakistan,2024-02-01,0
1873,Customer_1873,India,2023-10-14,0
1874,Customer_1874,UK,2023-04-10,1
1875,Customer_1875,UAE,2022-05-26,1
1876,Customer_1876,India,2024-05-02,
1877,Customer_1877,India,2023-04-13,1
1878,Customer_1878,India,2022-08-20,0
1879,Customer_1879,Pakistan,2024-04-12,1
1880,Customer_1880,India,2022-06-14,1
1881,Customer_1881,UAE,2024-05-08,1
1882,Customer_1882,USA,2023-06-13,0
1883,Customer_1883,UAE,2024-02-25,0
1884,Customer_1884,UK,2024-03-12,0
1885,Customer_1885,Pakistan,2022-10-13,1
1886,Customer_1886,India,2022-08-17,0
1887,Customer_1887,Pakistan,2023-11-09,0
1888,Customer_1888,Pakistan,2023-01-28,0
1889,Customer_1889,UAE,2022-03-22,1
1890,Customer_1890,,2023-05-31,0
1891,Customer_1891,Pakistan,2022-02-18,1
1892,Customer_1892,India,2023-12-25,0
1893,Customer_1893,UK,2022-08-23,0
1894,Customer_1894,Pakistan,2023-01-25,1
1895,Customer_1895,India,2023-05-01,0
1896,Customer_1896,UAE,2024-01-31,0
1897,Customer_1897,UAE,2023-06-04,0
1898,Customer_1898,Pakistan,2022-08-22,1
1899,Customer_1899,India,2023-05-05,1
1900,Customer_1900,UK,2022-06-08,0
1901,Customer_1901,India,2024-03-21,0
1902,Customer_1902,Pakistan,2022-10-07,
1903,Customer_1903,UK,2023-02-23,1
1904,Customer_1904,Pakistan,2022-01-20,0
1905,Customer_1905,UAE,2023-01-29,1
1906,Customer_1906,Pakistan,2023-05-25,1
1907,Customer_1907,,2023-04-27,1
1908,Customer_1908,India,2022-04-17,1
1909,Customer_1909,Pakistan,2023-11-04,0
1910,Customer_1910,Pakistan,2023-02-21,0
1911,Customer_1911,Pakistan,2022-12-06,
1912,Customer_1912,USA,2022-05-13,1
1913,Customer_1913,,2024-05-23,0
1914,Customer_1914,India,2023-12-08,
1915,Customer_1915,India,2023-05-03,
1916,Customer_1916,UAE,2024-01-31,
1917,Customer_1917,USA,2023-09-13,1
1918,Customer_1918,India,2022-06-03,
1919,Customer_1919,India,2022-11-15,0
1920,Customer_1920,India,2024-01-15,1
1921,Customer_1921,UAE,2022-02-13,1
1922,Customer_1922,Pakistan,2022-02-23,0
1923,Customer_1923,UAE,2022-03-28,0
1924,Customer_1924,India,2023-07-03,
1925,Customer_1925,UK,2023-11-12,0
1926,Customer_1926,Pakistan,2023-09-09,1
1927,Customer_1927,India,2022-08-18,0
1928,Customer_1928,India,2024-01-23,0
1929,Customer_1929,UAE,2023-04-17,1
1930,Customer_1930,Pakistan,2022-12-11,0
1931,Customer_1931,India,2022-05-01,1
1932,Customer_1932,India,2022-05-29,1
1933,Customer_1933,India,2023-03-05,0
1934,Customer_1934,UAE,2023-10-29,0
1935,Customer_1935,UAE,2022-09-14,0
1936,Customer_1936,UK,2022-11-25,0
1937,Customer_1937,Pakistan,2023-03-03,1
1938,Customer_1938,UK,2023-03-01,0
1939,Customer_1939,India,2024-03-23,0
1940,Customer_1940,Pakistan,2023-07-23,1
1941,Customer_1941,Pakistan,2023-02-11,0
1942,Customer_1942,Pakistan,2022-11-05,0
1943,Customer_1943,UK,2022-12-18,0
1944,Customer_1944,UAE,2022-02-15,1
1945,Customer_1945,UK,2022-09-30,
1946,Customer_1946,India,2022-01-19,1
1947,Customer_1947,India,2023-04-22,0
1948,Customer_1948,Pakistan,2022-02-13,0
1949,Customer_1949,Pakistan,2023-05-05,1
1950,Customer_1950,India,2024-04-29,1
1951,Customer_1951,Pakistan,2023-08-25,
1952,Customer_1952,Pakistan,2022-12-08,0
1953,Customer_1953,India,2023-01-09,0
1954,Customer_1954,UAE,2023-01-04,1
1955,Customer_1955,,2022-07-20,1
1956,Customer_1956,USA,2023-12-19,1
1957,Customer_1957,UAE,2022-06-24,1
1958,Customer_1958,India,2022-12-22,
1959,Customer_1959,UAE,2022-07-23,1
1960,Customer_1960,UK,2022-03-11,
1961,Customer_1961,Pakistan,2023-01-08,
1962,Customer_1962,India,2022-11-27,1
1963,Customer_1963,UK,2022-04-16,0
1964,Customer_1964,India,2024-03-07,0
1965,Customer_1965,India,2023-10-10,1
1966,Customer_1966,India,2022-08-03,1
1967,Customer_1967,Pakistan,2023-09-19,1
1968,Customer_1968,India,2022-10-29,0
1969,Customer_1969,Pakistan,2023-01-27,0
1970,Customer_1970,Pakistan,2022-11-24,1
1971,Customer_1971,Pakistan,2022-02-05,0
1972,Customer_1972,UK,2022-08-25,0
1973,Customer_1973,Pakistan,2024-05-19,0
1974,Customer_1974,India,2022-10-24,1
1975,Customer_1975,Pakistan,2022-02-20,0
1976,Customer_1976,USA,2023-10-08,1
1977,Customer_1977,Pakistan,2022-01-19,0
1978,Customer_1978,India,2022-04-04,
1979,Customer_1979,USA,2023-02-11,1
1980,Customer_1980,UK,2023-09-12,0
1981,Customer_1981,Pakistan,2023-09-02,0
1982,Customer_1982,UK,2023-08-13,0
1983,Customer_1983,India,2023-09-23,1
1984,Customer_1984,India,2022-05-02,0
1985,Customer_1985,Pakistan,2022-07-01,0
1986,Customer_1986,Pakistan,2023-11-19,1
1987,Customer_1987,UAE,2022-03-20,0
1988,Customer_1988,India,2024-03-26,0
1989,Customer_1989,India,2024-01-15,1
1990,Customer_1990,UAE,2022-07-22,
1991,Customer_1991,UK,2023-02-26,0
1992,Customer_1992,Pakistan,2023-03-21,0
1993,Customer_1993,UAE,2022-03-08,
1994,Customer_1994,Pakistan,2023-12-14,0
1995,Customer_1995,UK,2022-12-13,
1996,Customer_1996,UAE,2022-08-27,0
1997,Customer_1997,,2023-07-18,1
1998,Customer_1998,Pakistan,2024-01-16,0
1999,Customer_1999,Pakistan,2023-01-30,
2000,Customer_2000,Pakistan,2024-03-14,0
2001,Customer_2001,Pakistan,2023-12-30,1
2002,Customer_2002,Pakistan,2023-09-15,0
2003,Customer_2003,USA,2024-02-04,0
2004,Customer_2004,Pakistan,2023-10-06,1
2005,Customer_2005,Pakistan,2023-06-12,1
2006,Customer_2006,UK,2022-10-23,
2007,Customer_2007,India,2023-03-08,0
2008,Customer_2008,UK,2024-03-20,1
2009,Customer_2009,Pakistan,2022-10-17,0
2010,Customer_2010,India,2024-01-06,
2011,Customer_2011,Pakistan,2023-11-28,
2012,Customer_2012,Pakistan,2022-10-12,0
2013,Customer_2013,USA,2023-10-18,1
2014,Customer_2014,Pakistan,2023-10-27,1
2015,Customer_2015,India,2023-08-02,0
2016,Customer_2016,India,2023-09-27,1
2017,Customer_2017,Pakistan,2023-12-16,0
2018,Customer_2018,USA,2022-09-01,1
2019,Customer_2019,Pakistan,2023-03-14,0
2020,Customer_2020,UAE,2022-10-09,0
2021,Customer_2021,,2022-05-26,0
2022,Customer_2022,India,2022-03-02,1
2023,Customer_2023,USA,2022-07-20,1
2024,Customer_2024,Pakistan,2023-04-24,
2025,Customer_2025,India,2022-10-25,0
2026,Customer_2026,Pakistan,2024-05-11,0
2027,Customer_2027,UAE,2022-09-06,1
2028,Customer_2028,,2022-12-06,1
2029,Customer_2029,Pakistan,2022-05-06,0
2030,Customer_2030,UAE,2022-04-02,0
2031,Customer_2031,Pakistan,2023-04-11,1
2032,Customer_2032,India,2023-11-24,0
2033,Customer_2033,India,2022-07-30,1
2034,Customer_2034,,2022-08-19,1
2035,Customer_2035,UAE,2022-10-25,1
2036,Customer_2036,Pakistan,2023-09-05,1
2037,Customer_2037,Pakistan,2022-06-18,0
2038,Customer_2038,Pakistan,2023-07-22,1
2039,Customer_2039,Pakistan,2023-01-14,1
2040,Customer_2040,Pakistan,2024-04-10,0
2041,Customer_2041,USA,2023-10-06,1
2042,Customer_2042,India,2023-10-10,0
2043,Customer_2043,India,2022-08-23,1
2044,Customer_2044,Pakistan,2022-12-26,1
2045,Customer_2045,USA,2023-01-23,1
2046,Customer_2046,UAE,2022-12-02,0
2047,Customer_2047,Pakistan,2024-03-19,0
2048,Customer_2048,UAE,2023-01-21,
2049,Customer_2049,India,2023-08-19,1
2050,Customer_2050,Pakistan,2023-02-08,0
2051,Customer_2051,India,2024-03-18,0
2052,Customer_2052,India,2022-01-08,0
2053,Customer_2053,Pakistan,2022-08-02,1
2054,Customer_2054,USA,2022-09-14,1
2055,Customer_2055,UK,2023-11-23,1
2056,Customer_2056,UAE,2023-12-11,1
2057,Customer_2057,India,2022-12-11,1
2058,Customer_2058,India,2024-04-20,0
2059,Customer_2059,UAE,2023-11-12,0
2060,Customer_2060,India,2023-01-11,1
2061,Customer_2061,Pakistan,2024-03-21,
2062,Customer_2062,India,2022-07-14,1
2063,Customer_2063,UK,2023-05-02,1
2064,Customer_2064,India,2022-01-30,1
2065,Customer_2065,Pakistan,2023-09-09,
2066,Customer_2066,UK,2022-01-31,0
2067,Customer_2067,Pakistan,2022-11-10,0
2068,Customer_2068,Pakistan,2024-01-02,
2069,Customer_2069,Pakistan,2024-06-17,1
2070,Customer_2070,Pakistan,2022-08-22,0
2071,Customer_2071,UK,2022-07-02,1
2072,Customer_2072,India,2023-09-05,0
2073,Customer_2073,Pakistan,2023-10-27,0
2074,Customer_2074,USA,2024-04-15,
2075,Customer_2075,USA,2024-05-15,0
2076,Customer_2076,USA,2024-01-16,1
2077,Customer_2077,Pakistan,2023-09-18,0
2078,Customer_2078,India,2022-08-15,1
2079,Customer_2079,,2023-12-07,0
2080,Customer_2080,UK,2022-07-22,1
2081,Customer_2081,Pakistan,2023-03-10,1
2082,Customer_2082,Pakistan,2022-01-06,1
2083,Customer_2083,India,2022-04-18,0
2084,Customer_2084,USA,2022-01-25,0
2085,Customer_2085,India,2022-05-09,0
2086,Customer_2086,India,2022-06-23,0
2087,Customer_2087,Pakistan,2022-11-20,1
2088,Customer_2088,UAE,2023-12-24,1
2089,Customer_2089,UK,2023-09-28,1
2090,Customer_2090,India,2023-09-10,1
2091,Customer_2091,UK,2023-05-08,0
2092,Customer_2092,,2023-08-01,0
2093,Customer_2093,Pakistan,2023-09-16,0
2094,Customer_2094,India,2022-08-16,1
2095,Customer_2095,Pakistan,2023-09-03,1
2096,Customer_2096,UK,2022-07-28,0
2097,Customer_2097,India,2022-07-22,0
2098,Customer_2098,UAE,2022-06-04,1
2099,Customer_2099,UK,2023-03-06,1
2100,Customer_2100,India,2024-01-25,1
2101,Customer_2101,USA,2023-05-11,0
2102,Customer_2102,India,2022-12-28,0
2103,Customer_2103,Pakistan,2023-12-02,
2104,Customer_2104,UAE,2023-05-07,1
2105,Customer_2105,UK,2022-03-15,0
2106,Customer_2106,Pakistan,2024-02-12,1
2107,Customer_2107,USA,2023-08-01,1
2108,Customer_2108,USA,2024-04-21,0
2109,Customer_2109,Pakistan,2024-06-19,0
2110,Customer_2110,,2023-08-30,0
2111,Customer_2111,Pakistan,2022-02-18,0
2112,Customer_2112,Pakistan,2023-04-04,1
2113,Customer_2113,Pakistan,2022-08-11,0
2114,Customer_2114,USA,2023-06-06,1
2115,Customer_2115,UAE,2022-10-23,
2116,Customer_2116,Pakistan,2023-05-23,0
2117,Customer_2117,India,2023-09-10,1
2118,Customer_2118,UAE,2022-01-25,1
2119,Customer_2119,Pakistan,2022-12-16,1
2120,Customer_2120,USA,2022-06-16,1
2121,Customer_2121,UK,2022-09-08,0
2122,Customer_2122,India,2024-04-30,1
2123,Customer_2123,,2024-03-18,1
2124,Customer_2124,India,2023-01-20,
2125,Customer_2125,,2023-06-17,0
2126,Customer_2126,UAE,2024-06-12,
2127,Customer_2127,UAE,2024-03-14,0
2128,Customer_2128,Pakistan,2023-01-21,
2129,Customer_2129,USA,2023-07-09,1
2130,Customer_2130,India,2023-01-20,1
2131,Customer_2131,Pakistan,2024-05-18,1
2132,Customer_2132,Pakistan,2022-01-27,0
2133,Customer_2133,India,2023-04-05,0
2134,Customer_2134,India,2022-09-26,0
2135,Customer_2135,UAE,2023-09-06,0
2136,Customer_2136,USA,2023-04-12,0
2137,Customer_2137,Pakistan,2023-09-28,1
2138,Customer_2138,UAE,2022-08-30,1
2139,Customer_2139,Pakistan,2023-08-05,0
2140,Customer_2140,USA,2022-02-09,1
2141,Customer_2141,UK,2024-01-27,1
2142,Customer_2142,India,2022-08-07,
2143,Customer_2143,UAE,2022-08-20,1
2144,Customer_2144,Pakistan,2024-04-14,0
2145,Customer_2145,India,2023-04-15,1
2146,Customer_2146,UK,2022-01-15,1
2147,Customer_2147,India,2022-05-17,0
2148,Customer_2148,India,2024-04-07,0
2149,Customer_2149,India,2024-02-04,0
2150,Customer_2150,UK,2023-06-23,0
2151,Customer_2151,Pakistan,2022-03-12,0
2152,Customer_2152,Pakistan,2023-07-09,1
2153,Customer_2153,UAE,2022-10-08,0
2154,Customer_2154,UK,2024-04-12,1
2155,Customer_2155,Pakistan,2023-03-21,1
2156,Customer_2156,Pakistan,2023-02-22,0
2157,Customer_2157,Pakistan,2023-12-11,0
2158,Customer_2158,Pakistan,2023-01-19,0
2159,Customer_2159,India,2022-04-20,0
2160,Customer_2160,UAE,2023-11-06,0
2161,Customer_2161,UAE,2023-01-12,0
2162,Customer_2162,UAE,2023-05-30,1
2163,Customer_2163,India,2022-10-25,1
2164,Customer_2164,UK,2024-04-21,0
2165,Customer_2165,India,2022-02-14,0
2166,Customer_2166,,2023-01-18,1
2167,Customer_2167,UAE,2024-06-01,1
2168,Customer_2168,Pakistan,2022-06-08,1
2169,Customer_2169,UAE,2024-01-27,1
2170,Customer_2170,Pakistan,2022-11-12,0
2171,Customer_2171,UAE,2022-01-27,0
2172,Customer_2172,Pakistan,2024-01-10,1
2173,Customer_2173,Pakistan,2022-06-13,0
2174,Customer_2174,USA,2023-08-04,
2175,Customer_2175,Pakistan,2024-01-11,1
2176,Customer_2176,UK,2022-10-20,1
2177,Customer_2177,Pakistan,2023-08-19,0
2178,Customer_2178,UAE,2022-06-01,1
2179,Customer_2179,UAE,2023-02-27,1
2180,Customer_2180,India,2023-08-05,0
2181,Customer_2181,Pakistan,2023-05-15,0
2182,Customer_2182,Pakistan,2022-08-05,1
2183,Customer_2183,Pakistan,2024-04-12,1
2184,Customer_2184,Pakistan,2022-11-03,0
2185,Customer_2185,UAE,2023-07-22,0
2186,Customer_2186,USA,2022-10-09,1
2187,Customer_2187,USA,2023-07-13,1
2188,Customer_2188,UK,2022-05-08,1
2189,Customer_2189,UK,2024-04-01,1
2190,Customer_2190,UAE,2022-01-23,0
2191,Customer_2191,Pakistan,2022-09-01,1
2192,Customer_2192,USA,2023-09-27,0
2193,Customer_2193,UAE,2022-03-30,
2194,Customer_2194,India,2022-12-31,1
2195,Customer_2195,Pakistan,2023-09-25,0
2196,Customer_2196,India,2024-01-15,0
2197,Customer_2197,India,2022-02-02,1
2198,Customer_2198,USA,2023-05-19,0
2199,Customer_2199,India,2024-02-08,0
2200,Customer_2200,India,2024-02-08,1
2201,Customer_2201,,2022-08-17,0
2202,Customer_2202,Pakistan,2024-02-09,1
2203,Customer_2203,India,2024-06-11,0
2204,Customer_2204,Pakistan,2023-12-16,1
2205,Customer_2205,UAE,2023-08-13,0
2206,Customer_2206,USA,2022-06-28,0
2207,Customer_2207,Pakistan,2023-09-16,1
2208,Customer_2208,USA,2022-02-01,1
2209,Customer_2209,Pakistan,2022-04-20,0
2210,Customer_2210,USA,2022-05-13,0
2211,Customer_2211,UK,2022-09-01,1
2212,Customer_2212,UK,2023-09-12,1
2213,Customer_2213,Pakistan,2023-11-26,
2214,Customer_2214,,2024-01-30,
2215,Customer_2215,UAE,2023-10-18,1
2216,Customer_2216,Pakistan,2022-06-22,0
2217,Customer_2217,UK,2023-10-02,1
2218,Customer_2218,Pakistan,2024-05-03,1
2219,Customer_2219,USA,2023-08-30,0
2220,Customer_2220,Pakistan,2024-05-27,0
2221,Customer_2221,UAE,2024-04-08,0
2222,Customer_2222,India,2024-02-09,0
2223,Customer_2223,Pakistan,2024-04-07,0
2224,Customer_2224,Pakistan,2024-01-31,1
2225,Customer_2225,Pakistan,2022-11-27,1
2226,Customer_2226,India,2023-01-21,1
2227,Customer_2227,Pakistan,2022-04-14,0
2228,Customer_2228,India,2023-09-21,0
2229,Customer_2229,Pakistan,2023-12-23,1
2230,Customer_2230,Pakistan,2022-08-21,0
2231,Customer_2231,UAE,2023-12-19,1
2232,Customer_2232,Pakistan,2022-05-24,
2233,Customer_2233,USA,2023-05-10,0
2234,Customer_2234,USA,2024-03-23,0
2235,Customer_2235,UAE,2024-04-19,1
2236,Customer_2236,India,2024-04-28,
2237,Customer_2237,USA,2023-04-03,1
2238,Customer_2238,Pakistan,2023-09-27,1
2239,Customer_2239,Pakistan,2022-12-05,0
2240,Customer_2240,Pakistan,2023-04-18,
2241,Customer_2241,UK,2023-08-28,0
2242,Customer_2242,Pakistan,2023-10-17,0
2243,Customer_2243,India,2023-04-26,1
2244,Customer_2244,,2023-06-27,
2245,Customer_2245,USA,2022-02-12,0
2246,Customer_2246,India,2024-06-05,0
2247,Customer_2247,Pakistan,2024-01-14,0
2248,Customer_2248,UK,2022-06-02,0
2249,Customer_2249,India,2023-10-31,0
2250,Customer_2250,Pakistan,2022-07-05,
2251,Customer_2251,Pakistan,2022-03-06,1
2252,Customer_2252,USA,2023-10-10,1
2253,Customer_2253,UAE,2022-01-06,1
2254,Customer_2254,UK,2023-06-17,1
2255,Customer_2255,USA,2023-07-18,1
2256,Customer_2256,India,2024-01-20,1
2257,Customer_2257,India,2024-05-01,0
2258,Customer_2258,India,2022-04-21,1
2259,Customer_2259,Pakistan,2023-04-21,1
2260,Customer_2260,India,2022-09-02,1
2261,Customer_2261,UK,2023-10-17,
2262,Customer_2262,UAE,2023-05-30,0
2263,Customer_2263,USA,2022-10-13,1
2264,Customer_2264,India,2024-05-05,0
2265,Customer_2265,UAE,2023-11-10,1
2266,Customer_2266,UAE,2023-02-06,0
2267,Customer_2267,India,2022-07-29,0
2268,Customer_2268,UAE,2022-01-19,0
2269,Customer_2269,Pakistan,2022-01-27,1
2270,Customer_2270,India,2022-12-07,0
2271,Customer_2271,Pakistan,2023-03-25,
2272,Customer_2272,India,2022-05-09,0
2273,Customer_2273,India,2023-11-10,
2274,Customer_2274,UAE,2023-05-28,1
2275,Customer_2275,,2024-04-22,0
2276,Customer_2276,UAE,2023-02-13,0
2277,Customer_2277,UAE,2023-10-29,1
2278,Customer_2278,India,2023-10-29,1
2279,Customer_2279,UAE,2022-06-12,1
2280,Customer_2280,Pakistan,2023-09-22,0
2281,Customer_2281,Pakistan,2023-05-01,1
2282,Customer_2282,India,2024-04-30,
2283,Customer_2283,India,2023-11-26,0
2284,Customer_2284,Pakistan,2023-10-14,0
2285,Customer_2285,Pakistan,2022-05-22,0
2286,Customer_2286,Pakistan,2022-10-27,1
2287,Customer_2287,,2024-03-21,1
2288,Customer_2288,Pakistan,2022-12-16,0
2289,Customer_2289,India,2023-04-04,0
2290,Customer_2290,Pakistan,2022-03-08,0
2291,Customer_2291,UAE,2024-03-13,0
2292,Customer_2292,Pakistan,2023-08-03,0
2293,Customer_2293,Pakistan,2023-12-08,
2294,Customer_2294,India,2024-05-14,1
2295,Customer_2295,Pakistan,2023-04-28,0
2296,Customer_2296,Pakistan,2023-10-03,1
2297,Customer_2297,Pakistan,2024-02-21,1
2298,Customer_2298,Pakistan,2022-01-15,1
2299,Customer_2299,Pakistan,2023-11-20,0
2300,Customer_2300,Pakistan,2022-12-22,0
2301,Customer_2301,UK,2023-12-09,
2302,Customer_2302,India,2024-05-23,1
2303,Customer_2303,India,2022-06-27,0
2304,Customer_2304,Pakistan,2022-04-30,1
2305,Customer_2305,USA,2022-01-07,
2306,Customer_2306,India,2023-10-11,0
2307,Customer_2307,Pakistan,2022-12-27,1
2308,Customer_2308,UAE,2024-03-04,
2309,Customer_2309,Pakistan,2023-10-31,0
2310,Customer_2310,Pakistan,2023-05-23,1
2311,Customer_2311,India,2022-12-25,1
2312,Customer_2312,USA,2022-11-20,1
2313,Customer_2313,India,2022-12-19,0
2314,Customer_2314,UAE,2023-02-04,0
2315,Customer_2315,,2024-02-20,1
2316,Customer_2316,Pakistan,2022-07-02,0
2317,Customer_2317,Pakistan,2022-01-29,0
2318,Customer_2318,India,2022-05-18,0
2319,Customer_2319,India,2023-01-30,0
2320,Customer_2320,India,2022-11-04,
2321,Customer_2321,USA,2023-10-15,0
2322,Customer_2322,UAE,2022-12-16,
2323,Customer_2323,UAE,2022-06-20,0
2324,Customer_2324,Pakistan,2023-05-06,1
2325,Customer_2325,UK,2022-02-16,0
2326,Customer_2326,,2023-05-21,1
2327,Customer_2327,UK,2024-04-12,1
2328,Customer_2328,Pakistan,2023-11-07,0
2329,Customer_2329,UAE,2023-11-17,
2330,Customer_2330,Pakistan,2022-01-07,0
2331,Customer_2331,Pakistan,2023-02-17,1
2332,Customer_2332,Pakistan,2024-04-24,
2333,Customer_2333,UAE,2023-10-27,1
2334,Customer_2334,UAE,2022-01-23,
2335,Customer_2335,Pakistan,2023-12-25,0
2336,Customer_2336,India,2023-11-06,0
2337,Customer_2337,India,2022-11-26,0
2338,Customer_2338,India,2022-09-03,1
2339,Customer_2339,Pakistan,2023-04-07,1
2340,Customer_2340,India,2023-05-03,0
2341,Customer_2341,UK,2023-10-18,1
2342,Customer_2342,Pakistan,2023-06-17,0
2343,Customer_2343,Pakistan,2023-07-05,0
2344,Customer_2344,India,2023-10-06,1
2345,Customer_2345,USA,2023-09-04,1
2346,Customer_2346,UAE,2022-12-19,1
2347,Customer_2347,UAE,2022-05-28,0
2348,Customer_2348,India,2023-03-14,1
2349,Customer_2349,India,2022-01-11,0
2350,Customer_2350,Pakistan,2022-07-26,0
2351,Customer_2351,UAE,2022-02-21,1
2352,Customer_2352,USA,2022-02-02,1
2353,Customer_2353,UAE,2023-06-13,0
2354,Customer_2354,USA,2023-02-25,0
2355,Customer_2355,UAE,2022-06-13,1
2356,Customer_2356,Pakistan,2023-08-18,0
2357,Customer_2357,USA,2022-05-15,1
2358,Customer_2358,Pakistan,2024-04-11,1
2359,Customer_2359,India,2024-05-30,0
2360,Customer_2360,Pakistan,2024-06-07,1
2361,Customer_2361,Pakistan,2022-05-28,1
2362,Customer_2362,India,2022-04-04,0
2363,Customer_2363,Pakistan,2023-08-11,1
2364,Customer_2364,India,2023-03-19,0
2365,Customer_2365,India,2023-10-06,1
2366,Customer_2366,Pakistan,2022-08-23,0
2367,Customer_2367,Pakistan,2023-02-21,1
2368,Customer_2368,India,2023-12-25,0
2369,Customer_2369,Pakistan,2023-08-01,0
2370,Customer_2370,UAE,2024-01-10,1
2371,Customer_2371,UAE,2022-10-25,0
2372,Customer_2372,UK,2022-01-19,0
2373,Customer_2373,UAE,2023-07-26,0
2374,Customer_2374,India,2023-02-22,0
2375,Customer_2375,UAE,2023-04-27,
2376,Customer_2376,Pakistan,2022-07-20,1
2377,Customer_2377,Pakistan,2022-09-21,0
2378,Customer_2378,UK,2023-03-07,1
2379,Customer_2379,India,2024-01-15,1
2380,Customer_2380,UK,2022-07-25,
2381,Customer_2381,UK,2023-02-17,0
2382,Customer_2382,USA,2022-04-28,1
2383,Customer_2383,USA,2022-08-07,1
2384,Customer_2384,India,2023-03-19,1
2385,Customer_2385,Pakistan,2023-09-28,1
2386,Customer_2386,India,2024-05-19,0
2387,Customer_2387,India,2022-01-22,1
2388,Customer_2388,UAE,2023-02-23,1
2389,Customer_2389,UAE,2024-02-18,
2390,Customer_2390,UAE,2024-05-21,0
2391,Customer_2391,India,2023-07-09,1
2392,Customer_2392,Pakistan,2022-07-20,
2393,Customer_2393,India,2024-01-27,1
2394,Customer_2394,Pakistan,2024-01-27,1
2395,Customer_2395,USA,2023-01-31,1
2396,Customer_2396,Pakistan,2024-04-03,0
2397,Customer_2397,Pakistan,2023-07-12,1
2398,Customer_2398,Pakistan,2023-12-20,0
2399,Customer_2399,UAE,2023-07-13,1
2400,Customer_2400,UAE,2022-08-29,0
2401,Customer_2401,Pakistan,2023-01-14,1
2402,Customer_2402,Pakistan,2022-07-10,1
2403,Customer_2403,India,2022-07-01,0
2404,Customer_2404,Pakistan,2022-09-12,0
2405,Customer_2405,UAE,2023-11-24,
2406,Customer_2406,UAE,2023-07-30,0
2407,Customer_2407,India,2022-01-20,0
2408,Customer_2408,Pakistan,2024-05-13,0
2409,Customer_2409,,2023-02-11,
2410,Customer_2410,India,2022-03-15,
2411,Customer_2411,UAE,2024-05-26,1
2412,Customer_2412,Pakistan,2023-05-13,1
2413,Customer_2413,India,2022-09-11,0
2414,Customer_2414,Pakistan,2023-05-28,
2415,Customer_2415,India,2024-03-09,0
2416,Customer_2416,,2023-03-11,0
2417,Customer_2417,India,2024-05-20,0
2418,Customer_2418,Pakistan,2022-03-30,1
2419,Customer_2419,Pakistan,2022-07-01,1
2420,Customer_2420,India,2024-05-24,0
2421,Customer_2421,Pakistan,2024-02-26,
2422,Customer_2422,Pakistan,2024-04-17,0
2423,Customer_2423,UK,2022-10-14,0
2424,Customer_2424,India,2023-08-30,1
2425,Customer_2425,Pakistan,2024-03-17,1
2426,Customer_2426,USA,2023-08-17,1
2427,Customer_2427,Pakistan,2022-11-16,1
2428,Customer_2428,,2022-01-17,1
2429,Customer_2429,Pakistan,2022-09-22,0
2430,Customer_2430,USA,2023-03-22,1
2431,Customer_2431,UAE,2024-05-10,
2432,Customer_2432,UK,2022-12-09,0
2433,Customer_2433,,2022-03-18,1
2434,Customer_2434,Pakistan,2024-01-09,1
2435,Customer_2435,,2022-03-06,0
2436,Customer_2436,India,2024-04-21,
2437,Customer_2437,India,2024-05-29,1
2438,Customer_2438,Pakistan,2022-12-13,0
2439,Customer_2439,India,2023-09-13,0
2440,Customer_2440,Pakistan,2022-11-19,0
2441,Customer_2441,India,2022-01-19,1
2442,Customer_2442,India,2023-02-14,1
2443,Customer_2443,UK,2023-11-21,
2444,Customer_2444,UK,2023-09-23,0
2445,Customer_2445,India,2022-01-19,0
2446,Customer_2446,Pakistan,2022-01-26,0
2447,Customer_2447,Pakistan,2024-04-13,1
2448,Customer_2448,Pakistan,2023-12-10,
2449,Customer_2449,Pakistan,2023-11-13,1
2450,Customer_2450,Pakistan,2023-07-03,0
2451,Customer_2451,Pakistan,2024-03-18,1
2452,Customer_2452,,2022-07-26,1
2453,Customer_2453,India,2022-01-13,0
2454,Customer_2454,Pakistan,2024-06-10,1
2455,Customer_2455,India,2022-06-29,0
2456,Customer_2456,Pakistan,2023-09-11,0
2457,Customer_2457,India,2023-08-28,0
2458,Customer_2458,UAE,2022-04-29,1
2459,Customer_2459,India,2024-01-20,0
2460,Customer_2460,India,2023-04-30,0
2461,Customer_2461,,2023-07-12,0
2462,Customer_2462,USA,2022-06-04,1
2463,Customer_2463,UAE,2022-05-23,
2464,Customer_2464,India,2023-08-29,1
2465,Customer_2465,UAE,2022-05-27,0
2466,Customer_2466,Pakistan,2022-01-13,0
2467,Customer_2467,India,2022-05-31,0
2468,Customer_2468,Pakistan,2022-05-10,0
2469,Customer_2469,India,2022-04-09,1
2470,Customer_2470,India,2022-05-09,1
2471,Customer_2471,Pakistan,2022-02-16,1
2472,Customer_2472,,2023-10-28,1
2473,Customer_2473,USA,2023-09-25,0
2474,Customer_2474,UAE,2023-05-20,0
2475,Customer_2475,India,2023-06-14,1
2476,Customer_2476,USA,2023-04-19,0
2477,Customer_2477,Pakistan,2023-11-08,0
2478,Customer_2478,UK,2022-01-02,0
2479,Customer_2479,Pakistan,2023-04-10,0
2480,Customer_2480,UK,2024-01-24,0
2481,Customer_2481,Pakistan,2022-10-09,1
2482,Customer_2482,USA,2023-08-24,1
2483,Customer_2483,USA,2023-08-16,0
2484,Customer_2484,Pakistan,2024-03-01,0
2485,Customer_2485,India,2022-02-21,1
2486,Customer_2486,,2022-01-20,0
2487,Customer_2487,India,2022-11-23,0
2488,Customer_2488,USA,2022-05-18,0
2489,Customer_2489,India,2022-08-10,0
2490,Customer_2490,India,2023-08-01,1
2491,Customer_2491,Pakistan,2023-12-05,1
2492,Customer_2492,Pakistan,2024-01-14,0
2493,Customer_2493,UK,2024-05-06,0
2494,Customer_2494,India,2024-02-22,0
2495,Customer_2495,India,2023-01-30,0
2496,Customer_2496,India,2023-01-05,
2497,Customer_2497,India,2022-02-27,1
2498,Customer_2498,USA,2023-05-18,1
2499,Customer_2499,,2023-05-29,1
2500,Customer_2500,India,2022-01-23,1
2501,Customer_2501,UK,2023-05-02,1
2502,Customer_2502,UK,2022-09-12,0
2503,Customer_2503,India,2023-02-09,0
2504,Customer_2504,,2023-03-27,1
2505,Customer_2505,Pakistan,2022-04-30,0
2506,Customer_2506,Pakistan,2022-05-01,
2507,Customer_2507,USA,2023-12-13,1
2508,Customer_2508,India,2022-03-01,
2509,Customer_2509,UK,2023-01-24,0
2510,Customer_2510,USA,2023-11-16,1
2511,Customer_2511,Pakistan,2023-02-05,0
2512,Customer_2512,USA,2023-01-20,
2513,Customer_2513,India,2022-11-26,0
2514,Customer_2514,India,2024-02-28,1
2515,Customer_2515,UAE,2024-04-03,1
2516,Customer_2516,USA,2022-12-15,0
2517,Customer_2517,Pakistan,2024-05-16,1
2518,Customer_2518,India,2022-02-22,
2519,Customer_2519,UAE,2022-10-27,0
2520,Customer_2520,UAE,2023-05-09,1
2521,Customer_2521,UAE,2022-07-01,0
2522,Customer_2522,Pakistan,2022-11-30,1
2523,Customer_2523,Pakistan,2023-11-12,1
2524,Customer_2524,India,2022-12-31,0
2525,Customer_2525,UK,2022-08-18,0
2526,Customer_2526,Pakistan,2023-06-02,1
2527,Customer_2527,Pakistan,2023-03-14,0
2528,Customer_2528,,2023-01-20,0
2529,Customer_2529,Pakistan,2023-12-19,1
2530,Customer_2530,,2022-09-04,0
2531,Customer_2531,UAE,2022-08-03,0
2532,Customer_2532,UK,2022-09-29,1
2533,Customer_2533,Pakistan,2022-12-30,0
2534,Customer_2534,Pakistan,2022-10-31,0
2535,Customer_2535,UAE,2022-12-27,0
2536,Customer_2536,UK,2023-10-29,1
2537,Customer_2537,UAE,2024-05-24,1
2538,Customer_2538,Pakistan,2023-07-25,1
2539,Customer_2539,UK,2023-06-23,0
2540,Customer_2540,UK,2023-07-25,0
2541,Customer_2541,UAE,2022-08-14,0
2542,Customer_2542,UK,2022-05-18,0
2543,Customer_2543,UK,2023-10-16,
2544,Customer_2544,UAE,2023-03-13,0
2545,Customer_2545,Pakistan,2022-11-30,0
2546,Customer_2546,India,2022-06-10,0
2547,Customer_2547,Pakistan,2023-04-26,1
2548,Customer_2548,India,2023-04-08,1
2549,Customer_2549,India,2023-06-27,1
2550,Customer_2550,Pakistan,2024-02-16,1
2551,Customer_2551,Pakistan,2023-02-10,1
2552,Customer_2552,Pakistan,2022-05-13,0
2553,Customer_2553,UK,2023-03-27,0
2554,Customer_2554,USA,2023-12-24,1
2555,Customer_2555,Pakistan,2023-02-26,1
2556,Customer_2556,,2023-05-20,1
2557,Customer_2557,India,2022-05-27,1
2558,Customer_2558,Pakistan,2022-11-04,1
2559,Customer_2559,Pakistan,2023-12-05,1
2560,Customer_2560,India,2024-02-05,1
2561,Customer_2561,UK,2023-08-11,1
2562,Customer_2562,UAE,2023-03-30,0
2563,Customer_2563,Pakistan,2022-11-03,1
2564,Customer_2564,Pakistan,2022-10-13,
2565,Customer_2565,India,2022-08-28,0
2566,Customer_2566,Pakistan,2024-03-25,1
2567,Customer_2567,Pakistan,2022-05-08,1
2568,Customer_2568,Pakistan,2024-02-28,0
2569,Customer_2569,UK,2022-11-01,1
2570,Customer_2570,USA,2022-06-17,0
2571,Customer_2571,India,2023-01-23,
2572,Customer_2572,USA,2024-03-11,1
2573,Customer_2573,Pakistan,2024-04-11,0
2574,Customer_2574,India,2022-03-10,0
2575,Customer_2575,Pakistan,2023-05-05,1
2576,Customer_2576,UAE,2024-02-20,0
2577,Customer_2577,,2023-01-10,0
2578,Customer_2578,UAE,2024-05-18,1
2579,Customer_2579,India,2022-09-19,0
2580,Customer_2580,UAE,2022-12-30,0
2581,Customer_2581,Pakistan,2022-12-24,1
2582,Customer_2582,USA,2023-09-21,
2583,Customer_2583,India,2022-08-17,1
2584,Customer_2584,India,2022-01-05,1
2585,Customer_2585,India,2024-05-18,0
2586,Customer_2586,UAE,2023-10-23,0
2587,Customer_2587,Pakistan,2023-05-05,0
2588,Customer_2588,UAE,2022-04-10,1
2589,Customer_2589,Pakistan,2023-09-23,
2590,Customer_2590,UAE,2023-11-14,1
2591,Customer_2591,UK,2024-01-24,1
2592,Customer_2592,UK,2023-08-28,1
2593,Customer_2593,India,2022-08-21,0
2594,Customer_2594,India,2024-03-05,0
2595,Customer_2595,Pakistan,2022-05-07,0
2596,Customer_2596,UK,2022-10-29,0
2597,Customer_2597,Pakistan,2022-10-16,1
2598,Customer_2598,India,2022-05-06,0
2599,Customer_2599,Pakistan,2024-03-23,1
2600,Customer_2600,Pakistan,2022-11-01,1
2601,Customer_2601,UAE,2024-01-30,0
2602,Customer_2602,Pakistan,2023-01-01,1
2603,Customer_2603,UAE,2023-06-18,1
2604,Customer_2604,Pakistan,2023-06-16,0
2605,Customer_2605,Pakistan,2024-03-18,1
2606,Customer_2606,India,2023-09-07,1
2607,Customer_2607,Pakistan,2022-09-30,1
2608,Customer_2608,Pakistan,2024-01-03,1
2609,Customer_2609,UAE,2024-02-21,1
2610,Customer_2610,Pakistan,2024-03-11,1
2611,Customer_2611,UK,2022-06-16,0
2612,Customer_2612,Pakistan,2022-03-26,0
2613,Customer_2613,Pakistan,2024-06-12,0
2614,Customer_2614,UAE,2022-08-27,0
2615,Customer_2615,Pakistan,2023-02-22,
2616,Customer_2616,Pakistan,2023-09-22,1
2617,Customer_2617,India,2022-07-07,0
2618,Customer_2618,Pakistan,2022-07-03,0
2619,Customer_2619,UK,2022-10-26,0
2620,Customer_2620,Pakistan,2022-10-27,1
2621,Customer_2621,UK,2023-05-16,1
2622,Customer_2622,USA,2024-01-12,1
2623,Customer_2623,India,2023-02-12,
2624,Customer_2624,USA,2024-01-28,0
2625,Customer_2625,India,2022-10-29,0
2626,Customer_2626,,2023-06-07,0
2627,Customer_2627,Pakistan,2023-03-27,0
2628,Customer_2628,UAE,2023-06-08,
2629,Customer_2629,India,2022-02-25,1
2630,Customer_2630,India,2022-11-11,1
2631,Customer_2631,UAE,2022-04-27,1
2632,Customer_2632,UAE,2022-01-02,0
2633,Customer_2633,Pakistan,2023-02-08,0
2634,Customer_2634,Pakistan,2023-11-11,1
2635,Customer_2635,UAE,2024-03-13,1
2636,Customer_2636,UAE,2024-03-18,0
2637,Customer_2637,,2023-06-19,1
2638,Customer_2638,UK,2024-01-25,1
2639,Customer_2639,,2022-08-03,0
2640,Customer_2640,UAE,2022-12-10,1
2641,Customer_2641,Pakistan,2023-07-25,0
2642,Customer_2642,Pakistan,2024-05-19,1
2643,Customer_2643,UK,2022-09-07,1
2644,Customer_2644,UAE,2022-09-26,
2645,Customer_2645,Pakistan,2022-01-15,0
2646,Customer_2646,India,2024-06-12,0
2647,Customer_2647,,2023-11-18,0
2648,Customer_2648,India,2023-01-23,0
2649,Customer_2649,India,2022-06-27,1
2650,Customer_2650,India,2022-05-29,
2651,Customer_2651,Pakistan,2023-07-15,0
2652,Customer_2652,India,2023-05-24,0
2653,Customer_2653,India,2022-04-05,0
2654,Customer_2654,Pakistan,2023-10-16,1
2655,Customer_2655,UK,2022-09-22,0
2656,Customer_2656,India,2022-11-21,0
2657,Customer_2657,UK,2022-11-07,1
2658,Customer_2658,USA,2023-01-04,0
2659,Customer_2659,Pakistan,2024-01-13,1
2660,Customer_2660,UAE,2023-07-15,1
2661,Customer_2661,India,2022-09-07,0
2662,Customer_2662,USA,2024-05-14,1
2663,Customer_2663,Pakistan,2023-11-11,1
2664,Customer_2664,UAE,2023-12-06,1
2665,Customer_2665,UAE,2022-01-27,0
2666,Customer_2666,Pakistan,2023-02-08,0
2667,Customer_2667,Pakistan,2022-05-08,1
2668,Customer_2668,UAE,2024-01-10,1
2669,Customer_2669,UAE,2022-09-13,0
2670,Customer_2670,Pakistan,2024-01-27,0
2671,Customer_2671,UAE,2023-05-22,0
2672,Customer_2672,India,2022-04-07,0
2673,Customer_2673,UAE,2024-01-24,1
2674,Customer_2674,Pakistan,2023-05-29,0
2675,Customer_2675,USA,2023-11-14,0
2676,Customer_2676,Pakistan,2022-07-01,1
2677,Customer_2677,India,2023-10-08,0
2678,Customer_2678,Pakistan,2023-07-15,1
2679,Customer_2679,Pakistan,2024-01-26,1
2680,Customer_2680,India,2023-04-10,0
2681,Customer_2681,Pakistan,2023-11-30,1
2682,Customer_2682,UK,2023-11-10,1
2683,Customer_2683,Pakistan,2023-05-08,0
2684,Customer_2684,India,2023-04-18,0
2685,Customer_2685,Pakistan,2024-06-09,1
2686,Customer_2686,Pakistan,2023-06-06,
2687,Customer_2687,Pakistan,2023-10-25,1
2688,Customer_2688,India,2022-08-01,0
2689,Customer_2689,India,2023-04-28,1
2690,Customer_2690,India,2023-06-01,0
2691,Customer_2691,India,2022-06-28,1
2692,Customer_2692,India,2022-09-07,1
2693,Customer_2693,Pakistan,2023-08-31,1
2694,Customer_2694,India,2022-02-27,1
2695,Customer_2695,,2022-03-31,1
2696,Customer_2696,India,2022-06-21,1
2697,Customer_2697,UAE,2022-01-02,0
2698,Customer_2698,Pakistan,2022-12-03,1
2699,Customer_2699,UK,2023-03-25,
2700,Customer_2700,UK,2022-01-30,0
2701,Customer_2701,India,2023-03-14,1
2702,Customer_2702,,2023-06-23,0
2703,Customer_2703,Pakistan,2022-01-29,1
2704,Customer_2704,Pakistan,2023-10-31,1
2705,Customer_2705,UK,2022-09-19,0
2706,Customer_2706,UK,2022-04-27,1
2707,Customer_2707,Pakistan,2023-08-24,0
2708,Customer_2708,Pakistan,2022-10-17,1
2709,Customer_2709,Pakistan,2022-04-02,1
2710,Customer_2710,Pakistan,2023-02-07,0
2711,Customer_2711,UK,2024-05-15,0
2712,Customer_2712,India,2024-04-26,0
2713,Customer_2713,Pakistan,2022-01-14,1
2714,Customer_2714,India,2024-02-02,1
2715,Customer_2715,Pakistan,2022-05-04,0
2716,Customer_2716,Pakistan,2024-05-02,0
2717,Customer_2717,UAE,2024-02-28,0
2718,Customer_2718,,2024-04-20,1
2719,Customer_2719,UK,2023-05-30,1
2720,Customer_2720,Pakistan,2023-09-02,0
2721,Customer_2721,USA,2022-12-30,1
2722,Customer_2722,UK,2023-11-23,0
2723,Customer_2723,UK,2022-01-15,
2724,Customer_2724,India,2022-08-26,
2725,Customer_2725,India,2022-12-25,1
2726,Customer_2726,Pakistan,2023-10-12,
2727,Customer_2727,Pakistan,2023-12-19,1
2728,Customer_2728,Pakistan,2022-06-06,1
2729,Customer_2729,Pakistan,2023-01-03,1
2730,Customer_2730,India,2022-03-03,0
2731,Customer_2731,UAE,2022-12-15,0
2732,Customer_2732,India,2022-08-06,0
2733,Customer_2733,Pakistan,2023-01-02,1
2734,Customer_2734,,2022-03-05,0
2735,Customer_2735,USA,2023-02-17,0
2736,Customer_2736,UK,2024-04-07,1
2737,Customer_2737,,2022-07-21,0
2738,Customer_2738,India,2023-02-04,1
2739,Customer_2739,,2022-04-22,
2740,Customer_2740,Pakistan,2022-03-26,1
2741,Customer_2741,India,2023-10-01,1
2742,Customer_2742,Pakistan,2024-05-25,1
2743,Customer_2743,Pakistan,2024-01-16,1
2744,Customer_2744,Pakistan,2023-09-18,0
2745,Customer_2745,UAE,2022-01-07,1
2746,Customer_2746,UK,2024-02-25,0
2747,Customer_2747,India,2023-04-30,0
2748,Customer_2748,Pakistan,2023-09-19,1
2749,Customer_2749,UK,2023-02-13,0
2750,Customer_2750,UAE,2023-06-29,0
2751,Customer_2751,India,2022-05-11,0
2752,Customer_2752,UAE,2023-12-13,0
2753,Customer_2753,Pakistan,2022-08-24,0
2754,Customer_2754,Pakistan,2024-05-25,0
2755,Customer_2755,USA,2024-06-05,1
2756,Customer_2756,Pakistan,2023-05-15,1
2757,Customer_2757,India,2022-03-06,0
2758,Customer_2758,USA,2022-12-09,1
2759,Customer_2759,UAE,2022-05-16,0
2760,Customer_2760,Pakistan,2023-10-14,0
2761,Customer_2761,Pakistan,2024-01-29,0
2762,Customer_2762,Pakistan,2023-09-15,1
2763,Customer_2763,UAE,2024-04-09,0
2764,Customer_2764,India,2024-01-06,1
2765,Customer_2765,Pakistan,2023-06-22,1
2766,Customer_2766,,2024-03-27,1
2767,Customer_2767,India,2022-01-20,1
2768,Customer_2768,Pakistan,2023-10-13,
2769,Customer_2769,India,2024-04-23,0
2770,Customer_2770,UAE,2023-11-19,0
2771,Customer_2771,Pakistan,2022-04-28,1
2772,Customer_2772,Pakistan,2022-07-09,1
2773,Customer_2773,UK,2023-09-21,0
2774,Customer_2774,India,2022-08-22,0
2775,Customer_2775,India,2022-09-12,1
2776,Customer_2776,India,2022-08-11,0
2777,Customer_2777,Pakistan,2022-03-18,0
2778,Customer_2778,Pakistan,2022-08-07,
2779,Customer_2779,India,2022-11-19,1
2780,Customer_2780,Pakistan,2024-05-18,1
2781,Customer_2781,Pakistan,2023-04-19,1
2782,Customer_2782,UK,2022-10-06,1
2783,Customer_2783,,2022-10-29,0
2784,Customer_2784,UK,2023-09-19,0
2785,Customer_2785,USA,2023-05-25,1
2786,Customer_2786,Pakistan,2022-08-08,1
2787,Customer_2787,,2022-02-04,0
2788,Customer_2788,Pakistan,2023-05-11,
2789,Customer_2789,,2024-04-29,1
2790,Customer_2790,,2022-11-11,0
2791,Customer_2791,UAE,2024-03-20,0
2792,Customer_2792,,2023-09-03,0
2793,Customer_2793,India,2022-06-04,1
2794,Customer_2794,Pakistan,2022-05-28,
2795,Customer_2795,India,2022-07-11,0
2796,Customer_2796,India,2022-02-13,
2797,Customer_2797,Pakistan,2022-06-09,1
2798,Customer_2798,UAE,2023-08-02,1
2799,Customer_2799,,2023-11-21,1
2800,Customer_2800,Pakistan,2022-12-14,0
2801,Customer_2801,UK,2023-11-16,1
2802,Customer_2802,USA,2022-06-22,0
2803,Customer_2803,USA,2024-02-21,1
2804,Customer_2804,,2022-11-01,0
2805,Customer_2805,India,2024-01-02,1
2806,Customer_2806,,2022-09-19,1
2807,Customer_2807,UK,2024-02-22,0
2808,Customer_2808,Pakistan,2022-10-28,0
2809,Customer_2809,India,2024-05-02,1
2810,Customer_2810,UAE,2023-05-02,1
2811,Customer_2811,Pakistan,2023-07-16,0
2812,Customer_2812,UAE,2023-11-24,1
2813,Customer_2813,UAE,2023-01-05,0
2814,Customer_2814,Pakistan,2024-02-15,0
2815,Customer_2815,India,2024-04-26,0
2816,Customer_2816,UK,2022-04-11,0
2817,Customer_2817,India,2024-04-24,1
2818,Customer_2818,Pakistan,2024-01-06,
2819,Customer_2819,Pakistan,2024-01-22,0
2820,Customer_2820,India,2024-03-30,1
2821,Customer_2821,USA,2023-06-11,0
2822,Customer_2822,Pakistan,2022-10-23,1
2823,Customer_2823,UAE,2023-07-02,0
2824,Customer_2824,Pakistan,2024-04-11,1
2825,Customer_2825,Pakistan,2022-04-07,
2826,Customer_2826,UK,2024-04-15,0
2827,Customer_2827,UAE,2022-12-29,1
2828,Customer_2828,Pakistan,2022-08-18,0
2829,Customer_2829,India,2022-12-30,0
2830,Customer_2830,Pakistan,2022-05-22,0
2831,Customer_2831,India,2022-07-16,0
2832,Customer_2832,UAE,2024-01-07,0
2833,Customer_2833,Pakistan,2022-07-13,0
2834,Customer_2834,Pakistan,2022-12-14,0
2835,Customer_2835,India,2023-08-10,0
2836,Customer_2836,USA,2023-12-19,1
2837,Customer_2837,,2022-11-14,
2838,Customer_2838,Pakistan,2023-03-01,0
2839,Customer_2839,UK,2023-09-26,0
2840,Customer_2840,India,2024-03-06,0
2841,Customer_2841,India,2022-10-25,1
2842,Customer_2842,UK,2023-01-15,1
2843,Customer_2843,USA,2022-01-07,1
2844,Customer_2844,,2023-08-17,0
2845,Customer_2845,India,2023-01-17,0
2846,Customer_2846,India,2022-05-16,0
2847,Customer_2847,UK,2022-09-10,
2848,Customer_2848,Pakistan,2022-08-04,1
2849,Customer_2849,India,2023-09-07,0
2850,Customer_2850,India,2023-01-22,1
2851,Customer_2851,UAE,2023-05-29,0
2852,Customer_2852,Pakistan,2023-11-15,0
2853,Customer_2853,Pakistan,2022-07-26,1
2854,Customer_2854,USA,2022-07-22,1
2855,Customer_2855,Pakistan,2022-08-02,0
2856,Customer_2856,India,2024-02-09,0
2857,Customer_2857,Pakistan,2022-08-19,1
2858,Customer_2858,Pakistan,2023-09-30,1
2859,Customer_2859,Pakistan,2022-07-27,1
2860,Customer_2860,Pakistan,2024-03-07,0
2861,Customer_2861,USA,2023-06-09,0
2862,Customer_2862,Pakistan,2023-06-19,
2863,Customer_2863,,2024-04-10,1
2864,Customer_2864,India,2024-04-27,0
2865,Customer_2865,India,2022-09-11,1
2866,Customer_2866,India,2023-08-09,1
2867,Customer_2867,India,2022-09-09,0
2868,Customer_2868,UK,2024-04-06,0
2869,Customer_2869,Pakistan,2023-06-19,1
2870,Customer_2870,India,2024-02-02,1
2871,Customer_2871,USA,2022-07-22,1
2872,Customer_2872,USA,2024-02-23,1
2873,Customer_2873,USA,2022-09-03,0
2874,Customer_2874,India,2024-04-11,0
2875,Customer_2875,UK,2022-07-10,
2876,Customer_2876,India,2023-01-26,0
2877,Customer_2877,India,2024-02-08,1
2878,Customer_2878,Pakistan,2022-11-21,1
2879,Customer_2879,India,2022-06-02,1
2880,Customer_2880,Pakistan,2023-06-11,0
2881,Customer_2881,Pakistan,2023-06-10,1
2882,Customer_2882,USA,2023-05-13,1
2883,Customer_2883,Pakistan,2023-09-10,1
2884,Customer_2884,Pakistan,2022-05-30,1
2885,Customer_2885,Pakistan,2022-12-14,0
2886,Customer_2886,USA,2023-03-16,0
2887,Customer_2887,India,2022-07-08,0
2888,Customer_2888,India,2023-09-20,0
2889,Customer_2889,UK,2022-09-22,
2890,Customer_2890,UK,2022-02-14,1
2891,Customer_2891,Pakistan,2022-01-19,1
2892,Customer_2892,UAE,2022-09-06,1
2893,Customer_2893,UK,2022-06-09,0
2894,Customer_2894,UAE,2022-06-30,
2895,Customer_2895,Pakistan,2022-12-01,0
2896,Customer_2896,USA,2023-03-21,0
2897,Customer_2897,India,2022-01-21,1
2898,Customer_2898,Pakistan,2023-09-11,1
2899,Customer_2899,India,2023-06-13,1
2900,Customer_2900,Pakistan,2024-03-09,0
2901,Customer_2901,Pakistan,2024-05-18,1
2902,Customer_2902,UK,2023-03-17,0
2903,Customer_2903,Pakistan,2023-10-19,0
2904,Customer_2904,India,2022-04-06,1
2905,Customer_2905,India,2022-02-16,1
2906,Customer_2906,Pakistan,2023-08-15,1
2907,Customer_2907,,2023-11-27,1
2908,Customer_2908,Pakistan,2022-02-06,1
2909,Customer_2909,Pakistan,2023-06-04,1
2910,Customer_2910,Pakistan,2022-07-10,1
2911,Customer_2911,Pakistan,2022-06-26,1
2912,Customer_2912,Pakistan,2024-06-16,
2913,Customer_2913,UAE,2023-04-24,
2914,Customer_2914,,2024-02-11,0
2915,Customer_2915,Pakistan,2024-01-01,1
2916,Customer_2916,UAE,2023-07-30,1
2917,Customer_2917,UAE,2023-10-07,0
2918,Customer_2918,UK,2023-09-19,1
2919,Customer_2919,India,2022-08-17,0
2920,Customer_2920,Pakistan,2022-03-19,1
2921,Customer_2921,Pakistan,2023-07-23,1
2922,Customer_2922,UAE,2022-03-08,0
2923,Customer_2923,UK,2023-10-19,0
2924,Customer_2924,Pakistan,2023-03-15,
2925,Customer_2925,India,2022-10-14,0
2926,Customer_2926,USA,2022-03-26,0
2927,Customer_2927,UK,2024-05-16,0
2928,Customer_2928,,2023-02-26,1
2929,Customer_2929,UK,2022-06-17,1
2930,Customer_2930,India,2024-03-10,1
2931,Customer_2931,India,2023-10-15,1
2932,Customer_2932,UAE,2022-08-17,1
2933,Customer_2933,Pakistan,2022-01-11,1
2934,Customer_2934,India,2022-12-18,0
2935,Customer_2935,UAE,2023-12-25,1
2936,Customer_2936,Pakistan,2024-03-14,1
2937,Customer_2937,UK,2023-07-04,1
2938,Customer_2938,India,2024-02-03,0
2939,Customer_2939,,2023-06-12,0
2940,Customer_2940,Pakistan,2023-04-09,0
2941,Customer_2941,Pakistan,2024-04-04,0
2942,Customer_2942,UAE,2023-03-03,1
2943,Customer_2943,Pakistan,2023-03-06,0
2944,Customer_2944,UAE,2023-08-05,1
2945,Customer_2945,UK,2022-08-31,0
2946,Customer_2946,Pakistan,2022-01-19,0
2947,Customer_2947,India,2024-06-17,1
2948,Customer_2948,India,2023-03-17,0
2949,Customer_2949,India,2022-06-15,1
2950,Customer_2950,USA,2022-03-03,0
2951,Customer_2951,UK,2024-05-07,0
2952,Customer_2952,UAE,2023-01-05,1
2953,Customer_2953,UAE,2022-10-13,1
2954,Customer_2954,India,2023-12-15,0
2955,Customer_2955,USA,2024-04-05,0
2956,Customer_2956,UAE,2023-05-02,1
2957,Customer_2957,UAE,2023-01-22,
2958,Customer_2958,USA,2024-06-04,1
2959,Customer_2959,Pakistan,2022-10-10,0
2960,Customer_2960,UK,2022-08-29,
2961,Customer_2961,Pakistan,2023-06-25,0
2962,Customer_2962,Pakistan,2022-06-10,0
2963,Customer_2963,Pakistan,2022-05-10,1
2964,Customer_2964,,2024-03-29,0
2965,Customer_2965,USA,2022-12-04,0
2966,Customer_2966,UAE,2024-05-26,0
2967,Customer_2967,UAE,2023-11-19,0
2968,Customer_2968,India,2022-08-04,1
2969,Customer_2969,USA,2022-11-27,1
2970,Customer_2970,India,2024-05-08,0
2971,Customer_2971,India,2022-09-29,1
2972,Customer_2972,Pakistan,2023-09-26,
2973,Customer_2973,UK,2024-04-14,1
2974,Customer_2974,UAE,2023-04-12,0
2975,Customer_2975,India,2024-05-04,
2976,Customer_2976,Pakistan,2022-12-07,1
2977,Customer_2977,UK,2023-09-29,0
2978,Customer_2978,Pakistan,2024-06-03,0
2979,Customer_2979,UAE,2024-02-08,0
2980,Customer_2980,,2022-12-22,1
2981,Customer_2981,India,2022-04-28,0
2982,Customer_2982,Pakistan,2023-08-12,1
2983,Customer_2983,UAE,2023-04-07,0
2984,Customer_2984,UK,2022-01-07,
2985,Customer_2985,India,2022-12-21,0
2986,Customer_2986,,2023-08-05,
2987,Customer_2987,Pakistan,2024-01-04,
2988,Customer_2988,India,2022-10-31,0
2989,Customer_2989,UAE,2023-08-02,1
2990,Customer_2990,USA,2022-03-31,0
2991,Customer_2991,Pakistan,2023-09-07,
2992,Customer_2992,UK,2022-04-08,1
2993,Customer_2993,India,2022-04-28,0
2994,Customer_2994,India,2022-08-16,0
2995,Customer_2995,Pakistan,2023-05-03,0
2996,Customer_2996,USA,2023-03-23,
2997,Customer_2997,Pakistan,2024-04-27,1
2998,Customer_2998,Pakistan,2023-01-25,1
2999,Customer_2999,Pakistan,2023-07-17,0
3000,Customer_3000,USA,2023-05-05,0
3001,Customer_3001,UAE,2023-10-28,
3002,Customer_3002,UK,2023-12-17,0
3003,Customer_3003,Pakistan,2022-07-04,
3004,Customer_3004,UAE,2023-06-16,0
3005,Customer_3005,India,2022-07-13,0
3006,Customer_3006,UK,2022-12-16,1
3007,Customer_3007,USA,2023-05-21,
3008,Customer_3008,Pakistan,2023-07-06,
3009,Customer_3009,UAE,2023-08-29,0
3010,Customer_3010,Pakistan,2022-11-20,0
3011,Customer_3011,India,2022-06-30,1
3012,Customer_3012,Pakistan,2022-03-31,1
3013,Customer_3013,Pakistan,2022-04-23,1
3014,Customer_3014,India,2022-01-26,0
3015,Customer_3015,UAE,2024-05-17,
3016,Customer_3016,Pakistan,2022-07-25,1
3017,Customer_3017,UAE,2024-01-09,1
3018,Customer_3018,India,2024-05-16,1
3019,Customer_3019,Pakistan,2024-06-01,0
3020,Customer_3020,UK,2024-02-11,
3021,Customer_3021,Pakistan,2023-08-30,1
3022,Customer_3022,India,2023-03-29,1
3023,Customer_3023,UAE,2022-11-23,
3024,Customer_3024,Pakistan,2023-02-06,1
3025,Customer_3025,Pakistan,2024-01-18,1
3026,Customer_3026,India,2023-07-22,0
3027,Customer_3027,USA,2022-11-18,0
3028,Customer_3028,UAE,2023-06-11,0
3029,Customer_3029,UAE,2023-06-29,0
3030,Customer_3030,UAE,2023-11-10,0
3031,Customer_3031,Pakistan,2023-09-23,0
3032,Customer_3032,India,2022-02-01,0
3033,Customer_3033,UK,2023-06-04,0
3034,Customer_3034,Pakistan,2022-01-14,0
3035,Customer_3035,Pakistan,2024-04-20,0
3036,Customer_3036,Pakistan,2023-05-23,1
3037,Customer_3037,India,2022-11-22,1
3038,Customer_3038,,2023-03-13,0
3039,Customer_3039,Pakistan,2022-02-23,1
3040,Customer_3040,India,2022-04-17,1
3041,Customer_3041,Pakistan,2024-01-11,0
3042,Customer_3042,,2022-12-06,1
3043,Customer_3043,Pakistan,2022-11-02,
3044,Customer_3044,India,2024-04-14,1
3045,Customer_3045,UAE,2022-08-24,0
3046,Customer_3046,UAE,2022-08-17,1
3047,Customer_3047,India,2022-07-29,0
3048,Customer_3048,Pakistan,2024-06-06,1
3049,Customer_3049,India,2023-10-10,
3050,Customer_3050,Pakistan,2022-06-21,1
3051,Customer_3051,Pakistan,2022-11-07,
3052,Customer_3052,India,2022-05-17,0
3053,Customer_3053,Pakistan,2022-07-14,
3054,Customer_3054,Pakistan,2022-10-16,1
3055,Customer_3055,UAE,2022-01-28,0
3056,Customer_3056,,2024-04-28,1
3057,Customer_3057,UAE,2023-12-12,0
3058,Customer_3058,Pakistan,2024-04-14,0
3059,Customer_3059,Pakistan,2022-05-24,1
3060,Customer_3060,,2022-01-19,0
3061,Customer_3061,Pakistan,2022-10-05,1
3062,Customer_3062,Pakistan,2024-04-15,0
3063,Customer_3063,India,2023-09-27,0
3064,Customer_3064,UAE,2024-05-31,
3065,Customer_3065,UAE,2022-06-22,0
3066,Customer_3066,Pakistan,2023-03-07,1
3067,Customer_3067,Pakistan,2023-03-14,1
3068,Customer_3068,,2022-04-21,1
3069,Customer_3069,Pakistan,2023-10-06,
3070,Customer_3070,UAE,2023-06-07,1
3071,Customer_3071,UAE,2022-03-05,0
3072,Customer_3072,UAE,2023-07-26,1
3073,Customer_3073,Pakistan,2023-09-21,0
3074,Customer_3074,Pakistan,2023-11-28,1
3075,Customer_3075,India,2023-09-09,
3076,Customer_3076,USA,2022-08-28,1
3077,Customer_3077,USA,2022-03-24,1
3078,Customer_3078,Pakistan,2022-03-19,1
3079,Customer_3079,Pakistan,2024-05-21,1
3080,Customer_3080,USA,2022-05-09,
3081,Customer_3081,UAE,2024-04-01,0
3082,Customer_3082,USA,2022-05-21,0
3083,Customer_3083,Pakistan,2023-07-06,1
3084,Customer_3084,India,2022-11-28,1
3085,Customer_3085,UAE,2022-08-03,0
3086,Customer_3086,UAE,2022-05-01,0
3087,Customer_3087,India,2024-02-04,0
3088,Customer_3088,Pakistan,2023-02-19,
3089,Customer_3089,India,2023-08-19,1
3090,Customer_3090,Pakistan,2022-06-09,0
3091,Customer_3091,India,2024-01-04,0
3092,Customer_3092,,2022-09-05,0
3093,Customer_3093,India,2023-08-02,0
3094,Customer_3094,UK,2022-01-21,0
3095,Customer_3095,Pakistan,2024-02-21,
3096,Customer_3096,UAE,2023-05-07,
3097,Customer_3097,,2022-05-24,0
3098,Customer_3098,Pakistan,2024-05-25,0
3099,Customer_3099,Pakistan,2023-06-18,0
3100,Customer_3100,India,2022-05-05,1
3101,Customer_3101,Pakistan,2022-12-06,0
3102,Customer_3102,UAE,2024-04-13,0
3103,Customer_3103,USA,2024-05-16,0
3104,Customer_3104,India,2022-01-26,1
3105,Customer_3105,Pakistan,2023-04-09,1
3106,Customer_3106,India,2023-11-08,1
3107,Customer_3107,UAE,2023-03-24,0
3108,Customer_3108,Pakistan,2023-01-02,
3109,Customer_3109,India,2022-11-02,
3110,Customer_3110,UAE,2022-06-22,0
3111,Customer_3111,UAE,2023-03-02,0
3112,Customer_3112,Pakistan,2022-03-08,1
3113,Customer_3113,UAE,2023-07-19,0
3114,Customer_3114,Pakistan,2022-04-13,0
3115,Customer_3115,Pakistan,2023-12-20,1
3116,Customer_3116,USA,2024-03-21,1
3117,Customer_3117,UAE,2024-03-09,0
3118,Customer_3118,Pakistan,2023-01-09,1
3119,Customer_3119,Pakistan,2022-10-18,
3120,Customer_3120,Pakistan,2022-01-07,0
3121,Customer_3121,Pakistan,2023-03-04,1
3122,Customer_3122,Pakistan,2022-11-06,0
3123,Customer_3123,Pakistan,2022-02-21,0
3124,Customer_3124,India,2022-01-04,1
3125,Customer_3125,UAE,2022-02-25,0
3126,Customer_3126,UAE,2023-08-19,0
3127,Customer_3127,UAE,2022-05-17,0
3128,Customer_3128,Pakistan,2023-12-01,1
3129,Customer_3129,,2024-03-06,1
3130,Customer_3130,UK,2023-12-12,0
3131,Customer_3131,UK,2022-03-10,1
3132,Customer_3132,UK,2022-06-19,0
3133,Customer_3133,USA,2024-02-12,1
3134,Customer_3134,India,2022-12-15,0
3135,Customer_3135,Pakistan,2023-04-06,1
3136,Customer_3136,UAE,2023-04-18,
3137,Customer_3137,UAE,2022-07-30,
3138,Customer_3138,UAE,2023-02-04,0
3139,Customer_3139,India,2022-03-27,1
3140,Customer_3140,Pakistan,2022-10-02,0
3141,Customer_3141,India,2023-05-24,
3142,Customer_3142,USA,2024-02-13,0
3143,Customer_3143,India,2023-06-18,0
3144,Customer_3144,India,2022-07-26,0
3145,Customer_3145,Pakistan,2024-02-21,0
3146,Customer_3146,India,2023-02-12,1
3147,Customer_3147,USA,2022-02-27,
3148,Customer_3148,UAE,2024-06-16,1
3149,Customer_3149,UK,2022-12-05,1
3150,Customer_3150,India,2022-07-20,1
3151,Customer_3151,UAE,2023-08-09,0
3152,Customer_3152,Pakistan,2024-05-27,0
3153,Customer_3153,UAE,2022-05-16,0
3154,Customer_3154,India,2024-03-10,0
3155,Customer_3155,India,2024-01-31,0
3156,Customer_3156,UAE,2023-12-31,0
3157,Customer_3157,USA,2023-05-20,0
3158,Customer_3158,Pakistan,2024-01-17,0
3159,Customer_3159,UK,2022-07-01,
3160,Customer_3160,Pakistan,2022-08-06,0
3161,Customer_3161,India,2023-03-04,1
3162,Customer_3162,Pakistan,2022-01-13,1
3163,Customer_3163,Pakistan,2023-11-16,1
3164,Customer_3164,India,2024-06-10,0
3165,Customer_3165,Pakistan,2024-05-06,0
3166,Customer_3166,India,2024-03-08,0
3167,Customer_3167,USA,2022-05-21,0
3168,Customer_3168,Pakistan,2024-05-27,0
3169,Customer_3169,UK,2022-10-29,1
3170,Customer_3170,India,2023-11-30,1
3171,Customer_3171,UAE,2023-05-21,1
3172,Customer_3172,Pakistan,2022-02-03,0
3173,Customer_3173,Pakistan,2024-06-19,0
3174,Customer_3174,Pakistan,2023-05-11,1
3175,Customer_3175,Pakistan,2022-08-12,0
3176,Customer_3176,Pakistan,2023-10-28,1
3177,Customer_3177,UAE,2022-12-16,1
3178,Customer_3178,USA,2023-02-01,0
3179,Customer_3179,UK,2023-03-01,0
3180,Customer_3180,UAE,2023-05-08,1
3181,Customer_3181,Pakistan,2023-05-09,0
3182,Customer_3182,Pakistan,2023-09-07,0
3183,Customer_3183,Pakistan,2024-02-11,0
3184,Customer_3184,Pakistan,2022-10-17,0
3185,Customer_3185,India,2022-05-07,1
3186,Customer_3186,India,2022-06-10,1
3187,Customer_3187,India,2022-04-11,0
3188,Customer_3188,India,2022-05-17,
3189,Customer_3189,UK,2022-07-17,
3190,Customer_3190,UK,2023-09-03,
3191,Customer_3191,Pakistan,2023-10-17,1
3192,Customer_3192,USA,2022-09-03,0
3193,Customer_3193,,2022-10-09,0
3194,Customer_3194,Pakistan,2022-03-24,1
3195,Customer_3195,India,2022-02-24,1
3196,Customer_3196,India,2023-08-27,1
3197,Customer_3197,USA,2023-11-28,
3198,Customer_3198,USA,2022-04-15,1
3199,Customer_3199,Pakistan,2022-11-21,0
3200,Customer_3200,India,2023-10-26,0
3201,Customer_3201,India,2023-07-26,0
3202,Customer_3202,India,2024-02-18,1
3203,Customer_3203,Pakistan,2024-05-28,1
3204,Customer_3204,USA,2022-04-28,1
3205,Customer_3205,UAE,2022-11-26,1
3206,Customer_3206,UK,2024-01-03,
3207,Customer_3207,USA,2023-04-19,1
3208,Customer_3208,UAE,2023-04-11,1
3209,Customer_3209,India,2022-10-13,0
3210,Customer_3210,UAE,2024-04-16,1
3211,Customer_3211,Pakistan,2022-05-15,1
3212,Customer_3212,UAE,2023-08-04,0
3213,Customer_3213,Pakistan,2023-02-22,0
3214,Customer_3214,UAE,2024-04-27,
3215,Customer_3215,Pakistan,2022-10-05,0
3216,Customer_3216,Pakistan,2023-12-14,1
3217,Customer_3217,Pakistan,2022-08-12,0
3218,Customer_3218,Pakistan,2023-07-10,1
3219,Customer_3219,UAE,2022-07-19,1
3220,Customer_3220,UAE,2022-07-15,0
3221,Customer_3221,India,2023-02-26,0
3222,Customer_3222,Pakistan,2024-05-09,
3223,Customer_3223,Pakistan,2024-01-15,1
3224,Customer_3224,Pakistan,2023-07-25,1
3225,Customer_3225,Pakistan,2023-08-07,0
3226,Customer_3226,USA,2022-09-07,0
3227,Customer_3227,Pakistan,2023-05-06,0
3228,Customer_3228,India,2023-02-09,1
3229,Customer_3229,Pakistan,2024-04-21,0
3230,Customer_3230,Pakistan,2023-06-28,0
3231,Customer_3231,India,2023-09-22,0
3232,Customer_3232,UAE,2024-05-02,0
3233,Customer_3233,Pakistan,2022-10-24,1
3234,Customer_3234,Pakistan,2022-08-28,0
3235,Customer_3235,India,2022-07-13,1
3236,Customer_3236,Pakistan,2023-01-01,
3237,Customer_3237,Pakistan,2023-03-23,0
3238,Customer_3238,,2022-02-12,1
3239,Customer_3239,UAE,2024-01-30,
3240,Customer_3240,India,2022-03-25,
3241,Customer_3241,India,2023-10-23,0
3242,Customer_3242,India,2024-04-05,0
3243,Customer_3243,India,2023-06-24,0
3244,Customer_3244,UAE,2022-11-11,1
3245,Customer_3245,UAE,2024-01-11,1
3246,Customer_3246,Pakistan,2022-02-09,1
3247,Customer_3247,India,2023-09-02,0
3248,Customer_3248,India,2024-03-04,0
3249,Customer_3249,USA,2022-08-05,1
3250,Customer_3250,UAE,2024-02-14,1
3251,Customer_3251,India,2022-01-27,1
3252,Customer_3252,Pakistan,2024-02-14,0
3253,Customer_3253,UAE,2023-01-03,0
3254,Customer_3254,Pakistan,2022-12-30,0
3255,Customer_3255,Pakistan,2024-04-03,0
3256,Customer_3256,Pakistan,2022-05-11,0
3257,Customer_3257,UAE,2022-05-18,0
3258,Customer_3258,Pakistan,2022-12-04,0
3259,Customer_3259,India,2022-04-01,0
3260,Customer_3260,USA,2022-03-18,0
3261,Customer_3261,Pakistan,2024-03-06,1
3262,Customer_3262,India,2023-02-24,0
3263,Customer_3263,India,2023-03-03,1
3264,Customer_3264,Pakistan,2022-10-18,1
3265,Customer_3265,UK,2022-08-30,1
3266,Customer_3266,Pakistan,2024-06-16,
3267,Customer_3267,India,2022-11-07,0
3268,Customer_3268,India,2024-06-12,1
3269,Customer_3269,UAE,2023-12-03,
3270,Customer_3270,UAE,2022-10-12,1
3271,Customer_3271,Pakistan,2023-05-17,0
3272,Customer_3272,Pakistan,2022-09-13,0
3273,Customer_3273,UAE,2024-04-01,0
3274,Customer_3274,India,2022-07-09,1
3275,Customer_3275,UK,2023-06-18,1
3276,Customer_3276,UK,2022-05-28,0
3277,Customer_3277,UK,2023-11-01,1
3278,Customer_3278,India,2023-08-29,1
3279,Customer_3279,Pakistan,2022-04-28,0
3280,Customer_3280,UK,2022-11-07,1
3281,Customer_3281,India,2023-04-05,1
3282,Customer_3282,Pakistan,2022-05-09,0
3283,Customer_3283,USA,2022-09-16,1
3284,Customer_3284,USA,2024-05-13,0
3285,Customer_3285,India,2024-02-19,1
3286,Customer_3286,Pakistan,2022-05-25,
3287,Customer_3287,India,2022-10-26,1
3288,Customer_3288,UK,2024-05-06,0
3289,Customer_3289,USA,2023-11-07,0
3290,Customer_3290,Pakistan,2023-12-29,0
3291,Customer_3291,Pakistan,2023-05-11,1
3292,Customer_3292,USA,2022-08-31,0
3293,Customer_3293,India,2022-08-09,1
3294,Customer_3294,India,2024-03-02,0
3295,Customer_3295,,2023-10-05,0
3296,Customer_3296,Pakistan,2024-06-07,0
3297,Customer_3297,UAE,2024-03-05,
3298,Customer_3298,Pakistan,2022-03-02,1
3299,Customer_3299,India,2022-02-08,0
3300,Customer_3300,UK,2022-08-30,0
3301,Customer_3301,India,2023-08-13,1
3302,Customer_3302,,2022-02-27,0
3303,Customer_3303,India,2022-10-10,1
3304,Customer_3304,Pakistan,2022-03-21,1
3305,Customer_3305,Pakistan,2023-04-14,1
3306,Customer_3306,India,2023-06-28,1
3307,Customer_3307,India,2023-08-23,1
3308,Customer_3308,Pakistan,2022-11-30,
3309,Customer_3309,India,2022-11-03,
3310,Customer_3310,India,2023-01-18,1
3311,Customer_3311,UAE,2022-11-17,0
3312,Customer_3312,UAE,2022-05-12,1
3313,Customer_3313,UAE,2022-03-12,0
3314,Customer_3314,Pakistan,2022-09-17,1
3315,Customer_3315,Pakistan,2023-06-21,1
3316,Customer_3316,UAE,2022-03-10,0
3317,Customer_3317,India,2022-06-17,0
3318,Customer_3318,Pakistan,2023-04-30,1
3319,Customer_3319,UK,2023-12-30,1
3320,Customer_3320,UK,2023-08-04,1
3321,Customer_3321,India,2022-06-13,1
3322,Customer_3322,Pakistan,2023-08-26,0
3323,Customer_3323,UK,2024-01-06,1
3324,Customer_3324,India,2024-05-13,0
3325,Customer_3325,UK,2024-02-09,1
3326,Customer_3326,UK,2024-01-31,0
3327,Customer_3327,UK,2022-09-05,1
3328,Customer_3328,India,2022-08-06,0
3329,Customer_3329,Pakistan,2022-12-03,0
3330,Customer_3330,UAE,2024-05-15,
3331,Customer_3331,UAE,2022-01-12,0
3332,Customer_3332,UAE,2023-08-05,0
3333,Customer_3333,Pakistan,2023-03-06,1
3334,Customer_3334,Pakistan,2023-03-29,1
3335,Customer_3335,USA,2023-04-29,0
3336,Customer_3336,UAE,2022-08-14,1
3337,Customer_3337,USA,2022-02-07,1
3338,Customer_3338,UK,2022-08-03,0
3339,Customer_3339,India,2022-01-26,0
3340,Customer_3340,UAE,2022-07-23,0
3341,Customer_3341,USA,2023-05-07,1
3342,Customer_3342,India,2024-03-02,0
3343,Customer_3343,UAE,2024-05-22,0
3344,Customer_3344,Pakistan,2022-09-28,1
3345,Customer_3345,India,2024-02-02,1
3346,Customer_3346,UAE,2022-06-18,0
3347,Customer_3347,Pakistan,2023-08-01,1
3348,Customer_3348,Pakistan,2022-09-19,0
3349,Customer_3349,Pakistan,2022-06-06,0
3350,Customer_3350,Pakistan,2022-07-24,1
3351,Customer_3351,Pakistan,2022-02-04,
3352,Customer_3352,India,2023-05-03,0
3353,Customer_3353,USA,2022-12-10,1
3354,Customer_3354,India,2022-03-02,1
3355,Customer_3355,Pakistan,2023-02-26,0
3356,Customer_3356,Pakistan,2022-03-29,1
3357,Customer_3357,UAE,2022-07-15,0
3358,Customer_3358,India,2023-06-08,
3359,Customer_3359,UK,2022-12-30,1
3360,Customer_3360,UAE,2024-04-16,0
3361,Customer_3361,UK,2023-02-20,0
3362,Customer_3362,Pakistan,2022-04-24,0
3363,Customer_3363,UAE,2022-06-13,0
3364,Customer_3364,Pakistan,2023-08-06,0
3365,Customer_3365,USA,2022-11-24,0
3366,Customer_3366,UAE,2023-08-22,1
3367,Customer_3367,Pakistan,2022-11-27,0
3368,Customer_3368,Pakistan,2022-02-16,1
3369,Customer_3369,Pakistan,2023-06-17,1
3370,Customer_3370,UAE,2023-10-05,1
3371,Customer_3371,Pakistan,2022-04-29,1
3372,Customer_3372,India,2022-08-10,0
3373,Customer_3373,Pakistan,2022-05-26,0
3374,Customer_3374,UAE,2022-08-14,1
3375,Customer_3375,UK,2023-11-16,1
3376,Customer_3376,UK,2023-04-07,1
3377,Customer_3377,UK,2022-06-16,1
3378,Customer_3378,Pakistan,2022-01-14,
3379,Customer_3379,Pakistan,2024-03-17,1
3380,Customer_3380,UAE,2023-06-15,1
3381,Customer_3381,India,2022-08-02,0
3382,Customer_3382,India,2023-05-12,0
3383,Customer_3383,Pakistan,2024-03-19,1
3384,Customer_3384,Pakistan,2023-11-02,0
3385,Customer_3385,Pakistan,2024-02-23,0
3386,Customer_3386,USA,2022-10-24,0
3387,Customer_3387,Pakistan,2022-11-27,1
3388,Customer_3388,India,2022-09-07,0
3389,Customer_3389,Pakistan,2024-01-09,1
3390,Customer_3390,UAE,2023-11-11,0
3391,Customer_3391,Pakistan,2022-04-20,0
3392,Customer_3392,USA,2024-02-10,0
3393,Customer_3393,USA,2022-04-24,0
3394,Customer_3394,Pakistan,2022-11-20,1
3395,Customer_3395,USA,2023-05-10,0
3396,Customer_3396,,2023-03-11,0
3397,Customer_3397,UK,2022-07-26,1
3398,Customer_3398,UK,2023-01-26,1
3399,Customer_3399,Pakistan,2023-12-14,0
3400,Customer_3400,India,2022-05-15,0
3401,Customer_3401,Pakistan,2023-03-27,
3402,Customer_3402,Pakistan,2022-02-23,1
3403,Customer_3403,,2022-01-28,0
3404,Customer_3404,Pakistan,2023-12-30,1
3405,Customer_3405,UAE,2023-10-26,0
3406,Customer_3406,UK,2023-09-25,0
3407,Customer_3407,USA,2022-07-10,1
3408,Customer_3408,,2023-06-15,1
3409,Customer_3409,Pakistan,2022-02-12,0
3410,Customer_3410,Pakistan,2023-03-13,1
3411,Customer_3411,India,2022-03-20,0
3412,Customer_3412,Pakistan,2022-09-09,0
3413,Customer_3413,Pakistan,2023-01-29,0
3414,Customer_3414,India,2022-10-27,0
3415,Customer_3415,UK,2024-03-10,
3416,Customer_3416,India,2022-01-18,1
3417,Customer_3417,Pakistan,2023-07-10,0
3418,Customer_3418,UAE,2022-04-26,
3419,Customer_3419,Pakistan,2022-03-02,1
3420,Customer_3420,Pakistan,2023-05-04,1
3421,Customer_3421,UK,2023-12-24,
3422,Customer_3422,UAE,2022-06-02,0
3423,Customer_3423,UK,2023-05-15,1
3424,Customer_3424,Pakistan,2023-10-27,1
3425,Customer_3425,UK,2023-09-22,1
3426,Customer_3426,UAE,2023-02-06,1
3427,Customer_3427,India,2024-03-10,0
3428,Customer_3428,UAE,2022-04-27,1
3429,Customer_3429,USA,2022-07-30,0
3430,Customer_3430,India,2023-04-13,0
3431,Customer_3431,India,2022-01-20,0
3432,Customer_3432,,2022-11-24,
3433,Customer_3433,UK,2022-02-05,0
3434,Customer_3434,India,2023-03-31,1
3435,Customer_3435,UAE,2023-05-07,0
3436,Customer_3436,India,2024-04-24,
3437,Customer_3437,Pakistan,2023-07-20,0
3438,Customer_3438,India,2022-12-22,1
3439,Customer_3439,USA,2022-09-23,1
3440,Customer_3440,USA,2024-02-01,0
3441,Customer_3441,Pakistan,2023-06-02,0
3442,Customer_3442,India,2022-11-07,1
3443,Customer_3443,Pakistan,2022-09-05,
3444,Customer_3444,,2023-03-25,1
3445,Customer_3445,,2023-01-16,0
3446,Customer_3446,UAE,2022-01-05,1
3447,Customer_3447,UK,2022-09-14,0
3448,Customer_3448,UAE,2024-02-20,1
3449,Customer_3449,India,2024-05-12,1
3450,Customer_3450,Pakistan,2023-09-29,0
3451,Customer_3451,India,2024-06-08,1
3452,Customer_3452,UAE,2023-10-05,1
3453,Customer_3453,UAE,2023-06-05,1
3454,Customer_3454,India,2023-07-04,0
3455,Customer_3455,USA,2024-04-02,0
3456,Customer_3456,Pakistan,2023-09-01,1
3457,Customer_3457,India,2023-12-25,0
3458,Customer_3458,UAE,2023-09-04,0
3459,Customer_3459,UAE,2023-06-17,
3460,Customer_3460,UAE,2022-05-22,0
3461,Customer_3461,Pakistan,2024-03-06,
3462,Customer_3462,Pakistan,2022-10-19,0
3463,Customer_3463,UAE,2024-04-24,0
3464,Customer_3464,India,2023-07-15,1
3465,Customer_3465,Pakistan,2022-02-11,1
3466,Customer_3466,UAE,2023-10-29,1
3467,Customer_3467,India,2023-04-24,1
3468,Customer_3468,UAE,2023-04-15,1
3469,Customer_3469,UK,2023-03-19,0
3470,Customer_3470,Pakistan,2022-01-29,0
3471,Customer_3471,Pakistan,2023-03-01,0
3472,Customer_3472,UK,2022-11-12,1
3473,Customer_3473,UAE,2023-08-30,0
3474,Customer_3474,UAE,2023-01-22,0
3475,Customer_3475,UK,2023-05-17,1
3476,Customer_3476,UK,2024-03-29,0
3477,Customer_3477,,2022-03-11,0
3478,Customer_3478,India,2023-12-15,1
3479,Customer_3479,India,2022-01-19,0
3480,Customer_3480,India,2023-01-31,1
3481,Customer_3481,Pakistan,2022-07-16,1
3482,Customer_3482,India,2024-02-21,0
3483,Customer_3483,Pakistan,2022-08-05,1
3484,Customer_3484,USA,2024-03-05,0
3485,Customer_3485,India,2022-12-17,1
3486,Customer_3486,India,2024-03-08,
3487,Customer_3487,India,2022-05-06,1
3488,Customer_3488,Pakistan,2023-07-11,1
3489,Customer_3489,Pakistan,2023-07-08,0
3490,Customer_3490,India,2022-06-19,0
3491,Customer_3491,Pakistan,2024-05-18,1
3492,Customer_3492,UAE,2022-05-06,0
3493,Customer_3493,USA,2024-05-06,0
3494,Customer_3494,USA,2023-09-30,0
3495,Customer_3495,UAE,2022-02-03,1
3496,Customer_3496,Pakistan,2022-11-10,0
3497,Customer_3497,USA,2023-09-19,
3498,Customer_3498,USA,2022-08-20,0
3499,Customer_3499,Pakistan,2022-11-28,0
3500,Customer_3500,UAE,2022-01-20,1
3501,Customer_3501,Pakistan,2024-05-14,0
3502,Customer_3502,UK,2022-07-28,1
3503,Customer_3503,,2023-05-08,0
3504,Customer_3504,Pakistan,2022-10-30,0
3505,Customer_3505,USA,2023-10-31,0
3506,Customer_3506,UAE,2023-02-03,
3507,Customer_3507,,2024-01-15,1
3508,Customer_3508,India,2022-11-30,1
3509,Customer_3509,UK,2024-01-10,0
3510,Customer_3510,Pakistan,2022-07-14,1
3511,Customer_3511,Pakistan,2022-11-09,1
3512,Customer_3512,Pakistan,2023-03-03,
3513,Customer_3513,,2022-11-05,1
3514,Customer_3514,UK,2022-09-08,1
3515,Customer_3515,USA,2022-12-22,0
3516,Customer_3516,USA,2022-08-17,1
3517,Customer_3517,Pakistan,2022-06-26,1
3518,Customer_3518,India,2022-02-19,
3519,Customer_3519,Pakistan,2022-04-24,0
3520,Customer_3520,Pakistan,2022-11-26,0
3521,Customer_3521,Pakistan,2023-07-10,0
3522,Customer_3522,India,2023-03-11,0
3523,Customer_3523,Pakistan,2023-02-26,0
3524,Customer_3524,Pakistan,2023-04-05,1
3525,Customer_3525,Pakistan,2023-03-21,1
3526,Customer_3526,Pakistan,2024-06-10,1
3527,Customer_3527,,2024-04-28,1
3528,Customer_3528,UK,2024-03-17,0
3529,Customer_3529,,2024-05-16,1
3530,Customer_3530,India,2023-07-17,0
3531,Customer_3531,Pakistan,2022-01-14,
3532,Customer_3532,UK,2022-09-07,0
3533,Customer_3533,Pakistan,2022-11-13,0
3534,Customer_3534,Pakistan,2023-10-25,0
3535,Customer_3535,Pakistan,2023-01-26,1
3536,Customer_3536,Pakistan,2024-06-05,0
3537,Customer_3537,Pakistan,2024-02-11,0
3538,Customer_3538,India,2023-11-13,1
3539,Customer_3539,UAE,2022-02-17,1
3540,Customer_3540,Pakistan,2022-05-22,0
3541,Customer_3541,Pakistan,2024-06-01,1
3542,Customer_3542,UK,2022-05-23,1
3543,Customer_3543,Pakistan,2022-03-09,0
3544,Customer_3544,Pakistan,2024-02-15,1
3545,Customer_3545,USA,2023-05-10,0
3546,Customer_3546,Pakistan,2022-01-10,1
3547,Customer_3547,Pakistan,2023-05-17,1
3548,Customer_3548,India,2024-05-31,1
3549,Customer_3549,Pakistan,2022-06-21,1
3550,Customer_3550,India,2024-01-22,0
3551,Customer_3551,UK,2023-06-07,0
3552,Customer_3552,Pakistan,2023-08-08,1
3553,Customer_3553,India,2023-04-22,1
3554,Customer_3554,India,2024-05-27,0
3555,Customer_3555,Pakistan,2022-12-03,1
3556,Customer_3556,UAE,2022-10-01,0
3557,Customer_3557,Pakistan,2023-02-06,0
3558,Customer_3558,India,2024-02-29,1
3559,Customer_3559,Pakistan,2022-12-16,0
3560,Customer_3560,India,2022-11-19,1
3561,Customer_3561,Pakistan,2023-12-28,0
3562,Customer_3562,UK,2023-01-30,0
3563,Customer_3563,Pakistan,2023-10-31,1
3564,Customer_3564,India,2023-08-31,1
3565,Customer_3565,India,2023-09-24,0
3566,Customer_3566,UAE,2024-02-28,0
3567,Customer_3567,India,2024-02-23,0
3568,Customer_3568,UAE,2022-02-27,1
3569,Customer_3569,UK,2023-07-29,
3570,Customer_3570,USA,2022-10-24,1
3571,Customer_3571,Pakistan,2022-10-21,0
3572,Customer_3572,India,2023-02-09,0
3573,Customer_3573,UK,2022-04-28,
3574,Customer_3574,,2023-01-15,1
3575,Customer_3575,USA,2022-07-07,1
3576,Customer_3576,India,2023-06-11,1
3577,Customer_3577,Pakistan,2022-01-31,0
3578,Customer_3578,India,2023-09-23,1
3579,Customer_3579,UAE,2023-07-13,
3580,Customer_3580,India,2023-02-14,1
3581,Customer_3581,India,2023-02-15,0
3582,Customer_3582,UK,2024-05-06,0
3583,Customer_3583,India,2024-04-29,0
3584,Customer_3584,USA,2023-05-02,1
3585,Customer_3585,India,2023-08-07,0
3586,Customer_3586,Pakistan,2022-09-04,0
3587,Customer_3587,India,2023-10-20,
3588,Customer_3588,UK,2023-04-24,0
3589,Customer_3589,Pakistan,2022-03-01,0
3590,Customer_3590,Pakistan,2023-01-12,0
3591,Customer_3591,,2022-07-02,0
3592,Customer_3592,Pakistan,2022-08-09,0
3593,Customer_3593,India,2023-01-12,
3594,Customer_3594,India,2022-10-28,1
3595,Customer_3595,India,2023-12-04,1
3596,Customer_3596,UAE,2022-07-02,0
3597,Customer_3597,Pakistan,2022-02-18,1
3598,Customer_3598,India,2024-03-01,0
3599,Customer_3599,India,2023-07-31,0
3600,Customer_3600,UAE,2022-08-24,
3601,Customer_3601,Pakistan,2022-02-28,0
3602,Customer_3602,India,2022-02-28,0
3603,Customer_3603,Pakistan,2023-01-10,1
3604,Customer_3604,Pakistan,2024-04-08,1
3605,Customer_3605,Pakistan,2023-06-28,0
3606,Customer_3606,Pakistan,2024-01-21,0
3607,Customer_3607,UK,2024-02-03,0
3608,Customer_3608,Pakistan,2022-09-14,1
3609,Customer_3609,USA,2024-02-09,0
3610,Customer_3610,,2022-05-12,0
3611,Customer_3611,India,2022-01-24,1
3612,Customer_3612,Pakistan,2023-02-08,1
3613,Customer_3613,India,2024-05-04,0
3614,Customer_3614,UK,2023-06-23,0
3615,Customer_3615,India,2023-11-01,1
3616,Customer_3616,Pakistan,2023-03-05,1
3617,Customer_3617,India,2024-05-27,0
3618,Customer_3618,UK,2023-05-31,0
3619,Customer_3619,UK,2023-04-09,0
3620,Customer_3620,Pakistan,2024-01-18,0
3621,Customer_3621,UAE,2022-05-24,1
3622,Customer_3622,Pakistan,2022-10-01,0
3623,Customer_3623,Pakistan,2023-11-05,1
3624,Customer_3624,USA,2022-11-09,1
3625,Customer_3625,Pakistan,2022-12-12,1
3626,Customer_3626,Pakistan,2022-06-06,0
3627,Customer_3627,Pakistan,2024-06-06,1
3628,Customer_3628,USA,2022-02-23,0
3629,Customer_3629,UK,2023-01-27,1
3630,Customer_3630,UAE,2022-05-29,
3631,Customer_3631,UK,2024-03-09,0
3632,Customer_3632,Pakistan,2023-03-01,0
3633,Customer_3633,India,2022-06-08,0
3634,Customer_3634,India,2022-04-01,1
3635,Customer_3635,Pakistan,2023-03-04,1
3636,Customer_3636,India,2022-01-16,1
3637,Customer_3637,USA,2023-05-27,1
3638,Customer_3638,Pakistan,2024-06-19,0
3639,Customer_3639,Pakistan,2023-06-28,1
3640,Customer_3640,Pakistan,2023-08-18,1
3641,Customer_3641,Pakistan,2024-05-09,1
3642,Customer_3642,USA,2023-05-06,1
3643,Customer_3643,India,2022-12-18,1
3644,Customer_3644,India,2022-10-18,1
3645,Customer_3645,UK,2022-09-13,1
3646,Customer_3646,Pakistan,2023-03-10,1
3647,Customer_3647,India,2024-01-03,1
3648,Customer_3648,India,2022-03-20,1
3649,Customer_3649,India,2023-08-20,1
3650,Customer_3650,,2022-04-02,1
3651,Customer_3651,UK,2023-08-21,0
3652,Customer_3652,India,2023-04-24,0
3653,Customer_3653,UK,2023-06-08,0
3654,Customer_3654,Pakistan,2022-10-05,1
3655,Customer_3655,Pakistan,2022-06-16,1
3656,Customer_3656,Pakistan,2022-05-22,
3657,Customer_3657,Pakistan,2022-06-21,0
3658,Customer_3658,India,2022-03-15,0
3659,Customer_3659,UAE,2022-04-24,0
3660,Customer_3660,USA,2023-01-04,0
3661,Customer_3661,India,2024-02-26,1
3662,Customer_3662,India,2022-11-05,0
3663,Customer_3663,Pakistan,2022-12-10,1
3664,Customer_3664,Pakistan,2024-03-22,1
3665,Customer_3665,India,2024-02-17,1
3666,Customer_3666,India,2024-02-17,1
3667,Customer_3667,UK,2024-06-02,0
3668,Customer_3668,Pakistan,2023-12-27,0
3669,Customer_3669,Pakistan,2022-10-10,1
3670,Customer_3670,India,2022-04-19,1
3671,Customer_3671,Pakistan,2024-04-28,0
3672,Customer_3672,Pakistan,2024-06-18,0
3673,Customer_3673,UAE,2023-08-05,0
3674,Customer_3674,Pakistan,2022-07-28,0
3675,Customer_3675,UAE,2023-04-15,
3676,Customer_3676,Pakistan,2023-10-20,1
3677,Customer_3677,Pakistan,2024-04-05,0
3678,Customer_3678,India,2022-11-18,1
3679,Customer_3679,UK,2024-04-11,1
3680,Customer_3680,India,2022-11-18,0
3681,Customer_3681,UK,2022-10-16,
3682,Customer_3682,Pakistan,2023-12-02,1
3683,Customer_3683,UK,2023-12-16,1
3684,Customer_3684,Pakistan,2024-01-27,1
3685,Customer_3685,UAE,2023-05-27,1
3686,Customer_3686,India,2022-06-27,0
3687,Customer_3687,USA,2024-01-02,1
3688,Customer_3688,India,2023-11-06,
3689,Customer_3689,Pakistan,2022-11-02,0
3690,Customer_3690,Pakistan,2022-11-11,1
3691,Customer_3691,UK,2022-01-21,1
3692,Customer_3692,India,2022-12-15,0
3693,Customer_3693,UK,2024-03-17,1
3694,Customer_3694,Pakistan,2024-05-31,0
3695,Customer_3695,Pakistan,2023-02-26,1
3696,Customer_3696,Pakistan,2024-05-31,0
3697,Customer_3697,,2022-09-05,
3698,Customer_3698,UAE,2022-06-10,0
3699,Customer_3699,USA,2022-04-27,0
3700,Customer_3700,Pakistan,2023-12-01,0
3701,Customer_3701,UAE,2022-07-23,
3702,Customer_3702,UAE,2023-05-01,1
3703,Customer_3703,Pakistan,2023-10-03,1
3704,Customer_3704,UK,2022-08-14,1
3705,Customer_3705,USA,2023-11-21,1
3706,Customer_3706,USA,2023-09-28,0
3707,Customer_3707,UAE,2022-12-18,1
3708,Customer_3708,Pakistan,2023-10-17,0
3709,Customer_3709,Pakistan,2022-11-23,
3710,Customer_3710,,2022-02-12,1
3711,Customer_3711,Pakistan,2023-03-19,0
3712,Customer_3712,UAE,2023-05-30,0
3713,Customer_3713,UAE,2022-11-06,1
3714,Customer_3714,UAE,2022-07-28,0
3715,Customer_3715,,2022-05-31,0
3716,Customer_3716,Pakistan,2022-03-16,0
3717,Customer_3717,Pakistan,2023-08-23,1
3718,Customer_3718,Pakistan,2023-01-09,1
3719,Customer_3719,India,2022-05-18,0
3720,Customer_3720,Pakistan,2022-08-15,0
3721,Customer_3721,Pakistan,2023-02-10,1
3722,Customer_3722,UK,2023-10-02,1
3723,Customer_3723,USA,2023-08-01,0
3724,Customer_3724,Pakistan,2022-10-01,0
3725,Customer_3725,India,2022-01-11,
3726,Customer_3726,USA,2022-02-26,
3727,Customer_3727,Pakistan,2022-03-20,
3728,Customer_3728,Pakistan,2022-12-25,1
3729,Customer_3729,Pakistan,2022-06-18,0
3730,Customer_3730,India,2023-02-15,0
3731,Customer_3731,Pakistan,2023-05-10,0
3732,Customer_3732,,2022-08-08,0
3733,Customer_3733,India,2022-08-16,
3734,Customer_3734,India,2022-08-27,1
3735,Customer_3735,Pakistan,2023-09-06,1
3736,Customer_3736,India,2023-05-10,0
3737,Customer_3737,UAE,2022-07-06,
3738,Customer_3738,UK,2023-09-23,1
3739,Customer_3739,UK,2022-09-16,0
3740,Customer_3740,India,2023-11-25,1
3741,Customer_3741,USA,2022-12-26,0
3742,Customer_3742,UK,2023-12-28,0
3743,Customer_3743,UK,2022-09-27,1
3744,Customer_3744,Pakistan,2022-01-22,1
3745,Customer_3745,Pakistan,2022-07-10,0
3746,Customer_3746,Pakistan,2024-04-15,0
3747,Customer_3747,UAE,2022-08-31,
3748,Customer_3748,India,2022-03-28,1
3749,Customer_3749,India,2023-10-08,1
3750,Customer_3750,USA,2022-10-02,0
3751,Customer_3751,USA,2024-05-01,0
3752,Customer_3752,USA,2023-07-30,0
3753,Customer_3753,Pakistan,2022-07-05,0
3754,Customer_3754,UAE,2022-10-16,0
3755,Customer_3755,Pakistan,2022-10-28,0
3756,Customer_3756,Pakistan,2024-06-06,1
3757,Customer_3757,Pakistan,2023-02-25,0
3758,Customer_3758,Pakistan,2022-07-27,1
3759,Customer_3759,India,2023-09-06,0
3760,Customer_3760,UK,2023-02-05,1
3761,Customer_3761,Pakistan,2022-06-18,0
3762,Customer_3762,UAE,2024-03-24,1
3763,Customer_3763,India,2024-06-17,0
3764,Customer_3764,Pakistan,2022-07-28,
3765,Customer_3765,India,2024-03-08,1
3766,Customer_3766,Pakistan,2023-11-20,1
3767,Customer_3767,India,2023-06-23,0
3768,Customer_3768,India,2023-06-08,1
3769,Customer_3769,Pakistan,2024-03-18,1
3770,Customer_3770,Pakistan,2024-03-29,0
3771,Customer_3771,India,2024-02-27,1
3772,Customer_3772,USA,2023-12-02,1
3773,Customer_3773,Pakistan,2022-12-30,1
3774,Customer_3774,UAE,2023-05-31,1
3775,Customer_3775,UAE,2022-08-15,1
3776,Customer_3776,USA,2023-09-30,
3777,Customer_3777,UK,2022-06-23,0
3778,Customer_3778,India,2023-08-19,1
3779,Customer_3779,UAE,2023-01-10,1
3780,Customer_3780,USA,2023-04-29,1
3781,Customer_3781,India,2023-11-30,
3782,Customer_3782,Pakistan,2022-09-02,0
3783,Customer_3783,Pakistan,2022-10-09,0
3784,Customer_3784,UK,2022-07-07,0
3785,Customer_3785,UK,2022-09-16,0
3786,Customer_3786,Pakistan,2022-01-16,0
3787,Customer_3787,India,2022-07-07,1
3788,Customer_3788,India,2023-02-14,0
3789,Customer_3789,Pakistan,2023-06-21,1
3790,Customer_3790,,2023-07-25,1
3791,Customer_3791,Pakistan,2022-04-10,0
3792,Customer_3792,Pakistan,2023-05-01,0
3793,Customer_3793,India,2023-08-24,1
3794,Customer_3794,UAE,2024-06-03,1
3795,Customer_3795,Pakistan,2024-06-17,1
3796,Customer_3796,UAE,2024-01-17,1
3797,Customer_3797,India,2022-11-14,
3798,Customer_3798,Pakistan,2023-11-08,1
3799,Customer_3799,Pakistan,2022-04-11,
3800,Customer_3800,India,2023-12-21,1
3801,Customer_3801,Pakistan,2023-10-03,1
3802,Customer_3802,USA,2023-03-13,0
3803,Customer_3803,UK,2022-07-05,
3804,Customer_3804,,2023-12-06,1
3805,Customer_3805,Pakistan,2023-05-01,1
3806,Customer_3806,,2024-04-09,0
3807,Customer_3807,India,2022-06-05,0
3808,Customer_3808,Pakistan,2023-12-02,0
3809,Customer_3809,Pakistan,2022-07-24,0
3810,Customer_3810,Pakistan,2024-04-02,0
3811,Customer_3811,UAE,2024-04-24,1
3812,Customer_3812,India,2023-10-01,0
3813,Customer_3813,Pakistan,2022-12-01,0
3814,Customer_3814,UAE,2023-04-15,0
3815,Customer_3815,Pakistan,2023-09-04,1
3816,Customer_3816,India,2024-01-27,0
3817,Customer_3817,India,2024-05-12,0
3818,Customer_3818,UK,2023-08-11,1
3819,Customer_3819,UK,2023-01-12,1
3820,Customer_3820,India,2022-06-24,0
3821,Customer_3821,India,2022-03-04,0
3822,Customer_3822,India,2023-12-23,0
3823,Customer_3823,UK,2023-04-21,
3824,Customer_3824,Pakistan,2024-03-15,0
3825,Customer_3825,Pakistan,2023-06-07,1
3826,Customer_3826,Pakistan,2024-04-17,0
3827,Customer_3827,India,2022-10-31,1
3828,Customer_3828,India,2022-07-10,0
3829,Customer_3829,UK,2022-01-12,0
3830,Customer_3830,Pakistan,2023-01-10,1
3831,Customer_3831,India,2023-03-30,0
3832,Customer_3832,UK,2023-09-16,0
3833,Customer_3833,UK,2023-01-25,1
3834,Customer_3834,India,2023-11-13,
3835,Customer_3835,India,2023-03-08,0
3836,Customer_3836,Pakistan,2023-04-06,1
3837,Customer_3837,USA,2022-09-10,
3838,Customer_3838,Pakistan,2023-10-25,1
3839,Customer_3839,USA,2022-08-04,1
3840,Customer_3840,UAE,2023-03-28,1
3841,Customer_3841,India,2022-08-17,0
3842,Customer_3842,Pakistan,2023-06-16,1
3843,Customer_3843,India,2023-09-11,0
3844,Customer_3844,India,2022-06-03,0
3845,Customer_3845,Pakistan,2023-12-09,0
3846,Customer_3846,UAE,2022-03-25,0
3847,Customer_3847,,2023-01-08,1
3848,Customer_3848,India,2022-11-13,1
3849,Customer_3849,UAE,2022-07-22,1
3850,Customer_3850,Pakistan,2023-10-17,0
3851,Customer_3851,India,2022-05-16,0
3852,Customer_3852,Pakistan,2022-02-27,1
3853,Customer_3853,UAE,2022-05-03,
3854,Customer_3854,USA,2022-06-29,0
3855,Customer_3855,UAE,2022-07-01,0
3856,Customer_3856,Pakistan,2022-12-29,1
3857,Customer_3857,India,2022-10-10,0
3858,Customer_3858,India,2022-03-08,1
3859,Customer_3859,India,2022-01-20,1
3860,Customer_3860,UK,2022-10-12,0
3861,Customer_3861,UK,2022-01-17,0
3862,Customer_3862,UAE,2024-01-09,0
3863,Customer_3863,India,2022-06-20,0
3864,Customer_3864,Pakistan,2023-07-29,1
3865,Customer_3865,Pakistan,2024-03-26,1
3866,Customer_3866,India,2022-05-18,1
3867,Customer_3867,India,2023-04-09,1
3868,Customer_3868,UAE,2022-10-30,0
3869,Customer_3869,UAE,2024-01-23,1
3870,Customer_3870,Pakistan,2024-02-27,1
3871,Customer_3871,India,2022-06-30,1
3872,Customer_3872,Pakistan,2022-08-20,0
3873,Customer_3873,Pakistan,2022-12-25,1
3874,Customer_3874,UK,2022-01-23,1
3875,Customer_3875,Pakistan,2023-10-22,0
3876,Customer_3876,India,2022-04-27,0
3877,Customer_3877,Pakistan,2023-01-01,1
3878,Customer_3878,USA,2022-11-21,0
3879,Customer_3879,India,2022-08-25,1
3880,Customer_3880,Pakistan,2022-07-24,
3881,Customer_3881,India,2022-06-14,1
3882,Customer_3882,UAE,2024-04-22,1
3883,Customer_3883,,2022-11-25,1
3884,Customer_3884,Pakistan,2023-05-30,0
3885,Customer_3885,USA,2023-02-27,0
3886,Customer_3886,USA,2022-03-25,
3887,Customer_3887,USA,2024-05-25,1
3888,Customer_3888,UAE,2022-01-15,0
3889,Customer_3889,UAE,2022-07-04,0
3890,Customer_3890,India,2022-09-14,1
3891,Customer_3891,UK,2022-07-21,1
3892,Customer_3892,India,2022-09-13,1
3893,Customer_3893,UAE,2024-03-05,0
3894,Customer_3894,India,2022-09-03,
3895,Customer_3895,UAE,2023-04-06,1
3896,Customer_3896,UK,2022-05-23,1
3897,Customer_3897,Pakistan,2023-08-19,1
3898,Customer_3898,UK,2023-11-09,0
3899,Customer_3899,India,2022-10-07,
3900,Customer_3900,UK,2024-04-06,0
3901,Customer_3901,India,2022-10-09,0
3902,Customer_3902,India,2023-08-26,1
3903,Customer_3903,USA,2023-07-28,1
3904,Customer_3904,Pakistan,2023-06-20,1
3905,Customer_3905,UK,2022-12-06,1
3906,Customer_3906,India,2024-01-31,0
3907,Customer_3907,India,2023-06-15,
3908,Customer_3908,Pakistan,2023-12-04,0
3909,Customer_3909,India,2022-07-14,1
3910,Customer_3910,Pakistan,2024-05-10,0
3911,Customer_3911,Pakistan,2023-02-19,1
3912,Customer_3912,Pakistan,2024-04-14,0
3913,Customer_3913,Pakistan,2022-07-08,1
3914,Customer_3914,,2023-07-04,1
3915,Customer_3915,,2023-09-14,1
3916,Customer_3916,India,2022-11-14,1
3917,Customer_3917,UAE,2023-06-26,1
3918,Customer_3918,Pakistan,2023-10-05,1
3919,Customer_3919,UAE,2023-07-08,
3920,Customer_3920,UK,2023-10-22,0
3921,Customer_3921,USA,2024-02-26,0
3922,Customer_3922,India,2022-06-02,0
3923,Customer_3923,UK,2024-04-03,0
3924,Customer_3924,Pakistan,2022-05-15,0
3925,Customer_3925,,2023-11-06,1
3926,Customer_3926,Pakistan,2022-06-27,0
3927,Customer_3927,UAE,2022-12-23,0
3928,Customer_3928,UAE,2022-09-25,0
3929,Customer_3929,UAE,2024-06-05,1
3930,Customer_3930,Pakistan,2023-01-05,1
3931,Customer_3931,USA,2022-12-18,0
3932,Customer_3932,Pakistan,2023-04-11,1
3933,Customer_3933,UAE,2022-11-04,0
3934,Customer_3934,Pakistan,2023-06-26,
3935,Customer_3935,Pakistan,2023-03-23,1
3936,Customer_3936,India,2024-03-26,0
3937,Customer_3937,India,2023-12-19,1
3938,Customer_3938,Pakistan,2022-12-29,1
3939,Customer_3939,Pakistan,2023-09-05,0
3940,Customer_3940,India,2023-07-05,1
3941,Customer_3941,UK,2023-12-10,0
3942,Customer_3942,USA,2024-05-07,0
3943,Customer_3943,Pakistan,2023-06-19,0
3944,Customer_3944,India,2022-09-05,0
3945,Customer_3945,Pakistan,2024-02-23,0
3946,Customer_3946,Pakistan,2022-02-07,
3947,Customer_3947,UAE,2023-04-18,0
3948,Customer_3948,UAE,2023-05-26,0
3949,Customer_3949,Pakistan,2023-06-16,1
3950,Customer_3950,Pakistan,2022-02-16,1
3951,Customer_3951,Pakistan,2022-06-04,
3952,Customer_3952,UK,2024-02-05,1
3953,Customer_3953,,2024-01-10,
3954,Customer_3954,Pakistan,2022-07-11,1
3955,Customer_3955,Pakistan,2023-05-18,
3956,Customer_3956,USA,2022-04-22,1
3957,Customer_3957,USA,2024-01-06,0
3958,Customer_3958,India,2023-09-28,0
3959,Customer_3959,Pakistan,2024-02-14,1
3960,Customer_3960,Pakistan,2023-09-18,0
3961,Customer_3961,India,2024-02-20,0
3962,Customer_3962,India,2024-06-13,1
3963,Customer_3963,Pakistan,2022-12-02,
3964,Customer_3964,India,2022-05-13,0
3965,Customer_3965,Pakistan,2024-03-03,1
3966,Customer_3966,UK,2023-11-15,1
3967,Customer_3967,Pakistan,2024-02-11,
3968,Customer_3968,Pakistan,2022-10-29,
3969,Customer_3969,India,2022-07-13,1
3970,Customer_3970,India,2022-10-03,1
3971,Customer_3971,,2022-04-04,0
3972,Customer_3972,India,2024-06-02,1
3973,Customer_3973,Pakistan,2023-12-26,1
3974,Customer_3974,UAE,2024-01-27,1
3975,Customer_3975,Pakistan,2024-04-10,1
3976,Customer_3976,USA,2024-05-05,0
3977,Customer_3977,India,2022-02-09,1
3978,Customer_3978,India,2022-06-05,0
3979,Customer_3979,Pakistan,2023-07-02,0
3980,Customer_3980,India,2023-07-23,0
3981,Customer_3981,UK,2024-01-21,0
3982,Customer_3982,UK,2022-10-13,1
3983,Customer_3983,Pakistan,2022-02-05,0
3984,Customer_3984,Pakistan,2023-11-17,0
3985,Customer_3985,UK,2023-12-30,
3986,Customer_3986,USA,2023-03-31,0
3987,Customer_3987,Pakistan,2022-11-06,0
3988,Customer_3988,India,2022-10-21,0
3989,Customer_3989,Pakistan,2022-12-07,0
3990,Customer_3990,USA,2022-06-19,0
3991,Customer_3991,Pakistan,2022-10-06,0
3992,Customer_3992,Pakistan,2023-03-14,1
3993,Customer_3993,UK,2023-06-10,0
3994,Customer_3994,Pakistan,2022-09-11,0
3995,Customer_3995,India,2022-12-06,1
3996,Customer_3996,India,2022-10-22,0
3997,Customer_3997,Pakistan,2023-03-14,
3998,Customer_3998,India,2024-05-05,1
3999,Customer_3999,India,2023-05-29,0
4000,Customer_4000,Pakistan,2024-06-14,1
4001,Customer_4001,India,2023-08-21,0
4002,Customer_4002,UK,2023-08-01,0
4003,Customer_4003,UK,2023-06-21,1
4004,Customer_4004,Pakistan,2022-05-16,1
4005,Customer_4005,Pakistan,2024-06-11,1
4006,Customer_4006,Pakistan,2023-12-29,
4007,Customer_4007,India,2023-10-15,0
4008,Customer_4008,India,2022-07-09,1
4009,Customer_4009,UAE,2024-04-24,1
4010,Customer_4010,Pakistan,2022-12-03,
4011,Customer_4011,Pakistan,2022-12-24,1
4012,Customer_4012,India,2023-11-08,
4013,Customer_4013,UAE,2023-07-04,0
4014,Customer_4014,Pakistan,2023-01-02,1
4015,Customer_4015,UAE,2023-01-21,0
4016,Customer_4016,Pakistan,2022-08-14,0
4017,Customer_4017,USA,2023-04-05,
4018,Customer_4018,USA,2024-05-11,0
4019,Customer_4019,Pakistan,2022-07-12,
4020,Customer_4020,Pakistan,2023-04-27,0
4021,Customer_4021,India,2023-04-09,1
4022,Customer_4022,Pakistan,2022-07-19,0
4023,Customer_4023,UAE,2022-07-21,0
4024,Customer_4024,UK,2022-11-11,0
4025,Customer_4025,UAE,2022-02-21,1
4026,Customer_4026,UK,2023-08-25,0
4027,Customer_4027,India,2022-03-26,1
4028,Customer_4028,Pakistan,2022-11-18,0
4029,Customer_4029,UAE,2023-06-11,0
4030,Customer_4030,India,2022-07-01,0
4031,Customer_4031,UAE,2023-10-12,0
4032,Customer_4032,Pakistan,2022-09-12,1
4033,Customer_4033,Pakistan,2022-05-17,1
4034,Customer_4034,,2024-05-02,0
4035,Customer_4035,Pakistan,2024-03-29,1
4036,Customer_4036,,2023-04-08,1
4037,Customer_4037,,2023-10-21,0
4038,Customer_4038,UK,2022-05-08,0
4039,Customer_4039,UAE,2022-03-19,1
4040,Customer_4040,India,2023-12-29,0
4041,Customer_4041,USA,2024-01-20,0
4042,Customer_4042,Pakistan,2023-12-18,0
4043,Customer_4043,India,2024-05-31,1
4044,Customer_4044,UAE,2022-02-26,0
4045,Customer_4045,India,2023-08-01,0
4046,Customer_4046,India,2023-02-15,0
4047,Customer_4047,Pakistan,2023-10-02,0
4048,Customer_4048,India,2023-05-12,0
4049,Customer_4049,USA,2023-12-06,
4050,Customer_4050,Pakistan,2023-01-24,0
4051,Customer_4051,USA,2022-07-16,1
4052,Customer_4052,UAE,2022-03-05,0
4053,Customer_4053,UK,2023-12-13,1
4054,Customer_4054,India,2023-08-11,1
4055,Customer_4055,UK,2023-09-13,0
4056,Customer_4056,Pakistan,2022-04-30,1
4057,Customer_4057,UK,2023-07-21,1
4058,Customer_4058,Pakistan,2024-06-11,1
4059,Customer_4059,USA,2022-04-30,0
4060,Customer_4060,,2023-03-04,
4061,Customer_4061,Pakistan,2023-08-24,1
4062,Customer_4062,Pakistan,2023-02-03,
4063,Customer_4063,UK,2023-08-12,1
4064,Customer_4064,Pakistan,2024-02-05,1
4065,Customer_4065,USA,2023-05-26,1
4066,Customer_4066,Pakistan,2022-05-15,1
4067,Customer_4067,Pakistan,2023-05-29,
4068,Customer_4068,,2023-10-03,0
4069,Customer_4069,UAE,2024-05-11,1
4070,Customer_4070,UK,2024-02-03,0
4071,Customer_4071,Pakistan,2022-10-26,1
4072,Customer_4072,UAE,2022-10-30,0
4073,Customer_4073,India,2024-03-19,0
4074,Customer_4074,UAE,2023-01-09,
4075,Customer_4075,UAE,2022-07-26,0
4076,Customer_4076,India,2024-06-09,1
4077,Customer_4077,India,2023-10-22,1
4078,Customer_4078,Pakistan,2022-12-21,0
4079,Customer_4079,UK,2024-06-09,0
4080,Customer_4080,Pakistan,2022-09-26,1
4081,Customer_4081,UAE,2022-07-25,0
4082,Customer_4082,Pakistan,2022-04-10,1
4083,Customer_4083,UAE,2022-08-06,
4084,Customer_4084,UAE,2023-07-20,0
4085,Customer_4085,Pakistan,2023-09-25,0
4086,Customer_4086,Pakistan,2022-02-12,1
4087,Customer_4087,Pakistan,2023-07-01,1
4088,Customer_4088,UAE,2023-07-23,0
4089,Customer_4089,UK,2022-12-30,0
4090,Customer_4090,Pakistan,2023-09-01,1
4091,Customer_4091,UAE,2024-03-25,
4092,Customer_4092,Pakistan,2023-02-12,0
4093,Customer_4093,India,2024-01-21,0
4094,Customer_4094,USA,2023-06-18,
4095,Customer_4095,Pakistan,2022-01-08,1
4096,Customer_4096,India,2024-06-07,1
4097,Customer_4097,Pakistan,2023-06-26,1
4098,Customer_4098,Pakistan,2022-08-27,
4099,Customer_4099,Pakistan,2023-03-23,1
4100,Customer_4100,Pakistan,2022-01-20,1
4101,Customer_4101,UAE,2023-07-13,1
4102,Customer_4102,India,2023-11-16,1
4103,Customer_4103,India,2023-09-28,0
4104,Customer_4104,Pakistan,2022-12-26,0
4105,Customer_4105,Pakistan,2022-02-09,1
4106,Customer_4106,UAE,2022-08-10,0
4107,Customer_4107,,2023-12-19,1
4108,Customer_4108,Pakistan,2023-09-28,0
4109,Customer_4109,USA,2023-04-03,1
4110,Customer_4110,India,2022-10-30,0
4111,Customer_4111,India,2022-03-27,1
4112,Customer_4112,India,2023-09-28,1
4113,Customer_4113,Pakistan,2023-12-06,0
4114,Customer_4114,Pakistan,2022-11-18,1
4115,Customer_4115,UAE,2024-02-10,0
4116,Customer_4116,Pakistan,2023-12-21,0
4117,Customer_4117,USA,2023-01-12,0
4118,Customer_4118,India,2024-06-15,0
4119,Customer_4119,Pakistan,2022-07-05,
4120,Customer_4120,UAE,2024-05-11,0
4121,Customer_4121,Pakistan,2023-09-22,1
4122,Customer_4122,India,2022-10-24,0
4123,Customer_4123,UAE,2022-08-28,1
4124,Customer_4124,USA,2023-03-09,0
4125,Customer_4125,UK,2022-02-09,1
4126,Customer_4126,UAE,2023-10-02,1
4127,Customer_4127,UAE,2023-11-30,1
4128,Customer_4128,USA,2022-05-20,0
4129,Customer_4129,Pakistan,2024-01-05,1
4130,Customer_4130,Pakistan,2024-03-04,0
4131,Customer_4131,Pakistan,2024-04-12,0
4132,Customer_4132,Pakistan,2023-08-26,0
4133,Customer_4133,UAE,2023-03-13,0
4134,Customer_4134,UAE,2022-11-04,1
4135,Customer_4135,India,2022-03-31,1
4136,Customer_4136,Pakistan,2024-02-15,0
4137,Customer_4137,UAE,2024-01-13,0
4138,Customer_4138,Pakistan,2022-12-06,0
4139,Customer_4139,UAE,2024-05-19,1
4140,Customer_4140,India,2023-12-08,1
4141,Customer_4141,Pakistan,2023-02-10,0
4142,Customer_4142,Pakistan,2024-06-06,1
4143,Customer_4143,Pakistan,2022-11-20,1
4144,Customer_4144,UK,2023-07-14,1
4145,Customer_4145,USA,2024-05-26,1
4146,Customer_4146,UAE,2023-01-10,1
4147,Customer_4147,Pakistan,2022-05-09,1
4148,Customer_4148,India,2023-07-22,0
4149,Customer_4149,UAE,2022-03-12,0
4150,Customer_4150,UK,2022-03-01,0
4151,Customer_4151,Pakistan,2023-05-27,1
4152,Customer_4152,Pakistan,2022-04-05,1
4153,Customer_4153,UAE,2022-01-25,0
4154,Customer_4154,India,2022-08-03,0
4155,Customer_4155,Pakistan,2024-02-16,1
4156,Customer_4156,Pakistan,2023-03-16,1
4157,Customer_4157,India,2022-03-31,1
4158,Customer_4158,USA,2023-01-21,1
4159,Customer_4159,,2022-07-11,1
4160,Customer_4160,India,2023-10-20,0
4161,Customer_4161,India,2024-01-26,0
4162,Customer_4162,Pakistan,2023-07-04,0
4163,Customer_4163,India,2022-01-13,1
4164,Customer_4164,India,2023-01-25,0
4165,Customer_4165,UAE,2022-02-06,1
4166,Customer_4166,India,2022-03-14,1
4167,Customer_4167,Pakistan,2023-05-15,0
4168,Customer_4168,Pakistan,2022-06-14,1
4169,Customer_4169,Pakistan,2023-04-14,0
4170,Customer_4170,Pakistan,2024-06-05,0
4171,Customer_4171,Pakistan,2023-10-29,1
4172,Customer_4172,,2023-03-21,0
4173,Customer_4173,India,2022-03-26,1
4174,Customer_4174,India,2023-06-15,1
4175,Customer_4175,USA,2022-05-18,
4176,Customer_4176,,2023-08-29,1
4177,Customer_4177,India,2023-10-15,0
4178,Customer_4178,UK,2022-08-25,1
4179,Customer_4179,Pakistan,2022-08-18,0
4180,Customer_4180,Pakistan,2023-05-21,0
4181,Customer_4181,India,2022-11-10,0
4182,Customer_4182,UAE,2022-07-01,0
4183,Customer_4183,UAE,2024-03-23,1
4184,Customer_4184,Pakistan,2023-04-12,0
4185,Customer_4185,Pakistan,2022-03-06,1
4186,Customer_4186,UAE,2022-07-16,0
4187,Customer_4187,Pakistan,2024-04-13,1
4188,Customer_4188,India,2023-06-11,
4189,Customer_4189,UAE,2022-04-04,0
4190,Customer_4190,UAE,2023-06-14,1
4191,Customer_4191,UK,2023-06-29,0
4192,Customer_4192,USA,2022-03-22,0
4193,Customer_4193,India,2022-09-28,1
4194,Customer_4194,UAE,2023-12-17,1
4195,Customer_4195,UAE,2024-01-16,0
4196,Customer_4196,Pakistan,2022-05-29,0
4197,Customer_4197,Pakistan,2023-03-11,0
4198,Customer_4198,Pakistan,2022-04-29,1
4199,Customer_4199,India,2022-05-14,1
4200,Customer_4200,UAE,2022-08-17,1
4201,Customer_4201,UK,2022-03-21,1
4202,Customer_4202,Pakistan,2024-04-27,1
4203,Customer_4203,Pakistan,2024-01-08,1
4204,Customer_4204,,2022-11-23,1
4205,Customer_4205,Pakistan,2024-03-01,1
4206,Customer_4206,India,2022-01-22,1
4207,Customer_4207,India,2022-04-06,1
4208,Customer_4208,India,2024-02-18,1
4209,Customer_4209,Pakistan,2023-06-12,
4210,Customer_4210,Pakistan,2022-10-16,0
4211,Customer_4211,Pakistan,2023-09-06,0
4212,Customer_4212,India,2024-02-26,
4213,Customer_4213,India,2023-11-21,0
4214,Customer_4214,Pakistan,2023-04-07,1
4215,Customer_4215,UAE,2023-10-25,0
4216,Customer_4216,UK,2022-05-11,0
4217,Customer_4217,Pakistan,2022-08-24,0
4218,Customer_4218,India,2024-03-13,0
4219,Customer_4219,UAE,2022-08-25,0
4220,Customer_4220,Pakistan,2023-03-23,1
4221,Customer_4221,Pakistan,2024-02-27,1
4222,Customer_4222,UAE,2024-05-25,
4223,Customer_4223,USA,2023-11-16,0
4224,Customer_4224,UK,2023-06-23,1
4225,Customer_4225,India,2024-02-24,1
4226,Customer_4226,UAE,2022-12-06,1
4227,Customer_4227,India,2023-07-08,1
4228,Customer_4228,UAE,2022-06-05,0
4229,Customer_4229,India,2023-05-08,0
4230,Customer_4230,Pakistan,2022-09-28,0
4231,Customer_4231,UAE,2023-01-26,0
4232,Customer_4232,India,2023-04-23,1
4233,Customer_4233,India,2023-03-14,0
4234,Customer_4234,USA,2022-12-29,1
4235,Customer_4235,Pakistan,2024-05-16,
4236,Customer_4236,Pakistan,2023-09-11,
4237,Customer_4237,Pakistan,2024-05-07,
4238,Customer_4238,UK,2023-04-23,0
4239,Customer_4239,UAE,2022-08-07,1
4240,Customer_4240,Pakistan,2023-01-25,0
4241,Customer_4241,UAE,2024-05-14,1
4242,Customer_4242,India,2023-06-05,1
4243,Customer_4243,UK,2024-05-17,1
4244,Customer_4244,India,2022-11-01,0
4245,Customer_4245,India,2023-05-31,1
4246,Customer_4246,USA,2023-09-28,0
4247,Customer_4247,Pakistan,2024-03-30,0
4248,Customer_4248,Pakistan,2024-04-23,1
4249,Customer_4249,India,2023-07-05,0
4250,Customer_4250,,2023-04-25,
4251,Customer_4251,India,2023-09-03,0
4252,Customer_4252,Pakistan,2023-07-10,1
4253,Customer_4253,Pakistan,2022-04-21,1
4254,Customer_4254,India,2024-04-26,1
4255,Customer_4255,Pakistan,2023-11-01,1
4256,Customer_4256,UAE,2023-06-03,
4257,Customer_4257,,2024-03-05,0
4258,Customer_4258,India,2022-12-02,
4259,Customer_4259,India,2022-01-30,0
4260,Customer_4260,India,2024-04-23,0
4261,Customer_4261,Pakistan,2023-04-04,0
4262,Customer_4262,USA,2022-02-11,1
4263,Customer_4263,India,2023-09-26,1
4264,Customer_4264,India,2024-02-19,1
4265,Customer_4265,UAE,2022-02-14,1
4266,Customer_4266,India,2024-04-03,0
4267,Customer_4267,UAE,2022-05-15,
4268,Customer_4268,Pakistan,2023-07-19,0
4269,Customer_4269,UK,2023-08-13,1
4270,Customer_4270,USA,2022-05-22,0
4271,Customer_4271,UAE,2022-04-15,1
4272,Customer_4272,,2024-03-01,0
4273,Customer_4273,Pakistan,2022-08-07,0
4274,Customer_4274,India,2022-04-18,0
4275,Customer_4275,UAE,2023-11-24,0
4276,Customer_4276,India,2023-06-22,0
4277,Customer_4277,India,2023-09-20,0
4278,Customer_4278,Pakistan,2024-02-17,1
4279,Customer_4279,Pakistan,2022-03-18,1
4280,Customer_4280,India,2022-08-30,1
4281,Customer_4281,Pakistan,2024-05-26,1
4282,Customer_4282,UAE,2022-08-17,1
4283,Customer_4283,Pakistan,2022-04-07,1
4284,Customer_4284,Pakistan,2022-11-10,1
4285,Customer_4285,India,2022-07-08,0
4286,Customer_4286,India,2023-07-06,1
4287,Customer_4287,USA,2023-05-18,0
4288,Customer_4288,India,2024-05-31,1
4289,Customer_4289,Pakistan,2023-11-17,1
4290,Customer_4290,UK,2022-01-02,0
4291,Customer_4291,India,2022-05-25,1
4292,Customer_4292,Pakistan,2023-12-06,0
4293,Customer_4293,India,2022-01-14,0
4294,Customer_4294,USA,2024-06-04,0
4295,Customer_4295,India,2022-09-14,1
4296,Customer_4296,Pakistan,2022-02-08,1
4297,Customer_4297,Pakistan,2024-03-28,1
4298,Customer_4298,Pakistan,2023-03-20,0
4299,Customer_4299,India,2023-08-13,1
4300,Customer_4300,India,2022-08-09,1
4301,Customer_4301,Pakistan,2022-09-27,0
4302,Customer_4302,USA,2022-04-02,1
4303,Customer_4303,UK,2022-12-10,0
4304,Customer_4304,India,2022-03-24,0
4305,Customer_4305,UK,2022-10-28,1
4306,Customer_4306,Pakistan,2023-07-16,1
4307,Customer_4307,India,2024-04-27,0
4308,Customer_4308,UAE,2024-03-21,0
4309,Customer_4309,UK,2022-06-09,0
4310,Customer_4310,UK,2023-06-07,0
4311,Customer_4311,Pakistan,2023-06-02,0
4312,Customer_4312,USA,2023-10-20,0
4313,Customer_4313,Pakistan,2024-05-05,1
4314,Customer_4314,USA,2024-06-15,0
4315,Customer_4315,,2024-05-13,1
4316,Customer_4316,Pakistan,2023-08-15,1
4317,Customer_4317,UAE,2024-04-12,0
4318,Customer_4318,Pakistan,2022-04-29,0
4319,Customer_4319,India,2023-08-26,1
4320,Customer_4320,India,2022-03-04,0
4321,Customer_4321,India,2023-03-15,0
4322,Customer_4322,USA,2024-04-18,0
4323,Customer_4323,UAE,2022-03-03,1
4324,Customer_4324,India,2023-05-10,1
4325,Customer_4325,UK,2023-03-01,
4326,Customer_4326,,2024-05-05,1
4327,Customer_4327,Pakistan,2022-04-08,0
4328,Customer_4328,,2024-02-07,0
4329,Customer_4329,Pakistan,2022-06-21,0
4330,Customer_4330,UK,2023-09-26,0
4331,Customer_4331,Pakistan,2023-05-17,0
4332,Customer_4332,Pakistan,2022-07-22,0
4333,Customer_4333,India,2023-11-23,0
4334,Customer_4334,UAE,2023-01-08,0
4335,Customer_4335,India,2024-04-30,0
4336,Customer_4336,Pakistan,2022-02-06,
4337,Customer_4337,India,2023-07-15,1
4338,Customer_4338,USA,2022-09-14,
4339,Customer_4339,India,2024-05-10,0
4340,Customer_4340,Pakistan,2022-12-01,1
4341,Customer_4341,India,2024-02-01,0
4342,Customer_4342,Pakistan,2023-12-10,0
4343,Customer_4343,UK,2022-01-22,0
4344,Customer_4344,UK,2023-09-08,
4345,Customer_4345,India,2022-07-24,
4346,Customer_4346,India,2022-04-17,0
4347,Customer_4347,UK,2024-03-25,0
4348,Customer_4348,India,2022-01-29,0
4349,Customer_4349,UK,2024-05-08,0
4350,Customer_4350,UAE,2023-04-29,0
4351,Customer_4351,UK,2022-07-16,0
4352,Customer_4352,India,2022-09-03,1
4353,Customer_4353,India,2022-09-11,0
4354,Customer_4354,,2022-05-13,0
4355,Customer_4355,India,2023-10-10,0
4356,Customer_4356,UAE,2022-11-03,0
4357,Customer_4357,Pakistan,2022-10-27,
4358,Customer_4358,UAE,2023-12-26,0
4359,Customer_4359,India,2024-03-08,1
4360,Customer_4360,Pakistan,2023-11-10,1
4361,Customer_4361,Pakistan,2023-11-14,
4362,Customer_4362,UAE,2022-12-23,1
4363,Customer_4363,UK,2022-12-14,1
4364,Customer_4364,India,2023-09-06,1
4365,Customer_4365,Pakistan,2024-03-09,0
4366,Customer_4366,UAE,2023-03-29,1
4367,Customer_4367,Pakistan,2023-04-23,
4368,Customer_4368,India,2022-07-26,1
4369,Customer_4369,Pakistan,2022-12-14,
4370,Customer_4370,Pakistan,2022-01-13,1
4371,Customer_4371,Pakistan,2023-10-21,1
4372,Customer_4372,India,2022-05-03,1
4373,Customer_4373,Pakistan,2022-06-20,1
4374,Customer_4374,India,2023-07-10,1
4375,Customer_4375,India,2023-06-19,
4376,Customer_4376,India,2022-11-19,1
4377,Customer_4377,India,2023-12-03,1
4378,Customer_4378,UK,2023-09-03,1
4379,Customer_4379,Pakistan,2023-04-26,0
4380,Customer_4380,India,2022-05-02,0
4381,Customer_4381,Pakistan,2022-11-15,
4382,Customer_4382,Pakistan,2022-10-03,1
4383,Customer_4383,India,2022-01-15,0
4384,Customer_4384,India,2024-03-10,0
4385,Customer_4385,USA,2023-02-20,1
4386,Customer_4386,India,2022-12-31,1
4387,Customer_4387,,2023-06-30,1
4388,Customer_4388,Pakistan,2023-02-02,1
4389,Customer_4389,Pakistan,2024-05-04,0
4390,Customer_4390,Pakistan,2022-10-14,0
4391,Customer_4391,Pakistan,2022-10-29,0
4392,Customer_4392,India,2023-10-28,1
4393,Customer_4393,UAE,2023-09-13,0
4394,Customer_4394,Pakistan,2022-01-05,1
4395,Customer_4395,USA,2023-10-11,1
4396,Customer_4396,UK,2023-06-21,1
4397,Customer_4397,Pakistan,2022-04-04,
4398,Customer_4398,Pakistan,2022-06-07,0
4399,Customer_4399,Pakistan,2023-07-23,1
4400,Customer_4400,Pakistan,2023-07-14,0
4401,Customer_4401,Pakistan,2023-04-08,0
4402,Customer_4402,India,2023-12-02,0
4403,Customer_4403,Pakistan,2022-10-08,0
4404,Customer_4404,India,2022-08-20,1
4405,Customer_4405,,2023-12-13,1
4406,Customer_4406,UAE,2022-07-16,0
4407,Customer_4407,USA,2023-02-15,0
4408,Customer_4408,Pakistan,2024-06-08,1
4409,Customer_4409,India,2024-04-22,1
4410,Customer_4410,India,2023-10-20,0
4411,Customer_4411,Pakistan,2022-12-05,1
4412,Customer_4412,Pakistan,2022-08-16,1
4413,Customer_4413,UAE,2024-05-20,1
4414,Customer_4414,UAE,2022-01-21,0
4415,Customer_4415,India,2022-01-23,1
4416,Customer_4416,India,2022-03-20,1
4417,Customer_4417,India,2023-11-07,1
4418,Customer_4418,Pakistan,2023-06-02,1
4419,Customer_4419,Pakistan,2022-02-15,
4420,Customer_4420,Pakistan,2022-09-02,0
4421,Customer_4421,Pakistan,2024-06-05,
4422,Customer_4422,,2024-05-10,1
4423,Customer_4423,India,2024-05-02,1
4424,Customer_4424,UAE,2023-08-16,0
4425,Customer_4425,Pakistan,2024-01-04,0
4426,Customer_4426,India,2024-03-21,1
4427,Customer_4427,Pakistan,2022-07-09,1
4428,Customer_4428,Pakistan,2023-09-24,0
4429,Customer_4429,Pakistan,2024-04-01,1
4430,Customer_4430,UK,2023-07-24,0
4431,Customer_4431,UAE,2024-02-17,
4432,Customer_4432,India,2024-02-14,1
4433,Customer_4433,India,2024-02-06,0
4434,Customer_4434,USA,2023-01-27,1
4435,Customer_4435,Pakistan,2022-02-11,
4436,Customer_4436,Pakistan,2022-12-17,0
4437,Customer_4437,Pakistan,2023-08-30,1
4438,Customer_4438,UK,2023-06-26,0
4439,Customer_4439,,2023-05-24,1
4440,Customer_4440,Pakistan,2023-01-20,0
4441,Customer_4441,USA,2024-03-02,0
4442,Customer_4442,UK,2024-06-13,0
4443,Customer_4443,Pakistan,2024-06-06,0
4444,Customer_4444,India,2022-03-01,1
4445,Customer_4445,India,2022-03-15,0
4446,Customer_4446,,2023-07-14,0
4447,Customer_4447,Pakistan,2022-01-19,1
4448,Customer_4448,UK,2022-09-20,1
4449,Customer_4449,Pakistan,2023-03-27,1
4450,Customer_4450,UAE,2022-02-14,
4451,Customer_4451,India,2024-02-14,1
4452,Customer_4452,India,2022-01-28,0
4453,Customer_4453,UK,2023-03-03,1
4454,Customer_4454,UK,2022-11-24,
4455,Customer_4455,USA,2022-05-29,0
4456,Customer_4456,Pakistan,2022-08-28,0
4457,Customer_4457,UAE,2022-08-25,0
4458,Customer_4458,Pakistan,2022-06-06,0
4459,Customer_4459,India,2023-10-09,1
4460,Customer_4460,India,2022-06-22,1
4461,Customer_4461,India,2023-12-29,
4462,Customer_4462,India,2023-02-13,1
4463,Customer_4463,,2022-11-07,0
4464,Customer_4464,Pakistan,2022-10-23,0
4465,Customer_4465,UAE,2022-03-11,
4466,Customer_4466,India,2023-06-13,0
4467,Customer_4467,Pakistan,2023-06-29,0
4468,Customer_4468,Pakistan,2023-01-08,
4469,Customer_4469,USA,2022-12-23,1
4470,Customer_4470,USA,2024-03-31,0
4471,Customer_4471,USA,2024-06-11,1
4472,Customer_4472,,2023-04-23,
4473,Customer_4473,Pakistan,2023-06-14,0
4474,Customer_4474,India,2023-06-02,1
4475,Customer_4475,UAE,2023-02-07,0
4476,Customer_4476,India,2023-02-25,1
4477,Customer_4477,India,2022-12-27,
4478,Customer_4478,India,2022-12-11,
4479,Customer_4479,India,2024-04-28,0
4480,Customer_4480,India,2022-12-21,0
4481,Customer_4481,Pakistan,2022-01-29,0
4482,Customer_4482,India,2022-01-20,1
4483,Customer_4483,India,2022-10-26,0
4484,Customer_4484,India,2022-05-04,0
4485,Customer_4485,Pakistan,2023-12-22,0
4486,Customer_4486,UAE,2022-04-02,0
4487,Customer_4487,Pakistan,2022-11-28,0
4488,Customer_4488,India,2022-08-11,1
4489,Customer_4489,UK,2023-09-12,0
4490,Customer_4490,India,2024-01-02,0
4491,Customer_4491,Pakistan,2024-01-13,1
4492,Customer_4492,UAE,2024-01-11,1
4493,Customer_4493,India,2022-10-23,0
4494,Customer_4494,UK,2023-08-06,0
4495,Customer_4495,UAE,2022-08-22,1
4496,Customer_4496,UAE,2023-05-31,0
4497,Customer_4497,India,2022-02-08,1
4498,Customer_4498,Pakistan,2024-03-19,0
4499,Customer_4499,Pakistan,2023-09-16,0
4500,Customer_4500,India,2022-01-19,1
4501,Customer_4501,India,2023-11-12,1
4502,Customer_4502,India,2023-07-07,
4503,Customer_4503,Pakistan,2024-05-22,0
4504,Customer_4504,Pakistan,2022-11-11,1
4505,Customer_4505,India,2024-01-19,0
4506,Customer_4506,Pakistan,2023-02-23,1
4507,Customer_4507,UAE,2022-03-24,1
4508,Customer_4508,Pakistan,2022-05-18,0
4509,Customer_4509,India,2024-05-16,
4510,Customer_4510,USA,2022-01-28,1
4511,Customer_4511,Pakistan,2023-05-27,
4512,Customer_4512,India,2022-03-17,1
4513,Customer_4513,Pakistan,2023-07-04,0
4514,Customer_4514,UAE,2022-02-14,0
4515,Customer_4515,India,2024-04-09,0
4516,Customer_4516,India,2022-01-17,0
4517,Customer_4517,India,2022-10-10,1
4518,Customer_4518,USA,2023-01-12,1
4519,Customer_4519,Pakistan,2024-04-22,
4520,Customer_4520,Pakistan,2023-03-03,0
4521,Customer_4521,USA,2023-08-16,1
4522,Customer_4522,India,2023-09-30,
4523,Customer_4523,USA,2022-03-31,1
4524,Customer_4524,India,2022-03-14,0
4525,Customer_4525,UK,2022-05-04,1
4526,Customer_4526,India,2022-12-04,0
4527,Customer_4527,UAE,2022-03-09,0
4528,Customer_4528,USA,2024-05-09,0
4529,Customer_4529,India,2024-06-02,1
4530,Customer_4530,Pakistan,2022-11-19,1
4531,Customer_4531,Pakistan,2023-06-21,1
4532,Customer_4532,Pakistan,2023-01-17,
4533,Customer_4533,Pakistan,2022-02-12,0
4534,Customer_4534,Pakistan,2024-01-06,1
4535,Customer_4535,India,2022-06-26,1
4536,Customer_4536,India,2024-03-14,0
4537,Customer_4537,India,2022-05-25,1
4538,Customer_4538,UAE,2023-03-10,0
4539,Customer_4539,Pakistan,2022-09-24,1
4540,Customer_4540,Pakistan,2023-10-31,0
4541,Customer_4541,Pakistan,2022-09-22,0
4542,Customer_4542,India,2023-04-24,1
4543,Customer_4543,Pakistan,2024-03-26,0
4544,Customer_4544,Pakistan,2023-03-06,0
4545,Customer_4545,India,2023-08-17,0
4546,Customer_4546,UK,2022-06-13,0
4547,Customer_4547,Pakistan,2022-11-02,1
4548,Customer_4548,UAE,2022-01-09,1
4549,Customer_4549,UAE,2023-01-04,1
4550,Customer_4550,UK,2022-05-30,1
4551,Customer_4551,USA,2022-04-11,0
4552,Customer_4552,Pakistan,2022-11-19,0
4553,Customer_4553,Pakistan,2022-07-06,1
4554,Customer_4554,USA,2022-11-23,1
4555,Customer_4555,India,2022-12-20,0
4556,Customer_4556,India,2023-09-23,0
4557,Customer_4557,UAE,2022-06-03,1
4558,Customer_4558,UAE,2022-07-02,1
4559,Customer_4559,USA,2022-03-31,1
4560,Customer_4560,,2023-05-31,0
4561,Customer_4561,UAE,2022-11-08,1
4562,Customer_4562,Pakistan,2024-05-28,0
4563,Customer_4563,USA,2023-03-21,1
4564,Customer_4564,Pakistan,2022-03-29,1
4565,Customer_4565,Pakistan,2024-04-02,1
4566,Customer_4566,USA,2023-05-16,0
4567,Customer_4567,Pakistan,2023-07-06,
4568,Customer_4568,Pakistan,2023-07-31,1
4569,Customer_4569,Pakistan,2024-03-23,1
4570,Customer_4570,USA,2022-10-24,0
4571,Customer_4571,India,2022-03-20,0
4572,Customer_4572,UAE,2023-04-06,
4573,Customer_4573,Pakistan,2024-01-19,1
4574,Customer_4574,UK,2022-06-12,1
4575,Customer_4575,UK,2023-11-17,0
4576,Customer_4576,Pakistan,2023-03-27,0
4577,Customer_4577,India,2023-05-05,
4578,Customer_4578,Pakistan,2022-02-19,1
4579,Customer_4579,,2022-01-08,0
4580,Customer_4580,UAE,2022-02-19,0
4581,Customer_4581,USA,2022-02-13,1
4582,Customer_4582,Pakistan,2022-07-05,0
4583,Customer_4583,UK,2023-11-14,1
4584,Customer_4584,UK,2024-02-26,0
4585,Customer_4585,UAE,2024-04-30,1
4586,Customer_4586,,2022-08-08,0
4587,Customer_4587,India,2022-10-02,
4588,Customer_4588,Pakistan,2024-01-21,0
4589,Customer_4589,UAE,2022-10-31,1
4590,Customer_4590,UAE,2023-02-21,0
4591,Customer_4591,India,2023-05-13,1
4592,Customer_4592,Pakistan,2022-08-02,
4593,Customer_4593,India,2024-01-13,1
4594,Customer_4594,Pakistan,2024-02-15,1
4595,Customer_4595,India,2022-07-25,1
4596,Customer_4596,UAE,2023-08-24,1
4597,Customer_4597,UAE,2022-06-01,
4598,Customer_4598,Pakistan,2022-03-17,
4599,Customer_4599,India,2023-01-26,0
4600,Customer_4600,Pakistan,2023-03-23,
4601,Customer_4601,Pakistan,2022-05-01,0
4602,Customer_4602,UK,2024-02-26,0
4603,Customer_4603,USA,2023-07-10,0
4604,Customer_4604,India,2023-10-10,0
4605,Customer_4605,UK,2024-03-29,1
4606,Customer_4606,USA,2023-12-24,1
4607,Customer_4607,UK,2022-11-18,1
4608,Customer_4608,Pakistan,2023-04-15,1
4609,Customer_4609,,2023-05-14,1
4610,Customer_4610,India,2022-10-28,1
4611,Customer_4611,Pakistan,2022-03-07,0
4612,Customer_4612,Pakistan,2022-12-06,1
4613,Customer_4613,India,2024-05-13,1
4614,Customer_4614,Pakistan,2024-04-22,1
4615,Customer_4615,Pakistan,2022-03-20,1
4616,Customer_4616,Pakistan,2023-12-23,1
4617,Customer_4617,UK,2023-08-26,0
4618,Customer_4618,USA,2022-01-14,0
4619,Customer_4619,Pakistan,2022-06-12,1
4620,Customer_4620,USA,2022-07-01,1
4621,Customer_4621,USA,2022-04-06,1
4622,Customer_4622,UK,2023-12-06,0
4623,Customer_4623,Pakistan,2024-05-25,0
4624,Customer_4624,UAE,2024-02-16,1
4625,Customer_4625,USA,2023-09-15,1
4626,Customer_4626,UAE,2022-11-09,1
4627,Customer_4627,Pakistan,2022-06-14,0
4628,Customer_4628,India,2022-08-08,0
4629,Customer_4629,UAE,2024-02-12,1
4630,Customer_4630,India,2022-11-26,0
4631,Customer_4631,Pakistan,2022-10-21,1
4632,Customer_4632,Pakistan,2024-01-03,1
4633,Customer_4633,UK,2023-12-15,0
4634,Customer_4634,USA,2024-05-06,1
4635,Customer_4635,Pakistan,2024-01-25,1
4636,Customer_4636,,2022-06-02,0
4637,Customer_4637,Pakistan,2023-04-11,0
4638,Customer_4638,UAE,2023-08-22,0
4639,Customer_4639,UK,2022-06-26,1
4640,Customer_4640,UK,2022-12-02,1
4641,Customer_4641,USA,2023-08-20,1
4642,Customer_4642,Pakistan,2023-02-09,1
4643,Customer_4643,USA,2022-06-07,1
4644,Customer_4644,Pakistan,2023-06-01,1
4645,Customer_4645,UAE,2022-04-18,1
4646,Customer_4646,UAE,2023-11-17,0
4647,Customer_4647,UAE,2022-02-27,1
4648,Customer_4648,Pakistan,2022-06-19,1
4649,Customer_4649,USA,2022-11-13,1
4650,Customer_4650,Pakistan,2022-11-12,1
4651,Customer_4651,Pakistan,2023-03-29,0
4652,Customer_4652,UAE,2022-05-03,1
4653,Customer_4653,India,2022-03-04,0
4654,Customer_4654,UK,2024-05-27,1
4655,Customer_4655,India,2024-03-06,1
4656,Customer_4656,Pakistan,2022-01-10,1
4657,Customer_4657,UK,2023-06-19,1
4658,Customer_4658,India,2022-03-25,1
4659,Customer_4659,Pakistan,2022-10-06,0
4660,Customer_4660,UAE,2023-09-23,
4661,Customer_4661,India,2022-11-06,1
4662,Customer_4662,UAE,2024-03-31,1
4663,Customer_4663,India,2022-05-17,0
4664,Customer_4664,UK,2023-12-23,1
4665,Customer_4665,UK,2022-06-08,0
4666,Customer_4666,UAE,2022-02-02,1
4667,Customer_4667,Pakistan,2024-05-24,0
4668,Customer_4668,UK,2022-02-16,1
4669,Customer_4669,UAE,2024-06-08,1
4670,Customer_4670,UAE,2022-03-02,0
4671,Customer_4671,India,2022-02-28,1
4672,Customer_4672,USA,2022-01-20,1
4673,Customer_4673,UAE,2022-04-13,0
4674,Customer_4674,Pakistan,2024-02-26,1
4675,Customer_4675,India,2023-08-24,0
4676,Customer_4676,USA,2022-10-02,0
4677,Customer_4677,Pakistan,2022-10-28,0
4678,Customer_4678,,2023-07-06,1
4679,Customer_4679,UAE,2022-12-04,0
4680,Customer_4680,UAE,2022-12-15,1
4681,Customer_4681,Pakistan,2022-02-03,1
4682,Customer_4682,Pakistan,2023-12-25,0
4683,Customer_4683,USA,2022-02-22,1
4684,Customer_4684,Pakistan,2024-02-11,0
4685,Customer_4685,UK,2023-07-13,1
4686,Customer_4686,India,2023-11-06,0
4687,Customer_4687,Pakistan,2024-05-26,0
4688,Customer_4688,Pakistan,2022-08-06,1
4689,Customer_4689,India,2023-06-17,
4690,Customer_4690,,2023-08-23,0
4691,Customer_4691,India,2024-05-15,1
4692,Customer_4692,India,2022-12-06,0
4693,Customer_4693,Pakistan,2022-08-21,1
4694,Customer_4694,India,2023-03-07,1
4695,Customer_4695,India,2022-02-12,0
4696,Customer_4696,USA,2023-11-07,0
4697,Customer_4697,India,2022-06-27,0
4698,Customer_4698,India,2023-12-06,0
4699,Customer_4699,Pakistan,2022-06-20,0
4700,Customer_4700,,2023-06-07,1
4701,Customer_4701,Pakistan,2022-09-17,
4702,Customer_4702,Pakistan,2022-04-14,0
4703,Customer_4703,UAE,2022-11-04,1
4704,Customer_4704,India,2023-08-19,1
4705,Customer_4705,India,2023-11-26,
4706,Customer_4706,India,2022-01-22,1
4707,Customer_4707,UK,2022-04-25,1
4708,Customer_4708,Pakistan,2022-11-26,1
4709,Customer_4709,UK,2022-05-23,0
4710,Customer_4710,UAE,2023-01-23,0
4711,Customer_4711,India,2022-05-05,0
4712,Customer_4712,India,2023-09-03,0
4713,Customer_4713,Pakistan,2023-08-24,1
4714,Customer_4714,UK,2024-01-26,0
4715,Customer_4715,India,2022-10-05,1
4716,Customer_4716,Pakistan,2023-11-18,0
4717,Customer_4717,India,2024-02-22,
4718,Customer_4718,,2024-04-02,1
4719,Customer_4719,India,2023-10-02,0
4720,Customer_4720,USA,2022-04-23,0
4721,Customer_4721,Pakistan,2023-06-24,1
4722,Customer_4722,Pakistan,2022-02-21,0
4723,Customer_4723,Pakistan,2022-04-30,0
4724,Customer_4724,India,2022-07-06,0
4725,Customer_4725,Pakistan,2023-01-27,
4726,Customer_4726,Pakistan,2023-05-30,1
4727,Customer_4727,USA,2023-09-04,1
4728,Customer_4728,UK,2022-06-05,1
4729,Customer_4729,UAE,2023-10-30,
4730,Customer_4730,Pakistan,2022-08-31,
4731,Customer_4731,Pakistan,2022-11-28,
4732,Customer_4732,Pakistan,2022-02-01,0
4733,Customer_4733,UAE,2022-04-29,0
4734,Customer_4734,USA,2023-01-29,1
4735,Customer_4735,India,2022-10-22,1
4736,Customer_4736,Pakistan,2022-07-19,0
4737,Customer_4737,India,2023-05-01,0
4738,Customer_4738,Pakistan,2022-01-21,1
4739,Customer_4739,India,2024-03-03,1
4740,Customer_4740,UAE,2022-11-08,0
4741,Customer_4741,UAE,2022-04-18,1
4742,Customer_4742,Pakistan,2024-03-26,1
4743,Customer_4743,Pakistan,2023-01-13,1
4744,Customer_4744,,2024-02-21,0
4745,Customer_4745,Pakistan,2023-05-02,0
4746,Customer_4746,Pakistan,2023-07-09,0
4747,Customer_4747,Pakistan,2022-02-14,1
4748,Customer_4748,Pakistan,2022-01-04,1
4749,Customer_4749,India,2023-05-02,0
4750,Customer_4750,UK,2022-03-20,
4751,Customer_4751,Pakistan,2022-08-28,0
4752,Customer_4752,India,2024-01-05,0
4753,Customer_4753,UAE,2024-05-29,1
4754,Customer_4754,India,2022-09-14,1
4755,Customer_4755,USA,2024-02-17,0
4756,Customer_4756,USA,2023-03-29,1
4757,Customer_4757,Pakistan,2023-04-24,1
4758,Customer_4758,UK,2022-06-13,1
4759,Customer_4759,India,2022-05-27,1
4760,Customer_4760,,2022-01-12,0
4761,Customer_4761,India,2023-07-09,1
4762,Customer_4762,,2023-04-24,1
4763,Customer_4763,UK,2022-06-09,0
4764,Customer_4764,Pakistan,2022-02-09,0
4765,Customer_4765,India,2022-11-16,
4766,Customer_4766,,2022-01-09,0
4767,Customer_4767,USA,2022-08-25,1
4768,Customer_4768,Pakistan,2024-05-27,
4769,Customer_4769,UAE,2023-01-31,0
4770,Customer_4770,Pakistan,2023-05-25,0
4771,Customer_4771,Pakistan,2023-09-20,1
4772,Customer_4772,India,2024-04-11,1
4773,Customer_4773,Pakistan,2023-05-24,1
4774,Customer_4774,UK,2024-03-31,1
4775,Customer_4775,Pakistan,2022-04-30,1
4776,Customer_4776,UK,2022-01-11,1
4777,Customer_4777,Pakistan,2022-05-04,0
4778,Customer_4778,Pakistan,2022-09-07,0
4779,Customer_4779,Pakistan,2022-04-10,1
4780,Customer_4780,Pakistan,2022-02-19,1
4781,Customer_4781,Pakistan,2023-07-16,1
4782,Customer_4782,Pakistan,2022-02-05,
4783,Customer_4783,India,2022-04-21,1
4784,Customer_4784,Pakistan,2023-06-15,1
4785,Customer_4785,India,2023-05-03,0
4786,Customer_4786,India,2023-01-29,1
4787,Customer_4787,USA,2024-06-14,1
4788,Customer_4788,USA,2023-02-25,1
4789,Customer_4789,India,2024-02-20,0
4790,Customer_4790,Pakistan,2024-04-23,
4791,Customer_4791,Pakistan,2024-04-30,1
4792,Customer_4792,,2022-07-29,0
4793,Customer_4793,Pakistan,2023-08-18,1
4794,Customer_4794,Pakistan,2024-03-09,1
4795,Customer_4795,Pakistan,2022-01-09,0
4796,Customer_4796,Pakistan,2024-02-08,1
4797,Customer_4797,Pakistan,2022-04-11,0
4798,Customer_4798,UK,2022-12-20,0
4799,Customer_4799,Pakistan,2023-05-14,0
4800,Customer_4800,UAE,2022-02-13,1
4801,Customer_4801,Pakistan,2022-05-06,
4802,Customer_4802,Pakistan,2023-08-09,1
4803,Customer_4803,USA,2023-08-15,
4804,Customer_4804,Pakistan,2022-12-30,0
4805,Customer_4805,UK,2023-10-12,0
4806,Customer_4806,India,2024-01-07,1
4807,Customer_4807,Pakistan,2022-08-17,0
4808,Customer_4808,,2023-01-27,1
4809,Customer_4809,Pakistan,2023-12-26,1
4810,Customer_4810,USA,2022-11-16,
4811,Customer_4811,Pakistan,2023-05-15,0
4812,Customer_4812,USA,2022-07-23,1
4813,Customer_4813,Pakistan,2022-11-18,1
4814,Customer_4814,India,2022-09-27,0
4815,Customer_4815,UK,2022-03-05,1
4816,Customer_4816,USA,2023-08-24,0
4817,Customer_4817,USA,2023-08-13,0
4818,Customer_4818,UK,2022-10-16,0
4819,Customer_4819,USA,2022-06-23,0
4820,Customer_4820,Pakistan,2023-05-05,1
4821,Customer_4821,Pakistan,2023-08-28,0
4822,Customer_4822,Pakistan,2024-03-30,0
4823,Customer_4823,India,2022-03-11,0
4824,Customer_4824,India,2022-01-04,0
4825,Customer_4825,India,2022-11-12,0
4826,Customer_4826,Pakistan,2023-03-31,0
4827,Customer_4827,UAE,2024-01-02,1
4828,Customer_4828,Pakistan,2023-06-02,1
4829,Customer_4829,Pakistan,2022-03-23,1
4830,Customer_4830,India,2022-08-03,1
4831,Customer_4831,UK,2024-03-17,1
4832,Customer_4832,UAE,2022-08-05,1
4833,Customer_4833,UAE,2022-06-29,1
4834,Customer_4834,Pakistan,2023-07-08,0
4835,Customer_4835,India,2023-12-19,1
4836,Customer_4836,Pakistan,2022-06-19,0
4837,Customer_4837,India,2023-10-09,0
4838,Customer_4838,India,2023-02-14,1
4839,Customer_4839,Pakistan,2023-08-23,0
4840,Customer_4840,Pakistan,2023-03-31,0
4841,Customer_4841,,2022-10-14,0
4842,Customer_4842,,2022-10-16,0
4843,Customer_4843,India,2022-04-12,0
4844,Customer_4844,Pakistan,2022-12-24,1
4845,Customer_4845,Pakistan,2024-01-09,1
4846,Customer_4846,India,2024-02-01,1
4847,Customer_4847,USA,2023-10-05,0
4848,Customer_4848,Pakistan,2022-09-11,
4849,Customer_4849,UK,2024-05-29,1
4850,Customer_4850,Pakistan,2022-04-17,0
4851,Customer_4851,,2022-11-14,1
4852,Customer_4852,India,2024-05-13,1
4853,Customer_4853,UK,2023-10-08,1
4854,Customer_4854,Pakistan,2024-06-18,0
4855,Customer_4855,UAE,2022-01-15,1
4856,Customer_4856,Pakistan,2022-07-04,1
4857,Customer_4857,Pakistan,2023-10-27,1
4858,Customer_4858,USA,2024-01-07,1
4859,Customer_4859,USA,2023-01-06,1
4860,Customer_4860,USA,2022-10-09,1
4861,Customer_4861,UAE,2022-02-20,0
4862,Customer_4862,UK,2022-03-22,1
4863,Customer_4863,Pakistan,2023-02-08,0
4864,Customer_4864,Pakistan,2023-08-27,1
4865,Customer_4865,Pakistan,2022-04-05,1
4866,Customer_4866,UAE,2023-03-28,0
4867,Customer_4867,India,2023-09-01,1
4868,Customer_4868,Pakistan,2023-11-20,0
4869,Customer_4869,India,2023-11-20,0
4870,Customer_4870,UK,2022-08-21,0
4871,Customer_4871,India,2022-06-20,0
4872,Customer_4872,Pakistan,2023-04-08,0
4873,Customer_4873,Pakistan,2023-01-04,0
4874,Customer_4874,Pakistan,2022-05-05,1
4875,Customer_4875,Pakistan,2024-03-19,1
4876,Customer_4876,UAE,2023-12-18,1
4877,Customer_4877,UAE,2023-08-21,0
4878,Customer_4878,UAE,2023-02-10,
4879,Customer_4879,India,2024-02-28,1
4880,Customer_4880,UK,2023-12-05,0
4881,Customer_4881,Pakistan,2022-03-09,1
4882,Customer_4882,India,2024-01-13,0
4883,Customer_4883,UK,2022-01-19,1
4884,Customer_4884,Pakistan,2022-02-26,1
4885,Customer_4885,Pakistan,2022-04-03,0
4886,Customer_4886,USA,2023-07-28,1
4887,Customer_4887,Pakistan,2024-02-24,0
4888,Customer_4888,UAE,2022-04-10,0
4889,Customer_4889,Pakistan,2022-06-25,
4890,Customer_4890,UAE,2024-01-16,
4891,Customer_4891,Pakistan,2022-10-06,1
4892,Customer_4892,Pakistan,2023-12-02,1
4893,Customer_4893,UAE,2024-05-14,0
4894,Customer_4894,Pakistan,2024-03-29,1
4895,Customer_4895,India,2023-10-13,0
4896,Customer_4896,Pakistan,2022-12-02,0
4897,Customer_4897,Pakistan,2023-11-23,1
4898,Customer_4898,Pakistan,2023-12-18,0
4899,Customer_4899,Pakistan,2022-09-09,0
4900,Customer_4900,USA,2023-11-17,0
4901,Customer_4901,Pakistan,2023-05-17,0
4902,Customer_4902,India,2023-02-01,0
4903,Customer_4903,Pakistan,2022-02-15,0
4904,Customer_4904,Pakistan,2023-09-14,0
4905,Customer_4905,USA,2022-01-12,1
4906,Customer_4906,Pakistan,2022-03-05,1
4907,Customer_4907,,2023-05-01,1
4908,Customer_4908,Pakistan,2022-04-03,1
4909,Customer_4909,UAE,2024-04-12,0
4910,Customer_4910,India,2023-08-13,0
4911,Customer_4911,USA,2024-04-08,0
4912,Customer_4912,India,2023-01-06,1
4913,Customer_4913,India,2023-12-22,1
4914,Customer_4914,Pakistan,2024-06-15,1
4915,Customer_4915,Pakistan,2022-01-29,0
4916,Customer_4916,USA,2024-03-02,0
4917,Customer_4917,Pakistan,2022-12-31,1
4918,Customer_4918,India,2022-07-29,0
4919,Customer_4919,UK,2024-04-19,1
4920,Customer_4920,Pakistan,2022-11-11,1
4921,Customer_4921,,2023-08-19,1
4922,Customer_4922,UAE,2023-05-19,
4923,Customer_4923,India,2023-02-11,
4924,Customer_4924,USA,2022-03-28,1
4925,Customer_4925,Pakistan,2024-04-19,1
4926,Customer_4926,Pakistan,2024-01-08,0
4927,Customer_4927,India,2023-06-28,
4928,Customer_4928,Pakistan,2023-01-14,1
4929,Customer_4929,UAE,2023-08-10,0
4930,Customer_4930,USA,2023-08-02,0
4931,Customer_4931,India,2024-02-29,0
4932,Customer_4932,Pakistan,2024-03-25,1
4933,Customer_4933,,2022-11-15,1
4934,Customer_4934,India,2022-11-18,0
4935,Customer_4935,India,2022-01-25,0
4936,Customer_4936,India,2023-12-11,
4937,Customer_4937,USA,2023-01-05,1
4938,Customer_4938,India,2023-08-30,1
4939,Customer_4939,UK,2023-11-09,0
4940,Customer_4940,UK,2023-04-04,1
4941,Customer_4941,Pakistan,2023-04-06,1
4942,Customer_4942,India,2023-07-15,0
4943,Customer_4943,UK,2023-12-08,0
4944,Customer_4944,India,2023-06-25,0
4945,Customer_4945,UK,2023-09-23,0
4946,Customer_4946,USA,2024-05-03,
4947,Customer_4947,UAE,2023-02-12,0
4948,Customer_4948,UAE,2023-11-12,0
4949,Customer_4949,UK,2024-03-13,1
4950,Customer_4950,UK,2022-12-13,0
4951,Customer_4951,India,2022-04-07,1
4952,Customer_4952,Pakistan,2024-03-13,0
4953,Customer_4953,India,2022-03-02,1
4954,Customer_4954,UAE,2023-02-26,0
4955,Customer_4955,India,2022-07-14,1
4956,Customer_4956,UAE,2022-04-23,1
4957,Customer_4957,India,2022-05-09,1
4958,Customer_4958,UAE,2022-04-28,1
4959,Customer_4959,Pakistan,2022-10-12,1
4960,Customer_4960,UAE,2022-03-22,0
4961,Customer_4961,India,2024-03-14,1
4962,Customer_4962,Pakistan,2022-07-19,1
4963,Customer_4963,Pakistan,2022-10-30,1
4964,Customer_4964,UAE,2022-06-24,0
4965,Customer_4965,India,2024-05-29,0
4966,Customer_4966,Pakistan,2023-01-17,1
4967,Customer_4967,,2023-07-14,0
4968,Customer_4968,UAE,2023-07-06,0
4969,Customer_4969,,2023-11-22,0
4970,Customer_4970,India,2023-06-16,1
4971,Customer_4971,India,2022-04-28,
4972,Customer_4972,USA,2023-09-21,1
4973,Customer_4973,India,2022-08-08,0
4974,Customer_4974,UAE,2023-01-18,0
4975,Customer_4975,Pakistan,2023-09-19,0
4976,Customer_4976,India,2022-10-15,1
4977,Customer_4977,Pakistan,2022-03-28,1
4978,Customer_4978,Pakistan,2023-12-23,0
4979,Customer_4979,Pakistan,2022-02-21,1
4980,Customer_4980,Pakistan,2024-03-01,1
4981,Customer_4981,,2022-11-23,0
4982,Customer_4982,Pakistan,2023-12-26,0
4983,Customer_4983,UAE,2022-02-15,
4984,Customer_4984,UK,2022-03-05,0
4985,Customer_4985,India,2022-09-04,1
4986,Customer_4986,Pakistan,2022-02-09,1
4987,Customer_4987,UAE,2024-06-06,1
4988,Customer_4988,UAE,2022-11-29,1
4989,Customer_4989,UAE,2022-02-09,1
4990,Customer_4990,UK,2023-05-14,1
4991,Customer_4991,,2022-02-26,
4992,Customer_4992,India,2024-05-18,1
4993,Customer_4993,Pakistan,2023-02-28,0
4994,Customer_4994,UAE,2022-10-29,0
4995,Customer_4995,Pakistan,2022-02-03,1
4996,Customer_4996,USA,2023-10-28,1
4997,Customer_4997,Pakistan,2023-07-26,0
4998,Customer_4998,Pakistan,2023-04-03,0
4999,Customer_4999,UK,2023-12-07,1
5000,Customer_5000,India,2023-04-14,0
5001,Customer_5001,India,2023-11-10,1
5002,Customer_5002,India,2022-03-14,1
5003,Customer_5003,USA,2022-02-19,1
5004,Customer_5004,Pakistan,2022-03-26,0
5005,Customer_5005,USA,2023-05-17,0
5006,Customer_5006,Pakistan,2022-12-01,0
5007,Customer_5007,UK,2024-06-18,0
5008,Customer_5008,UK,2023-05-08,1
5009,Customer_5009,Pakistan,2023-10-06,1
5010,Customer_5010,India,2022-01-14,0
5011,Customer_5011,Pakistan,2024-05-14,0
5012,Customer_5012,UAE,2022-07-26,0
5013,Customer_5013,India,2023-10-17,
5014,Customer_5014,UAE,2022-10-07,1
5015,Customer_5015,Pakistan,2022-04-03,1
5016,Customer_5016,Pakistan,2024-03-22,1
5017,Customer_5017,Pakistan,2022-03-05,1
5018,Customer_5018,Pakistan,2023-06-04,1
5019,Customer_5019,India,2024-03-14,0
5020,Customer_5020,USA,2023-07-21,1
5021,Customer_5021,UAE,2023-10-16,0
5022,Customer_5022,India,2022-03-07,1
5023,Customer_5023,,2023-04-23,0
5024,Customer_5024,UAE,2023-05-22,1
5025,Customer_5025,USA,2023-03-21,0
5026,Customer_5026,India,2023-02-11,1
5027,Customer_5027,Pakistan,2022-10-30,0
5028,Customer_5028,Pakistan,2022-10-05,1
5029,Customer_5029,UAE,2023-01-08,1
5030,Customer_5030,Pakistan,2023-03-08,0
5031,Customer_5031,Pakistan,2022-09-03,1
5032,Customer_5032,India,2022-12-25,
5033,Customer_5033,India,2023-08-12,0
5034,Customer_5034,UAE,2023-10-28,
5035,Customer_5035,Pakistan,2024-03-01,1
5036,Customer_5036,India,2022-12-08,1
5037,Customer_5037,UAE,2023-10-22,0
5038,Customer_5038,,2024-05-03,1
5039,Customer_5039,UAE,2023-10-10,1
5040,Customer_5040,USA,2024-02-14,0
5041,Customer_5041,UK,2022-02-24,1
5042,Customer_5042,India,2024-03-04,0
5043,Customer_5043,Pakistan,2022-02-28,0
5044,Customer_5044,UAE,2022-01-31,1
5045,Customer_5045,UAE,2023-10-23,1
5046,Customer_5046,UAE,2023-06-15,1
5047,Customer_5047,India,2022-09-11,0
5048,Customer_5048,India,2023-06-13,0
5049,Customer_5049,Pakistan,2023-11-20,0
5050,Customer_5050,India,2024-05-27,1
5051,Customer_5051,Pakistan,2024-04-01,1
5052,Customer_5052,UK,2022-08-27,1
5053,Customer_5053,Pakistan,2024-03-27,0
5054,Customer_5054,Pakistan,2023-09-27,1
5055,Customer_5055,India,2022-03-21,1
5056,Customer_5056,UAE,2023-07-30,1
5057,Customer_5057,India,2023-08-17,0
5058,Customer_5058,Pakistan,2022-12-05,1
5059,Customer_5059,India,2023-12-12,0
5060,Customer_5060,Pakistan,2023-03-09,0
5061,Customer_5061,USA,2022-05-06,0
5062,Customer_5062,USA,2023-08-16,0
5063,Customer_5063,India,2022-03-24,0
5064,Customer_5064,Pakistan,2023-11-20,0
5065,Customer_5065,UAE,2024-05-30,0
5066,Customer_5066,Pakistan,2023-03-11,1
5067,Customer_5067,India,2024-06-09,0
5068,Customer_5068,Pakistan,2023-01-15,1
5069,Customer_5069,USA,2023-05-07,0
5070,Customer_5070,Pakistan,2023-07-23,
5071,Customer_5071,India,2022-10-24,
5072,Customer_5072,UAE,2023-11-30,0
5073,Customer_5073,India,2023-07-16,1
5074,Customer_5074,Pakistan,2022-05-27,0
5075,Customer_5075,,2024-03-01,
5076,Customer_5076,India,2023-02-25,1
5077,Customer_5077,UAE,2023-08-27,0
5078,Customer_5078,Pakistan,2022-05-30,0
5079,Customer_5079,India,2022-02-03,0
5080,Customer_5080,India,2023-07-05,0
5081,Customer_5081,Pakistan,2023-03-02,1
5082,Customer_5082,Pakistan,2022-08-13,1
5083,Customer_5083,UK,2023-05-09,0
5084,Customer_5084,Pakistan,2023-04-02,0
5085,Customer_5085,Pakistan,2023-04-15,0
5086,Customer_5086,India,2023-09-23,0
5087,Customer_5087,UK,2023-06-11,1
5088,Customer_5088,Pakistan,2024-05-15,0
5089,Customer_5089,India,2023-04-15,1
5090,Customer_5090,Pakistan,2023-04-24,0
5091,Customer_5091,Pakistan,2022-10-02,0
5092,Customer_5092,Pakistan,2023-02-14,1
5093,Customer_5093,UK,2022-07-02,1
5094,Customer_5094,Pakistan,2023-07-22,0
5095,Customer_5095,Pakistan,2023-05-25,1
5096,Customer_5096,India,2022-06-23,1
5097,Customer_5097,UK,2023-07-26,0
5098,Customer_5098,Pakistan,2024-02-03,1
5099,Customer_5099,India,2023-02-26,1
5100,Customer_5100,Pakistan,2023-07-01,0
5101,Customer_5101,India,2023-09-25,1
5102,Customer_5102,India,2022-05-27,0
5103,Customer_5103,India,2022-02-09,0
5104,Customer_5104,Pakistan,2022-06-08,1
5105,Customer_5105,Pakistan,2023-07-07,1
5106,Customer_5106,Pakistan,2022-11-07,1
5107,Customer_5107,India,2022-06-06,0
5108,Customer_5108,Pakistan,2022-12-31,0
5109,Customer_5109,UK,2022-01-19,1
5110,Customer_5110,,2023-03-30,0
5111,Customer_5111,,2022-09-18,1
5112,Customer_5112,USA,2023-02-17,1
5113,Customer_5113,UAE,2024-04-29,
5114,Customer_5114,UAE,2022-05-20,0
5115,Customer_5115,Pakistan,2022-05-28,0
5116,Customer_5116,UAE,2023-12-12,1
5117,Customer_5117,India,2022-06-15,1
5118,Customer_5118,India,2023-11-19,1
5119,Customer_5119,UK,2023-10-09,0
5120,Customer_5120,Pakistan,2022-03-05,1
5121,Customer_5121,Pakistan,2024-05-27,1
5122,Customer_5122,USA,2023-12-31,0
5123,Customer_5123,Pakistan,2022-08-03,1
5124,Customer_5124,India,2022-11-06,1
5125,Customer_5125,USA,2023-06-29,0
5126,Customer_5126,UAE,2022-03-30,0
5127,Customer_5127,India,2022-10-04,1
5128,Customer_5128,Pakistan,2023-03-16,1
5129,Customer_5129,Pakistan,2024-03-15,1
5130,Customer_5130,USA,2024-06-01,0
5131,Customer_5131,India,2023-09-04,0
5132,Customer_5132,India,2022-11-29,
5133,Customer_5133,Pakistan,2023-05-13,
5134,Customer_5134,Pakistan,2023-08-19,0
5135,Customer_5135,,2022-04-27,1
5136,Customer_5136,India,2023-11-16,0
5137,Customer_5137,UAE,2022-05-13,0
5138,Customer_5138,Pakistan,2022-07-25,0
5139,Customer_5139,UAE,2022-01-27,0
5140,Customer_5140,USA,2022-11-27,1
5141,Customer_5141,India,2023-09-11,1
5142,Customer_5142,Pakistan,2022-08-06,
5143,Customer_5143,India,2024-01-20,1
5144,Customer_5144,UK,2022-07-19,0
5145,Customer_5145,India,2022-05-26,1
5146,Customer_5146,USA,2022-03-22,
5147,Customer_5147,UAE,2022-10-10,1
5148,Customer_5148,USA,2023-07-07,1
5149,Customer_5149,UAE,2023-12-05,
5150,Customer_5150,Pakistan,2022-02-06,0
5151,Customer_5151,Pakistan,2022-10-11,1
5152,Customer_5152,Pakistan,2022-10-10,1
5153,Customer_5153,USA,2023-01-10,
5154,Customer_5154,UK,2023-05-22,0
5155,Customer_5155,UAE,2024-06-15,1
5156,Customer_5156,Pakistan,2024-04-24,1
5157,Customer_5157,Pakistan,2022-04-06,0
5158,Customer_5158,UK,2022-08-01,1
5159,Customer_5159,India,2023-05-28,0
5160,Customer_5160,Pakistan,2022-07-30,0
5161,Customer_5161,UAE,2023-10-14,0
5162,Customer_5162,Pakistan,2024-02-28,1
5163,Customer_5163,Pakistan,2023-02-26,0
5164,Customer_5164,India,2022-05-28,1
5165,Customer_5165,Pakistan,2022-08-07,0
5166,Customer_5166,,2022-10-19,0
5167,Customer_5167,Pakistan,2022-10-18,0
5168,Customer_5168,Pakistan,2023-07-14,0
5169,Customer_5169,Pakistan,2023-03-21,1
5170,Customer_5170,UK,2022-07-07,1
5171,Customer_5171,India,2022-09-07,0
5172,Customer_5172,India,2022-12-04,0
5173,Customer_5173,Pakistan,2022-07-03,1
5174,Customer_5174,Pakistan,2022-09-15,0
5175,Customer_5175,India,2024-04-28,
5176,Customer_5176,UK,2022-03-06,1
5177,Customer_5177,USA,2023-12-04,0
5178,Customer_5178,Pakistan,2023-12-05,0
5179,Customer_5179,India,2023-02-01,1
5180,Customer_5180,USA,2022-01-23,0
5181,Customer_5181,India,2023-11-17,0
5182,Customer_5182,UK,2022-02-22,0
5183,Customer_5183,Pakistan,2022-03-10,1
5184,Customer_5184,USA,2022-06-01,1
5185,Customer_5185,UK,2022-12-08,0
5186,Customer_5186,USA,2023-11-25,1
5187,Customer_5187,UAE,2022-06-14,0
5188,Customer_5188,India,2023-09-30,1
5189,Customer_5189,USA,2022-07-31,0
5190,Customer_5190,Pakistan,2024-04-16,1
5191,Customer_5191,Pakistan,2023-07-11,
5192,Customer_5192,UAE,2023-02-14,0
5193,Customer_5193,UK,2023-10-17,0
5194,Customer_5194,USA,2022-12-06,0
5195,Customer_5195,Pakistan,2022-02-07,0
5196,Customer_5196,UK,2024-04-19,0
5197,Customer_5197,UAE,2023-01-13,1
5198,Customer_5198,Pakistan,2022-08-31,
5199,Customer_5199,India,2022-10-03,0
5200,Customer_5200,Pakistan,2022-01-03,1
5201,Customer_5201,Pakistan,2022-04-28,1
5202,Customer_5202,,2022-07-11,1
5203,Customer_5203,UAE,2023-04-18,0
5204,Customer_5204,UAE,2023-08-18,0
5205,Customer_5205,,2023-01-26,1
5206,Customer_5206,India,2024-03-03,0
5207,Customer_5207,UK,2023-09-18,1
5208,Customer_5208,India,2022-02-09,1
5209,Customer_5209,USA,2023-12-01,0
5210,Customer_5210,Pakistan,2024-03-24,0
5211,Customer_5211,USA,2023-09-10,
5212,Customer_5212,Pakistan,2024-06-04,1
5213,Customer_5213,Pakistan,2022-01-01,1
5214,Customer_5214,UK,2023-02-28,0
5215,Customer_5215,India,2023-03-08,1
5216,Customer_5216,UAE,2023-02-08,1
5217,Customer_5217,India,2022-11-21,1
5218,Customer_5218,UAE,2023-05-24,0
5219,Customer_5219,Pakistan,2023-07-23,0
5220,Customer_5220,Pakistan,2023-02-04,0
5221,Customer_5221,Pakistan,2023-05-07,1
5222,Customer_5222,India,2024-04-22,
5223,Customer_5223,Pakistan,2022-04-05,
5224,Customer_5224,India,2023-04-08,
5225,Customer_5225,India,2023-06-23,0
5226,Customer_5226,Pakistan,2022-10-01,0
5227,Customer_5227,India,2023-07-15,0
5228,Customer_5228,USA,2024-04-02,0
5229,Customer_5229,Pakistan,2023-06-23,1
5230,Customer_5230,India,2022-07-26,1
5231,Customer_5231,UAE,2023-06-02,0
5232,Customer_5232,India,2023-07-19,1
5233,Customer_5233,UAE,2023-08-11,
5234,Customer_5234,India,2022-03-18,1
5235,Customer_5235,India,2024-01-01,0
5236,Customer_5236,Pakistan,2022-06-21,1
5237,Customer_5237,UAE,2023-08-02,0
5238,Customer_5238,UAE,2022-03-04,1
5239,Customer_5239,Pakistan,2024-02-05,0
5240,Customer_5240,India,2024-05-29,0
5241,Customer_5241,,2022-09-23,
5242,Customer_5242,India,2024-05-02,1
5243,Customer_5243,India,2022-06-07,1
5244,Customer_5244,USA,2022-02-11,
5245,Customer_5245,UAE,2023-10-07,0
5246,Customer_5246,India,2022-05-27,0
5247,Customer_5247,UK,2024-05-28,1
5248,Customer_5248,USA,2023-05-15,0
5249,Customer_5249,India,2022-06-19,1
5250,Customer_5250,India,2022-08-20,0
5251,Customer_5251,India,2023-12-02,0
5252,Customer_5252,,2023-09-10,1
5253,Customer_5253,UAE,2023-12-04,0
5254,Customer_5254,Pakistan,2022-05-09,1
5255,Customer_5255,USA,2022-12-13,1
5256,Customer_5256,India,2023-11-03,
5257,Customer_5257,Pakistan,2022-08-15,1
5258,Customer_5258,India,2023-02-10,0
5259,Customer_5259,India,2022-05-22,1
5260,Customer_5260,USA,2022-05-04,1
5261,Customer_5261,Pakistan,2023-03-15,1
5262,Customer_5262,UK,2022-04-03,1
5263,Customer_5263,India,2024-01-14,1
5264,Customer_5264,Pakistan,2022-05-25,1
5265,Customer_5265,,2023-10-25,1
5266,Customer_5266,India,2022-01-15,0
5267,Customer_5267,Pakistan,2022-10-09,0
5268,Customer_5268,India,2023-04-07,1
5269,Customer_5269,USA,2022-09-04,0
5270,Customer_5270,Pakistan,2023-08-31,0
5271,Customer_5271,Pakistan,2023-07-11,0
5272,Customer_5272,Pakistan,2022-12-30,1
5273,Customer_5273,Pakistan,2022-11-07,0
5274,Customer_5274,UK,2022-04-26,1
5275,Customer_5275,India,2022-04-07,0
5276,Customer_5276,Pakistan,2023-01-07,1
5277,Customer_5277,Pakistan,2022-08-07,0
5278,Customer_5278,Pakistan,2023-08-02,1
5279,Customer_5279,USA,2023-06-17,0
5280,Customer_5280,Pakistan,2023-01-30,
5281,Customer_5281,,2023-12-06,
5282,Customer_5282,India,2022-08-18,1
5283,Customer_5283,Pakistan,2022-08-30,
5284,Customer_5284,USA,2023-03-05,0
5285,Customer_5285,India,2022-11-25,1
5286,Customer_5286,UAE,2022-07-11,1
5287,Customer_5287,,2022-11-20,1
5288,Customer_5288,Pakistan,2023-01-08,1
5289,Customer_5289,Pakistan,2023-03-01,1
5290,Customer_5290,UAE,2023-04-12,
5291,Customer_5291,Pakistan,2023-10-12,0
5292,Customer_5292,Pakistan,2023-02-26,1
5293,Customer_5293,Pakistan,2023-03-29,1
5294,Customer_5294,Pakistan,2024-03-18,1
5295,Customer_5295,UK,2023-11-18,0
5296,Customer_5296,Pakistan,2024-01-25,1
5297,Customer_5297,India,2022-06-22,
5298,Customer_5298,UAE,2024-02-01,0
5299,Customer_5299,India,2024-04-24,1
5300,Customer_5300,Pakistan,2023-06-03,0
5301,Customer_5301,UK,2023-06-14,
5302,Customer_5302,Pakistan,2022-06-17,1
5303,Customer_5303,UK,2022-02-20,0
5304,Customer_5304,USA,2022-11-28,0
5305,Customer_5305,India,2022-03-21,1
5306,Customer_5306,India,2022-11-29,0
5307,Customer_5307,India,2024-01-05,1
5308,Customer_5308,India,2023-07-18,
5309,Customer_5309,USA,2022-05-15,1
5310,Customer_5310,USA,2023-04-14,0
5311,Customer_5311,Pakistan,2022-06-06,
5312,Customer_5312,UAE,2024-06-04,1
5313,Customer_5313,USA,2024-06-06,0
5314,Customer_5314,,2022-01-22,0
5315,Customer_5315,India,2022-09-07,0
5316,Customer_5316,India,2023-07-04,1
5317,Customer_5317,Pakistan,2023-07-16,0
5318,Customer_5318,,2022-07-14,0
5319,Customer_5319,Pakistan,2023-10-10,1
5320,Customer_5320,India,2023-02-11,1
5321,Customer_5321,Pakistan,2023-09-08,1
5322,Customer_5322,Pakistan,2022-09-03,1
5323,Customer_5323,India,2023-12-22,0
5324,Customer_5324,,2023-01-15,1
5325,Customer_5325,Pakistan,2024-03-20,0
5326,Customer_5326,India,2024-02-27,1
5327,Customer_5327,Pakistan,2022-04-03,1
5328,Customer_5328,Pakistan,2022-07-24,0
5329,Customer_5329,India,2023-05-14,
5330,Customer_5330,India,2024-02-02,1
5331,Customer_5331,Pakistan,2023-10-03,0
5332,Customer_5332,Pakistan,2022-09-21,
5333,Customer_5333,Pakistan,2022-08-14,1
5334,Customer_5334,Pakistan,2024-05-02,1
5335,Customer_5335,,2022-03-03,1
5336,Customer_5336,USA,2023-05-04,1
5337,Customer_5337,Pakistan,2022-08-26,0
5338,Customer_5338,India,2023-04-18,0
5339,Customer_5339,USA,2022-06-03,1
5340,Customer_5340,Pakistan,2022-02-07,0
5341,Customer_5341,UK,2024-05-03,1
5342,Customer_5342,USA,2023-06-14,0
5343,Customer_5343,Pakistan,2024-01-07,0
5344,Customer_5344,Pakistan,2022-11-30,0
5345,Customer_5345,,2022-07-22,1
5346,Customer_5346,India,2024-03-11,1
5347,Customer_5347,Pakistan,2024-06-14,0
5348,Customer_5348,Pakistan,2024-01-29,1
5349,Customer_5349,India,2023-05-03,0
5350,Customer_5350,UAE,2023-07-10,1
5351,Customer_5351,UAE,2022-04-25,0
5352,Customer_5352,,2023-12-08,1
5353,Customer_5353,Pakistan,2023-02-13,1
5354,Customer_5354,India,2024-03-09,
5355,Customer_5355,India,2023-10-18,0
5356,Customer_5356,India,2023-01-22,1
5357,Customer_5357,Pakistan,2023-12-31,1
5358,Customer_5358,,2024-01-27,
5359,Customer_5359,USA,2022-11-29,0
5360,Customer_5360,India,2022-06-07,0
5361,Customer_5361,UAE,2024-04-17,1
5362,Customer_5362,Pakistan,2022-10-13,0
5363,Customer_5363,India,2024-02-24,0
5364,Customer_5364,UAE,2024-01-03,0
5365,Customer_5365,India,2022-09-15,1
5366,Customer_5366,,2023-11-01,0
5367,Customer_5367,UAE,2023-06-07,1
5368,Customer_5368,India,2023-12-05,1
5369,Customer_5369,UK,2023-12-19,0
5370,Customer_5370,Pakistan,2022-03-12,0
5371,Customer_5371,India,2024-01-06,0
5372,Customer_5372,Pakistan,2024-06-12,1
5373,Customer_5373,India,2023-05-26,1
5374,Customer_5374,UK,2022-09-12,1
5375,Customer_5375,India,2022-12-01,0
5376,Customer_5376,UK,2022-01-13,1
5377,Customer_5377,India,2024-03-25,1
5378,Customer_5378,Pakistan,2023-05-25,1
5379,Customer_5379,UK,2023-11-29,1
5380,Customer_5380,Pakistan,2023-08-23,0
5381,Customer_5381,Pakistan,2022-10-23,1
5382,Customer_5382,India,2022-04-12,0
5383,Customer_5383,Pakistan,2022-12-05,0
5384,Customer_5384,Pakistan,2022-03-14,1
5385,Customer_5385,UAE,2022-02-16,
5386,Customer_5386,India,2023-11-03,1
5387,Customer_5387,India,2022-05-17,0
5388,Customer_5388,,2022-04-25,0
5389,Customer_5389,India,2022-04-01,1
5390,Customer_5390,USA,2023-02-22,1
5391,Customer_5391,Pakistan,2023-05-16,0
5392,Customer_5392,India,2023-07-17,1
5393,Customer_5393,USA,2023-07-11,0
5394,Customer_5394,India,2023-02-22,1
5395,Customer_5395,UAE,2022-02-02,
5396,Customer_5396,India,2023-01-31,0
5397,Customer_5397,Pakistan,2023-04-16,0
5398,Customer_5398,India,2022-08-26,1
5399,Customer_5399,India,2023-09-02,1
5400,Customer_5400,USA,2023-09-28,1
5401,Customer_5401,Pakistan,2022-12-05,1
5402,Customer_5402,,2022-02-12,0
5403,Customer_5403,,2023-08-15,1
5404,Customer_5404,Pakistan,2022-09-10,0
5405,Customer_5405,Pakistan,2024-06-06,
5406,Customer_5406,USA,2023-01-06,0
5407,Customer_5407,,2023-11-16,1
5408,Customer_5408,India,2022-07-06,0
5409,Customer_5409,Pakistan,2022-09-12,0
5410,Customer_5410,India,2022-11-06,0
5411,Customer_5411,UAE,2022-05-30,1
5412,Customer_5412,Pakistan,2022-08-20,1
5413,Customer_5413,UAE,2022-10-27,1
5414,Customer_5414,Pakistan,2022-01-02,0
5415,Customer_5415,Pakistan,2023-06-13,1
5416,Customer_5416,India,2023-11-22,1
5417,Customer_5417,India,2022-10-03,0
5418,Customer_5418,Pakistan,2023-05-09,0
5419,Customer_5419,India,2022-06-06,1
5420,Customer_5420,Pakistan,2024-06-03,0
5421,Customer_5421,Pakistan,2022-01-16,0
5422,Customer_5422,Pakistan,2022-02-22,1
5423,Customer_5423,,2022-04-15,0
5424,Customer_5424,India,2022-12-25,1
5425,Customer_5425,India,2022-04-15,
5426,Customer_5426,India,2022-05-03,1
5427,Customer_5427,,2024-05-29,1
5428,Customer_5428,Pakistan,2022-03-07,0
5429,Customer_5429,UAE,2023-07-24,1
5430,Customer_5430,UAE,2022-12-07,0
5431,Customer_5431,UAE,2022-09-15,1
5432,Customer_5432,Pakistan,2023-01-28,
5433,Customer_5433,UAE,2023-02-01,1
5434,Customer_5434,Pakistan,2022-12-22,1
5435,Customer_5435,India,2024-03-11,0
5436,Customer_5436,UAE,2023-02-14,0
5437,Customer_5437,Pakistan,2023-06-01,1
5438,Customer_5438,UK,2023-03-11,0
5439,Customer_5439,Pakistan,2023-02-20,1
5440,Customer_5440,UK,2023-03-24,0
5441,Customer_5441,India,2023-06-21,1
5442,Customer_5442,Pakistan,2022-10-14,0
5443,Customer_5443,Pakistan,2022-03-17,1
5444,Customer_5444,,2022-05-01,1
5445,Customer_5445,Pakistan,2022-03-09,1
5446,Customer_5446,Pakistan,2023-04-15,0
5447,Customer_5447,Pakistan,2024-02-19,1
5448,Customer_5448,UAE,2022-06-18,0
5449,Customer_5449,India,2023-01-01,0
5450,Customer_5450,Pakistan,2022-08-29,0
5451,Customer_5451,Pakistan,2022-01-10,1
5452,Customer_5452,Pakistan,2024-06-07,0
5453,Customer_5453,Pakistan,2022-11-13,
5454,Customer_5454,India,2023-04-05,1
5455,Customer_5455,UAE,2024-04-23,0
5456,Customer_5456,Pakistan,2023-11-10,1
5457,Customer_5457,India,2023-03-13,1
5458,Customer_5458,India,2023-03-17,0
5459,Customer_5459,,2022-05-26,1
5460,Customer_5460,,2024-04-28,1
5461,Customer_5461,UK,2023-07-18,0
5462,Customer_5462,Pakistan,2022-04-27,1
5463,Customer_5463,Pakistan,2024-03-31,0
5464,Customer_5464,Pakistan,2022-10-22,0
5465,Customer_5465,Pakistan,2022-03-22,1
5466,Customer_5466,India,2023-09-01,1
5467,Customer_5467,UK,2022-12-20,1
5468,Customer_5468,USA,2023-02-28,1
5469,Customer_5469,UK,2022-06-08,1
5470,Customer_5470,India,2022-06-08,1
5471,Customer_5471,UAE,2022-09-28,0
5472,Customer_5472,Pakistan,2023-01-02,1
5473,Customer_5473,Pakistan,2024-01-05,1
5474,Customer_5474,UAE,2023-11-27,0
5475,Customer_5475,Pakistan,2022-02-04,1
5476,Customer_5476,India,2024-01-30,0
5477,Customer_5477,Pakistan,2023-11-04,1
5478,Customer_5478,UAE,2023-06-03,1
5479,Customer_5479,UK,2022-04-24,
5480,Customer_5480,Pakistan,2024-05-03,0
5481,Customer_5481,UK,2024-04-14,1
5482,Customer_5482,Pakistan,2022-09-20,0
5483,Customer_5483,India,2022-11-05,1
5484,Customer_5484,UAE,2022-11-18,1
5485,Customer_5485,UAE,2022-03-30,1
5486,Customer_5486,,2022-12-19,1
5487,Customer_5487,Pakistan,2022-06-08,1
5488,Customer_5488,UAE,2022-11-30,0
5489,Customer_5489,UAE,2023-12-18,0
5490,Customer_5490,USA,2023-03-25,1
5491,Customer_5491,Pakistan,2023-01-20,1
5492,Customer_5492,UK,2024-04-13,0
5493,Customer_5493,India,2022-11-06,1
5494,Customer_5494,Pakistan,2023-08-12,0
5495,Customer_5495,India,2022-12-05,0
5496,Customer_5496,Pakistan,2023-06-04,1
5497,Customer_5497,India,2022-12-01,0
5498,Customer_5498,USA,2023-12-02,0
5499,Customer_5499,India,2024-01-18,0
5500,Customer_5500,UAE,2022-05-11,1
5501,Customer_5501,India,2022-05-25,
5502,Customer_5502,Pakistan,2024-04-06,1
5503,Customer_5503,Pakistan,2023-04-04,0
5504,Customer_5504,India,2022-04-12,
5505,Customer_5505,Pakistan,2023-03-17,1
5506,Customer_5506,Pakistan,2022-02-27,1
5507,Customer_5507,India,2023-12-30,1
5508,Customer_5508,Pakistan,2024-01-27,0
5509,Customer_5509,Pakistan,2023-07-03,1
5510,Customer_5510,India,2023-03-29,0
5511,Customer_5511,Pakistan,2023-06-29,0
5512,Customer_5512,USA,2022-08-10,1
5513,Customer_5513,USA,2023-06-06,1
5514,Customer_5514,UAE,2023-07-19,1
5515,Customer_5515,Pakistan,2022-04-18,1
5516,Customer_5516,UK,2022-11-20,0
5517,Customer_5517,UK,2024-05-09,0
5518,Customer_5518,UK,2024-05-14,0
5519,Customer_5519,Pakistan,2022-08-04,1
5520,Customer_5520,UAE,2023-01-29,1
5521,Customer_5521,UK,2022-11-05,0
5522,Customer_5522,India,2023-11-07,
5523,Customer_5523,UAE,2022-03-12,0
5524,Customer_5524,India,2023-12-17,1
5525,Customer_5525,India,2022-11-30,1
5526,Customer_5526,Pakistan,2023-11-17,0
5527,Customer_5527,UAE,2023-07-18,1
5528,Customer_5528,Pakistan,2023-09-02,1
5529,Customer_5529,India,2022-12-27,1
5530,Customer_5530,Pakistan,2022-11-01,1
5531,Customer_5531,India,2024-05-31,0
5532,Customer_5532,Pakistan,2024-05-29,1
5533,Customer_5533,UAE,2022-01-11,
5534,Customer_5534,UK,2022-06-29,0
5535,Customer_5535,Pakistan,2023-10-10,0
5536,Customer_5536,Pakistan,2024-01-04,
5537,Customer_5537,Pakistan,2023-11-15,0
5538,Customer_5538,USA,2022-08-26,1
5539,Customer_5539,India,2023-05-03,1
5540,Customer_5540,India,2024-06-07,1
5541,Customer_5541,Pakistan,2022-03-26,0
5542,Customer_5542,UAE,2023-11-20,0
5543,Customer_5543,USA,2023-01-30,0
5544,Customer_5544,UK,2022-03-25,1
5545,Customer_5545,UAE,2024-02-02,1
5546,Customer_5546,Pakistan,2023-12-14,1
5547,Customer_5547,Pakistan,2024-06-11,1
5548,Customer_5548,Pakistan,2023-01-26,0
5549,Customer_5549,Pakistan,2024-03-10,0
5550,Customer_5550,Pakistan,2023-07-17,1
5551,Customer_5551,Pakistan,2022-08-10,1
5552,Customer_5552,India,2022-03-04,0
5553,Customer_5553,USA,2022-11-13,0
5554,Customer_5554,UAE,2023-02-19,0
5555,Customer_5555,UK,2023-11-03,0
5556,Customer_5556,UAE,2023-11-05,1
5557,Customer_5557,Pakistan,2023-09-09,
5558,Customer_5558,UAE,2022-12-21,1
5559,Customer_5559,Pakistan,2023-08-06,
5560,Customer_5560,UAE,2024-04-04,
5561,Customer_5561,Pakistan,2024-06-08,1
5562,Customer_5562,,2023-08-18,0
5563,Customer_5563,Pakistan,2022-01-02,1
5564,Customer_5564,Pakistan,2024-03-08,0
5565,Customer_5565,USA,2023-02-09,0
5566,Customer_5566,Pakistan,2024-04-15,0
5567,Customer_5567,UAE,2024-05-01,1
5568,Customer_5568,UAE,2023-05-18,0
5569,Customer_5569,UK,2022-06-07,0
5570,Customer_5570,,2024-03-30,1
5571,Customer_5571,,2023-06-12,1
5572,Customer_5572,Pakistan,2022-03-15,1
5573,Customer_5573,UK,2022-08-30,1
5574,Customer_5574,UAE,2023-11-11,0
5575,Customer_5575,UAE,2022-01-07,0
5576,Customer_5576,Pakistan,2023-11-22,1
5577,Customer_5577,UAE,2022-01-24,1
5578,Customer_5578,,2023-04-16,1
5579,Customer_5579,USA,2022-10-03,1
5580,Customer_5580,India,2024-06-09,1
5581,Customer_5581,Pakistan,2023-06-09,
5582,Customer_5582,India,2024-05-01,0
5583,Customer_5583,UK,2023-09-26,0
5584,Customer_5584,UAE,2023-02-01,1
5585,Customer_5585,India,2024-04-25,0
5586,Customer_5586,Pakistan,2024-02-02,0
5587,Customer_5587,India,2022-05-23,0
5588,Customer_5588,India,2023-04-25,0
5589,Customer_5589,USA,2023-06-20,0
5590,Customer_5590,UAE,2022-02-18,0
5591,Customer_5591,Pakistan,2023-11-15,1
5592,Customer_5592,India,2023-06-10,1
5593,Customer_5593,Pakistan,2022-01-22,1
5594,Customer_5594,,2023-05-18,1
5595,Customer_5595,India,2024-05-29,0
5596,Customer_5596,India,2022-01-24,0
5597,Customer_5597,India,2022-08-05,0
5598,Customer_5598,UAE,2023-12-31,1
5599,Customer_5599,UAE,2023-02-14,1
5600,Customer_5600,UAE,2023-01-14,0
5601,Customer_5601,Pakistan,2023-05-24,0
5602,Customer_5602,Pakistan,2023-04-05,
5603,Customer_5603,Pakistan,2022-12-17,1
5604,Customer_5604,UAE,2022-04-11,1
5605,Customer_5605,Pakistan,2023-01-25,0
5606,Customer_5606,India,2024-06-06,0
5607,Customer_5607,USA,2023-09-11,1
5608,Customer_5608,USA,2023-05-20,1
5609,Customer_5609,India,2024-01-13,1
5610,Customer_5610,India,2022-03-11,1
5611,Customer_5611,Pakistan,2024-04-05,1
5612,Customer_5612,UAE,2023-06-16,1
5613,Customer_5613,UK,2022-03-17,0
5614,Customer_5614,Pakistan,2023-03-14,0
5615,Customer_5615,India,2022-02-13,1
5616,Customer_5616,UK,2023-10-10,0
5617,Customer_5617,USA,2024-05-10,1
5618,Customer_5618,Pakistan,2024-01-22,1
5619,Customer_5619,India,2022-04-15,
5620,Customer_5620,Pakistan,2022-10-17,0
5621,Customer_5621,Pakistan,2022-12-06,0
5622,Customer_5622,USA,2023-12-27,1
5623,Customer_5623,UK,2023-05-11,1
5624,Customer_5624,UK,2022-01-04,1
5625,Customer_5625,Pakistan,2022-03-06,1
5626,Customer_5626,UK,2022-08-19,0
5627,Customer_5627,India,2023-06-03,1
5628,Customer_5628,Pakistan,2024-01-04,1
5629,Customer_5629,India,2023-03-03,1
5630,Customer_5630,Pakistan,2023-07-31,0
5631,Customer_5631,UK,2023-06-01,0
5632,Customer_5632,India,2024-04-09,1
5633,Customer_5633,Pakistan,2022-12-10,
5634,Customer_5634,Pakistan,2023-04-08,1
5635,Customer_5635,Pakistan,2022-04-03,0
5636,Customer_5636,Pakistan,2023-07-06,0
5637,Customer_5637,India,2022-05-01,1
5638,Customer_5638,UK,2022-03-07,0
5639,Customer_5639,Pakistan,2023-07-26,1
5640,Customer_5640,Pakistan,2023-04-26,1
5641,Customer_5641,India,2023-03-10,1
5642,Customer_5642,UK,2022-04-16,0
5643,Customer_5643,Pakistan,2023-05-26,1
5644,Customer_5644,Pakistan,2022-10-20,0
5645,Customer_5645,India,2023-02-27,0
5646,Customer_5646,Pakistan,2022-01-23,
5647,Customer_5647,Pakistan,2023-03-14,1
5648,Customer_5648,UAE,2023-03-15,1
5649,Customer_5649,UAE,2022-05-09,0
5650,Customer_5650,India,2022-10-30,0
5651,Customer_5651,UAE,2024-01-14,0
5652,Customer_5652,UAE,2022-05-07,0
5653,Customer_5653,Pakistan,2022-06-28,1
5654,Customer_5654,India,2022-09-13,0
5655,Customer_5655,Pakistan,2023-08-12,1
5656,Customer_5656,Pakistan,2022-06-11,0
5657,Customer_5657,UAE,2022-04-05,0
5658,Customer_5658,USA,2024-05-20,
5659,Customer_5659,,2024-06-15,0
5660,Customer_5660,UAE,2022-09-08,0
5661,Customer_5661,Pakistan,2022-03-02,0
5662,Customer_5662,Pakistan,2023-12-03,0
5663,Customer_5663,UK,2024-02-19,1
5664,Customer_5664,India,2023-10-27,0
5665,Customer_5665,UAE,2024-03-13,1
5666,Customer_5666,UK,2023-04-15,1
5667,Customer_5667,UAE,2023-11-27,1
5668,Customer_5668,UK,2024-04-14,0
5669,Customer_5669,Pakistan,2022-09-06,1
5670,Customer_5670,UAE,2023-01-25,0
5671,Customer_5671,USA,2023-09-13,1
5672,Customer_5672,Pakistan,2023-01-01,1
5673,Customer_5673,UAE,2023-04-24,0
5674,Customer_5674,Pakistan,2023-01-19,1
5675,Customer_5675,,2023-02-05,
5676,Customer_5676,Pakistan,2022-06-02,1
5677,Customer_5677,India,2024-02-27,0
5678,Customer_5678,Pakistan,2023-08-30,1
5679,Customer_5679,UAE,2022-11-03,
5680,Customer_5680,Pakistan,2023-08-19,0
5681,Customer_5681,Pakistan,2022-07-31,1
5682,Customer_5682,India,2022-05-10,0
5683,Customer_5683,USA,2023-06-30,0
5684,Customer_5684,Pakistan,2023-05-14,1
5685,Customer_5685,Pakistan,2022-12-06,1
5686,Customer_5686,UK,2023-08-29,1
5687,Customer_5687,India,2022-02-16,
5688,Customer_5688,USA,2024-02-29,0
5689,Customer_5689,Pakistan,2024-06-06,0
5690,Customer_5690,UAE,2023-03-27,
5691,Customer_5691,Pakistan,2023-07-30,0
5692,Customer_5692,Pakistan,2023-04-24,1
5693,Customer_5693,UAE,2022-10-09,1
5694,Customer_5694,India,2022-02-01,0
5695,Customer_5695,UK,2024-04-12,0
5696,Customer_5696,Pakistan,2024-05-11,1
5697,Customer_5697,India,2024-03-08,1
5698,Customer_5698,India,2023-04-22,1
5699,Customer_5699,,2022-04-05,1
5700,Customer_5700,Pakistan,2023-04-01,1
5701,Customer_5701,Pakistan,2023-02-17,0
5702,Customer_5702,India,2023-07-25,0
5703,Customer_5703,India,2023-10-26,0
5704,Customer_5704,Pakistan,2023-06-30,0
5705,Customer_5705,USA,2022-09-03,0
5706,Customer_5706,Pakistan,2023-06-01,0
5707,Customer_5707,USA,2023-03-22,0
5708,Customer_5708,Pakistan,2023-06-22,0
5709,Customer_5709,UAE,2022-01-18,1
5710,Customer_5710,USA,2023-11-27,1
5711,Customer_5711,Pakistan,2023-01-12,0
5712,Customer_5712,,2024-05-15,
5713,Customer_5713,India,2022-06-09,0
5714,Customer_5714,USA,2024-05-20,1
5715,Customer_5715,UAE,2022-11-29,0
5716,Customer_5716,Pakistan,2024-03-24,1
5717,Customer_5717,Pakistan,2022-06-03,0
5718,Customer_5718,Pakistan,2024-05-24,1
5719,Customer_5719,Pakistan,2024-05-16,0
5720,Customer_5720,Pakistan,2022-06-14,1
5721,Customer_5721,Pakistan,2023-04-22,0
5722,Customer_5722,India,2022-01-10,0
5723,Customer_5723,UK,2023-02-04,1
5724,Customer_5724,Pakistan,2022-02-07,0
5725,Customer_5725,Pakistan,2022-04-06,
5726,Customer_5726,UAE,2023-06-26,0
5727,Customer_5727,Pakistan,2022-08-18,1
5728,Customer_5728,Pakistan,2023-07-26,1
5729,Customer_5729,Pakistan,2022-03-12,0
5730,Customer_5730,USA,2022-09-18,0
5731,Customer_5731,UK,2022-09-01,1
5732,Customer_5732,India,2024-01-26,1
5733,Customer_5733,UAE,2023-09-22,
5734,Customer_5734,India,2023-09-05,0
5735,Customer_5735,UAE,2024-03-15,1
5736,Customer_5736,UAE,2024-01-18,0
5737,Customer_5737,UAE,2023-06-05,0
5738,Customer_5738,Pakistan,2023-11-22,1
5739,Customer_5739,Pakistan,2022-10-30,0
5740,Customer_5740,India,2023-06-30,0
5741,Customer_5741,USA,2023-11-18,0
5742,Customer_5742,India,2023-02-04,1
5743,Customer_5743,UK,2023-05-30,
5744,Customer_5744,,2022-08-15,1
5745,Customer_5745,Pakistan,2022-07-01,1
5746,Customer_5746,UAE,2022-04-01,1
5747,Customer_5747,UAE,2022-07-19,1
5748,Customer_5748,,2022-10-27,0
5749,Customer_5749,,2024-04-22,0
5750,Customer_5750,UAE,2023-08-03,0
5751,Customer_5751,Pakistan,2023-07-09,1
5752,Customer_5752,UK,2024-01-12,1
5753,Customer_5753,Pakistan,2023-08-19,0
5754,Customer_5754,UK,2022-11-22,0
5755,Customer_5755,USA,2022-02-16,
5756,Customer_5756,India,2023-05-21,1
5757,Customer_5757,UAE,2023-10-09,1
5758,Customer_5758,India,2024-03-03,0
5759,Customer_5759,India,2023-06-10,0
5760,Customer_5760,Pakistan,2022-02-21,0
5761,Customer_5761,UK,2024-02-21,0
5762,Customer_5762,USA,2022-05-08,0
5763,Customer_5763,USA,2022-12-04,1
5764,Customer_5764,Pakistan,2024-06-03,0
5765,Customer_5765,USA,2022-01-31,0
5766,Customer_5766,UAE,2023-06-04,0
5767,Customer_5767,Pakistan,2023-09-27,1
5768,Customer_5768,Pakistan,2023-03-28,1
5769,Customer_5769,Pakistan,2024-05-01,1
5770,Customer_5770,USA,2022-09-18,0
5771,Customer_5771,UAE,2024-01-14,0
5772,Customer_5772,UAE,2023-01-15,0
5773,Customer_5773,Pakistan,2023-09-26,0
5774,Customer_5774,UAE,2023-09-07,1
5775,Customer_5775,Pakistan,2024-05-10,
5776,Customer_5776,India,2023-11-18,1
5777,Customer_5777,UAE,2022-10-01,
5778,Customer_5778,Pakistan,2023-10-22,1
5779,Customer_5779,UK,2022-04-22,0
5780,Customer_5780,Pakistan,2022-12-06,
5781,Customer_5781,UAE,2024-02-14,0
5782,Customer_5782,India,2022-10-11,1
5783,Customer_5783,India,2023-06-12,0
5784,Customer_5784,Pakistan,2022-07-13,0
5785,Customer_5785,Pakistan,2022-10-13,1
5786,Customer_5786,USA,2022-05-20,0
5787,Customer_5787,Pakistan,2022-08-09,0
5788,Customer_5788,UK,2023-02-03,0
5789,Customer_5789,,2022-10-17,0
5790,Customer_5790,Pakistan,2023-08-24,
5791,Customer_5791,Pakistan,2023-11-12,1
5792,Customer_5792,UAE,2022-05-06,1
5793,Customer_5793,,2024-01-16,0
5794,Customer_5794,USA,2023-01-09,1
5795,Customer_5795,India,2023-03-26,0
5796,Customer_5796,UK,2023-10-03,0
5797,Customer_5797,Pakistan,2022-04-07,0
5798,Customer_5798,,2022-12-29,1
5799,Customer_5799,,2022-05-14,0
5800,Customer_5800,Pakistan,2023-05-07,0
5801,Customer_5801,Pakistan,2023-03-15,1
5802,Customer_5802,Pakistan,2022-04-22,0
5803,Customer_5803,Pakistan,2022-01-22,1
5804,Customer_5804,UK,2022-05-27,1
5805,Customer_5805,India,2022-04-23,0
5806,Customer_5806,Pakistan,2022-06-08,0
5807,Customer_5807,Pakistan,2024-05-28,0
5808,Customer_5808,,2024-01-01,1
5809,Customer_5809,UAE,2022-05-01,1
5810,Customer_5810,India,2023-01-24,0
5811,Customer_5811,Pakistan,2024-02-02,0
5812,Customer_5812,,2022-04-11,0
5813,Customer_5813,UK,2022-02-14,1
5814,Customer_5814,Pakistan,2023-03-18,1
5815,Customer_5815,Pakistan,2022-10-26,0
5816,Customer_5816,Pakistan,2023-05-18,1
5817,Customer_5817,Pakistan,2022-04-07,1
5818,Customer_5818,India,2023-06-26,
5819,Customer_5819,USA,2022-12-16,0
5820,Customer_5820,India,2022-07-15,0
5821,Customer_5821,UK,2024-01-07,0
5822,Customer_5822,India,2024-03-11,1
5823,Customer_5823,UAE,2022-04-14,1
5824,Customer_5824,UAE,2024-05-07,1
5825,Customer_5825,Pakistan,2022-01-29,0
5826,Customer_5826,India,2022-01-10,0
5827,Customer_5827,UAE,2022-12-09,0
5828,Customer_5828,Pakistan,2023-04-10,1
5829,Customer_5829,India,2022-11-08,0
5830,Customer_5830,India,2022-02-09,0
5831,Customer_5831,,2022-03-15,1
5832,Customer_5832,India,2023-08-20,0
5833,Customer_5833,UK,2023-09-14,1
5834,Customer_5834,India,2024-06-09,0
5835,Customer_5835,UK,2022-12-31,1
5836,Customer_5836,India,2023-08-17,1
5837,Customer_5837,USA,2023-07-20,
5838,Customer_5838,India,2023-10-29,1
5839,Customer_5839,UAE,2022-07-20,
5840,Customer_5840,UAE,2024-03-27,1
5841,Customer_5841,India,2024-03-01,1
5842,Customer_5842,Pakistan,2022-05-04,
5843,Customer_5843,Pakistan,2023-05-05,0
5844,Customer_5844,Pakistan,2024-01-19,0
5845,Customer_5845,USA,2024-05-31,0
5846,Customer_5846,Pakistan,2023-05-14,1
5847,Customer_5847,Pakistan,2022-08-15,1
5848,Customer_5848,UAE,2022-04-27,1
5849,Customer_5849,Pakistan,2023-01-07,0
5850,Customer_5850,India,2024-05-08,0
5851,Customer_5851,Pakistan,2022-02-13,0
5852,Customer_5852,,2023-06-19,1
5853,Customer_5853,USA,2022-07-27,0
5854,Customer_5854,USA,2023-08-08,
5855,Customer_5855,India,2022-10-29,0
5856,Customer_5856,UK,2023-09-30,0
5857,Customer_5857,Pakistan,2023-01-31,1
5858,Customer_5858,Pakistan,2022-04-05,1
5859,Customer_5859,Pakistan,2022-04-17,0
5860,Customer_5860,India,2022-02-03,1
5861,Customer_5861,India,2022-11-29,0
5862,Customer_5862,India,2024-01-27,
5863,Customer_5863,Pakistan,2023-04-01,1
5864,Customer_5864,India,2022-10-12,0
5865,Customer_5865,UAE,2022-07-11,1
5866,Customer_5866,India,2024-02-07,0
5867,Customer_5867,UAE,2022-07-23,1
5868,Customer_5868,Pakistan,2023-11-21,
5869,Customer_5869,UK,2024-04-23,1
5870,Customer_5870,India,2023-10-23,0
5871,Customer_5871,Pakistan,2022-08-09,0
5872,Customer_5872,Pakistan,2024-05-15,0
5873,Customer_5873,UAE,2022-03-01,1
5874,Customer_5874,UK,2023-04-22,1
5875,Customer_5875,India,2023-05-24,1
5876,Customer_5876,Pakistan,2023-07-01,
5877,Customer_5877,USA,2022-11-06,0
5878,Customer_5878,UAE,2022-10-30,0
5879,Customer_5879,India,2023-07-04,0
5880,Customer_5880,India,2023-11-19,0
5881,Customer_5881,Pakistan,2023-05-20,0
5882,Customer_5882,UAE,2023-05-26,1
5883,Customer_5883,India,2022-05-16,0
5884,Customer_5884,,2023-01-03,0
5885,Customer_5885,India,2022-08-10,1
5886,Customer_5886,India,2023-05-26,0
5887,Customer_5887,India,2022-08-31,1
5888,Customer_5888,USA,2022-04-16,0
5889,Customer_5889,UK,2024-05-07,1
5890,Customer_5890,India,2023-03-06,
5891,Customer_5891,UAE,2024-04-04,0
5892,Customer_5892,India,2023-02-26,1
5893,Customer_5893,India,2024-05-10,1
5894,Customer_5894,Pakistan,2022-11-05,1
5895,Customer_5895,India,2023-07-07,0
5896,Customer_5896,Pakistan,2022-07-09,0
5897,Customer_5897,USA,2022-11-28,1
5898,Customer_5898,Pakistan,2023-11-16,1
5899,Customer_5899,,2022-12-25,0
5900,Customer_5900,India,2023-04-21,0
5901,Customer_5901,UAE,2022-07-12,0
5902,Customer_5902,India,2023-06-25,0
5903,Customer_5903,Pakistan,2022-10-30,0
5904,Customer_5904,India,2024-06-10,0
5905,Customer_5905,Pakistan,2023-02-17,0
5906,Customer_5906,UAE,2024-04-07,0
5907,Customer_5907,India,2024-03-08,
5908,Customer_5908,UK,2022-02-26,0
5909,Customer_5909,Pakistan,2022-04-16,0
5910,Customer_5910,Pakistan,2024-05-29,0
5911,Customer_5911,India,2024-05-17,
5912,Customer_5912,USA,2022-11-01,1
5913,Customer_5913,UAE,2022-08-15,1
5914,Customer_5914,India,2023-07-17,0
5915,Customer_5915,India,2022-03-14,1
5916,Customer_5916,Pakistan,2022-07-17,0
5917,Customer_5917,,2022-02-09,0
5918,Customer_5918,UAE,2022-10-03,1
5919,Customer_5919,Pakistan,2022-02-24,1
5920,Customer_5920,India,2023-02-15,1
5921,Customer_5921,Pakistan,2023-12-16,1
5922,Customer_5922,,2023-01-31,
5923,Customer_5923,Pakistan,2023-06-12,0
5924,Customer_5924,UAE,2022-07-24,0
5925,Customer_5925,Pakistan,2023-05-21,0
5926,Customer_5926,UAE,2023-10-17,1
5927,Customer_5927,UK,2024-03-05,0
5928,Customer_5928,UAE,2023-10-28,1
5929,Customer_5929,UAE,2023-06-08,0
5930,Customer_5930,USA,2022-09-05,0
5931,Customer_5931,Pakistan,2022-03-27,0
5932,Customer_5932,Pakistan,2024-05-12,0
5933,Customer_5933,Pakistan,2022-10-02,1
5934,Customer_5934,,2023-10-18,0
5935,Customer_5935,India,2024-01-11,0
5936,Customer_5936,UAE,2022-08-11,0
5937,Customer_5937,UAE,2024-04-24,0
5938,Customer_5938,Pakistan,2024-03-10,0
5939,Customer_5939,Pakistan,2022-12-01,0
5940,Customer_5940,Pakistan,2022-01-30,1
5941,Customer_5941,India,2023-12-06,0
5942,Customer_5942,Pakistan,2022-09-16,0
5943,Customer_5943,Pakistan,2022-07-01,1
5944,Customer_5944,USA,2024-04-21,0
5945,Customer_5945,,2023-07-27,0
5946,Customer_5946,Pakistan,2024-03-20,1
5947,Customer_5947,Pakistan,2022-07-06,0
5948,Customer_5948,Pakistan,2022-12-15,1
5949,Customer_5949,UAE,2022-03-20,1
5950,Customer_5950,UK,2022-08-05,1
5951,Customer_5951,Pakistan,2023-06-21,
5952,Customer_5952,Pakistan,2023-07-31,0
5953,Customer_5953,UK,2022-02-12,0
5954,Customer_5954,UAE,2022-12-04,0
5955,Customer_5955,Pakistan,2022-06-18,0
5956,Customer_5956,UAE,2023-04-21,1
5957,Customer_5957,Pakistan,2022-10-03,1
5958,Customer_5958,India,2022-12-26,1
5959,Customer_5959,UK,2022-03-10,1
5960,Customer_5960,UK,2022-06-23,0
5961,Customer_5961,India,2022-01-05,1
5962,Customer_5962,USA,2023-04-07,1
5963,Customer_5963,India,2023-03-16,1
5964,Customer_5964,UK,2022-12-31,0
5965,Customer_5965,India,2024-03-29,1
5966,Customer_5966,USA,2023-06-26,0
5967,Customer_5967,USA,2024-02-09,1
5968,Customer_5968,Pakistan,2023-07-14,1
5969,Customer_5969,USA,2023-09-18,0
5970,Customer_5970,UK,2022-08-03,1
5971,Customer_5971,UK,2023-08-14,1
5972,Customer_5972,Pakistan,2023-11-12,0
5973,Customer_5973,UK,2023-07-12,
5974,Customer_5974,USA,2024-03-18,1
5975,Customer_5975,Pakistan,2022-05-18,1
5976,Customer_5976,,2023-03-25,1
5977,Customer_5977,Pakistan,2022-08-21,1
5978,Customer_5978,Pakistan,2024-04-07,1
5979,Customer_5979,India,2023-08-05,0
5980,Customer_5980,India,2023-08-31,0
5981,Customer_5981,UAE,2022-04-05,1
5982,Customer_5982,Pakistan,2023-04-06,1
5983,Customer_5983,,2024-01-27,1
5984,Customer_5984,Pakistan,2024-05-16,1
5985,Customer_5985,Pakistan,2023-04-25,1
5986,Customer_5986,Pakistan,2022-12-12,0
5987,Customer_5987,India,2022-11-25,
5988,Customer_5988,USA,2023-09-28,0
5989,Customer_5989,UAE,2023-10-24,1
5990,Customer_5990,UK,2023-01-20,1
5991,Customer_5991,Pakistan,2022-04-10,1
5992,Customer_5992,India,2023-12-06,0
5993,Customer_5993,India,2023-06-01,
5994,Customer_5994,India,2023-04-16,1
5995,Customer_5995,Pakistan,2024-02-01,
5996,Customer_5996,UAE,2024-03-31,0
5997,Customer_5997,India,2023-09-21,1
5998,Customer_5998,UK,2023-09-04,1
5999,Customer_5999,India,2024-04-08,1
6000,Customer_6000,Pakistan,2023-07-27,
6001,Customer_6001,UAE,2024-06-12,0
6002,Customer_6002,Pakistan,2022-09-11,0
6003,Customer_6003,USA,2024-01-25,1
6004,Customer_6004,UAE,2022-08-06,0
6005,Customer_6005,Pakistan,2024-05-01,
6006,Customer_6006,,2022-07-11,0
6007,Customer_6007,India,2023-11-12,1
6008,Customer_6008,Pakistan,2023-03-01,0
6009,Customer_6009,UAE,2023-11-19,1
6010,Customer_6010,Pakistan,2023-03-23,0
6011,Customer_6011,UK,2023-07-31,0
6012,Customer_6012,UK,2022-08-02,0
6013,Customer_6013,,2022-05-28,0
6014,Customer_6014,India,2022-03-02,
6015,Customer_6015,India,2024-02-01,0
6016,Customer_6016,UK,2022-03-14,1
6017,Customer_6017,Pakistan,2023-03-01,
6018,Customer_6018,India,2022-11-16,1
6019,Customer_6019,India,2023-08-31,
6020,Customer_6020,Pakistan,2022-08-01,
6021,Customer_6021,India,2024-03-19,1
6022,Customer_6022,USA,2023-07-30,1
6023,Customer_6023,USA,2023-08-22,0
6024,Customer_6024,Pakistan,2024-04-02,0
6025,Customer_6025,Pakistan,2022-05-25,1
6026,Customer_6026,Pakistan,2022-12-13,1
6027,Customer_6027,USA,2022-09-27,1
6028,Customer_6028,Pakistan,2022-05-10,1
6029,Customer_6029,UAE,2023-12-17,0
6030,Customer_6030,Pakistan,2023-02-20,1
6031,Customer_6031,UAE,2023-10-14,1
6032,Customer_6032,India,2023-08-22,0
6033,Customer_6033,UK,2022-05-30,1
6034,Customer_6034,Pakistan,2023-03-16,0
6035,Customer_6035,UAE,2024-03-07,1
6036,Customer_6036,Pakistan,2023-06-03,1
6037,Customer_6037,UAE,2022-09-22,0
6038,Customer_6038,USA,2022-10-25,1
6039,Customer_6039,Pakistan,2024-05-30,1
6040,Customer_6040,USA,2023-03-23,0
6041,Customer_6041,India,2023-01-19,0
6042,Customer_6042,Pakistan,2022-04-09,1
6043,Customer_6043,India,2023-09-01,0
6044,Customer_6044,Pakistan,2023-01-13,1
6045,Customer_6045,UAE,2023-04-07,0
6046,Customer_6046,UK,2023-09-06,1
6047,Customer_6047,Pakistan,2023-12-23,
6048,Customer_6048,India,2022-05-09,0
6049,Customer_6049,UK,2022-09-03,1
6050,Customer_6050,USA,2023-08-23,1
6051,Customer_6051,India,2023-11-06,1
6052,Customer_6052,,2022-05-25,1
6053,Customer_6053,India,2023-10-12,1
6054,Customer_6054,India,2022-02-16,1
6055,Customer_6055,UK,2022-11-04,1
6056,Customer_6056,India,2024-02-09,1
6057,Customer_6057,India,2023-08-15,0
6058,Customer_6058,India,2022-12-01,
6059,Customer_6059,UK,2022-08-27,0
6060,Customer_6060,UK,2023-11-11,0
6061,Customer_6061,India,2024-03-18,0
6062,Customer_6062,Pakistan,2024-04-26,0
6063,Customer_6063,India,2023-08-03,0
6064,Customer_6064,India,2024-03-17,0
6065,Customer_6065,Pakistan,2023-06-03,0
6066,Customer_6066,UK,2024-04-17,1
6067,Customer_6067,India,2023-02-17,0
6068,Customer_6068,Pakistan,2023-05-01,0
6069,Customer_6069,Pakistan,2022-02-26,0
6070,Customer_6070,Pakistan,2023-12-26,0
6071,Customer_6071,USA,2022-03-03,0
6072,Customer_6072,Pakistan,2022-05-15,1
6073,Customer_6073,Pakistan,2024-04-08,
6074,Customer_6074,India,2022-07-26,1
6075,Customer_6075,Pakistan,2023-02-23,1
6076,Customer_6076,Pakistan,2023-12-28,0
6077,Customer_6077,Pakistan,2022-01-19,0
6078,Customer_6078,India,2023-12-16,0
6079,Customer_6079,India,2022-02-14,1
6080,Customer_6080,India,2023-04-01,0
6081,Customer_6081,India,2022-11-05,1
6082,Customer_6082,,2022-12-24,0
6083,Customer_6083,India,2023-03-10,0
6084,Customer_6084,Pakistan,2022-01-22,
6085,Customer_6085,Pakistan,2024-01-19,1
6086,Customer_6086,India,2023-06-05,1
6087,Customer_6087,UK,2023-08-20,1
6088,Customer_6088,Pakistan,2022-11-30,1
6089,Customer_6089,UAE,2022-12-13,1
6090,Customer_6090,Pakistan,2022-05-25,
6091,Customer_6091,India,2022-05-24,0
6092,Customer_6092,UK,2022-02-14,1
6093,Customer_6093,Pakistan,2022-12-18,1
6094,Customer_6094,India,2022-11-12,0
6095,Customer_6095,Pakistan,2023-10-22,1
6096,Customer_6096,UAE,2024-05-10,
6097,Customer_6097,Pakistan,2023-09-15,1
6098,Customer_6098,USA,2022-10-06,0
6099,Customer_6099,Pakistan,2022-02-10,1
6100,Customer_6100,USA,2024-05-31,1
6101,Customer_6101,India,2024-06-16,1
6102,Customer_6102,UAE,2022-06-11,0
6103,Customer_6103,Pakistan,2022-08-20,1
6104,Customer_6104,USA,2024-01-26,0
6105,Customer_6105,Pakistan,2022-03-13,1
6106,Customer_6106,Pakistan,2022-11-29,0
6107,Customer_6107,India,2023-04-08,1
6108,Customer_6108,Pakistan,2022-04-15,1
6109,Customer_6109,Pakistan,2022-08-04,0
6110,Customer_6110,USA,2023-06-09,0
6111,Customer_6111,,2023-03-11,0
6112,Customer_6112,India,2023-10-29,0
6113,Customer_6113,USA,2022-07-17,0
6114,Customer_6114,India,2022-10-22,
6115,Customer_6115,Pakistan,2022-03-12,1
6116,Customer_6116,UAE,2024-03-06,1
6117,Customer_6117,UAE,2022-11-16,
6118,Customer_6118,,2023-12-13,0
6119,Customer_6119,Pakistan,2023-03-23,0
6120,Customer_6120,UAE,2023-02-17,0
6121,Customer_6121,Pakistan,2023-12-21,1
6122,Customer_6122,Pakistan,2022-02-01,1
6123,Customer_6123,Pakistan,2022-02-18,0
6124,Customer_6124,,2024-04-13,0
6125,Customer_6125,UK,2022-11-25,1
6126,Customer_6126,UK,2023-09-17,1
6127,Customer_6127,India,2022-10-26,1
6128,Customer_6128,Pakistan,2022-03-08,0
6129,Customer_6129,Pakistan,2023-08-19,
6130,Customer_6130,Pakistan,2023-05-22,0
6131,Customer_6131,India,2023-09-01,1
6132,Customer_6132,UK,2022-09-28,
6133,Customer_6133,India,2023-04-06,
6134,Customer_6134,Pakistan,2024-02-11,0
6135,Customer_6135,Pakistan,2024-05-29,0
6136,Customer_6136,Pakistan,2023-10-18,1
6137,Customer_6137,India,2023-11-04,0
6138,Customer_6138,USA,2022-02-20,1
6139,Customer_6139,UAE,2024-04-15,
6140,Customer_6140,UK,2024-03-25,0
6141,Customer_6141,India,2022-06-15,1
6142,Customer_6142,India,2022-06-10,0
6143,Customer_6143,Pakistan,2023-02-12,1
6144,Customer_6144,USA,2023-08-07,
6145,Customer_6145,UK,2022-05-07,1
6146,Customer_6146,Pakistan,2022-02-14,0
6147,Customer_6147,India,2023-01-13,1
6148,Customer_6148,India,2022-01-11,1
6149,Customer_6149,UAE,2024-05-19,0
6150,Customer_6150,USA,2024-05-17,1
6151,Customer_6151,India,2023-01-16,
6152,Customer_6152,India,2024-04-30,1
6153,Customer_6153,Pakistan,2023-05-27,1
6154,Customer_6154,Pakistan,2022-03-07,0
6155,Customer_6155,Pakistan,2024-06-16,1
6156,Customer_6156,Pakistan,2024-01-26,0
6157,Customer_6157,UAE,2023-12-15,0
6158,Customer_6158,UAE,2024-05-11,0
6159,Customer_6159,Pakistan,2023-08-30,0
6160,Customer_6160,UK,2022-12-31,0
6161,Customer_6161,Pakistan,2024-04-02,1
6162,Customer_6162,Pakistan,2022-11-20,1
6163,Customer_6163,Pakistan,2022-02-10,1
6164,Customer_6164,India,2022-04-08,0
6165,Customer_6165,Pakistan,2023-04-15,0
6166,Customer_6166,India,2022-05-10,1
6167,Customer_6167,India,2023-07-20,1
6168,Customer_6168,,2023-11-28,
6169,Customer_6169,Pakistan,2024-03-12,0
6170,Customer_6170,Pakistan,2023-09-27,1
6171,Customer_6171,Pakistan,2023-10-06,0
6172,Customer_6172,UAE,2022-11-29,1
6173,Customer_6173,Pakistan,2022-06-07,1
6174,Customer_6174,UK,2022-01-04,
6175,Customer_6175,India,2023-10-05,
6176,Customer_6176,India,2023-03-26,0
6177,Customer_6177,India,2024-01-01,1
6178,Customer_6178,Pakistan,2023-04-10,1
6179,Customer_6179,Pakistan,2024-04-30,1
6180,Customer_6180,Pakistan,2023-10-07,0
6181,Customer_6181,India,2022-07-04,1
6182,Customer_6182,Pakistan,2023-11-14,
6183,Customer_6183,Pakistan,2022-02-10,0
6184,Customer_6184,,2023-08-12,0
6185,Customer_6185,Pakistan,2023-07-12,0
6186,Customer_6186,UK,2022-11-15,1
6187,Customer_6187,UK,2022-06-30,0
6188,Customer_6188,Pakistan,2022-02-19,
6189,Customer_6189,Pakistan,2022-10-17,1
6190,Customer_6190,Pakistan,2022-06-28,1
6191,Customer_6191,UAE,2022-09-13,1
6192,Customer_6192,UAE,2023-07-10,0
6193,Customer_6193,UK,2023-08-25,
6194,Customer_6194,USA,2024-02-04,1
6195,Customer_6195,UAE,2023-02-18,
6196,Customer_6196,Pakistan,2022-12-19,1
6197,Customer_6197,Pakistan,2022-08-03,1
6198,Customer_6198,UK,2023-11-03,0
6199,Customer_6199,Pakistan,2022-06-16,1
6200,Customer_6200,Pakistan,2023-02-06,1
6201,Customer_6201,UAE,2022-08-13,1
6202,Customer_6202,India,2024-02-03,1
6203,Customer_6203,USA,2024-01-02,0
6204,Customer_6204,UAE,2023-12-05,
6205,Customer_6205,Pakistan,2024-03-08,
6206,Customer_6206,USA,2022-08-04,0
6207,Customer_6207,Pakistan,2023-02-06,
6208,Customer_6208,Pakistan,2023-01-23,0
6209,Customer_6209,India,2022-03-23,1
6210,Customer_6210,Pakistan,2023-03-06,0
6211,Customer_6211,India,2022-06-18,
6212,Customer_6212,Pakistan,2022-03-23,0
6213,Customer_6213,India,2022-07-14,1
6214,Customer_6214,India,2023-09-25,0
6215,Customer_6215,UK,2023-06-25,0
6216,Customer_6216,UK,2022-04-05,1
6217,Customer_6217,Pakistan,2022-05-02,0
6218,Customer_6218,India,2023-04-07,1
6219,Customer_6219,India,2022-02-13,
6220,Customer_6220,Pakistan,2023-03-19,1
6221,Customer_6221,UK,2023-08-02,1
6222,Customer_6222,UAE,2024-03-05,0
6223,Customer_6223,Pakistan,2023-01-21,0
6224,Customer_6224,India,2022-03-12,1
6225,Customer_6225,Pakistan,2022-06-02,0
6226,Customer_6226,UAE,2023-08-25,
6227,Customer_6227,Pakistan,2023-12-25,0
6228,Customer_6228,,2023-01-28,
6229,Customer_6229,UK,2023-12-15,0
6230,Customer_6230,India,2024-04-27,1
6231,Customer_6231,India,2023-01-21,0
6232,Customer_6232,USA,2024-04-08,0
6233,Customer_6233,India,2022-06-16,1
6234,Customer_6234,Pakistan,2023-11-03,0
6235,Customer_6235,India,2024-04-24,1
6236,Customer_6236,UK,2022-08-26,1
6237,Customer_6237,UAE,2024-02-16,0
6238,Customer_6238,UAE,2022-03-11,
6239,Customer_6239,USA,2023-03-03,1
6240,Customer_6240,USA,2023-07-09,1
6241,Customer_6241,USA,2022-01-15,1
6242,Customer_6242,Pakistan,2023-01-08,1
6243,Customer_6243,India,2023-11-15,0
6244,Customer_6244,UAE,2023-07-30,0
6245,Customer_6245,UK,2024-01-08,1
6246,Customer_6246,UAE,2022-08-30,0
6247,Customer_6247,Pakistan,2023-12-12,0
6248,Customer_6248,UK,2024-03-04,1
6249,Customer_6249,UAE,2023-07-08,1
6250,Customer_6250,Pakistan,2023-03-17,0
6251,Customer_6251,India,2023-01-28,0
6252,Customer_6252,Pakistan,2022-03-04,0
6253,Customer_6253,Pakistan,2022-07-05,0
6254,Customer_6254,Pakistan,2022-06-06,0
6255,Customer_6255,India,2022-11-03,0
6256,Customer_6256,India,2022-02-26,
6257,Customer_6257,UAE,2023-06-30,1
6258,Customer_6258,UAE,2023-06-12,0
6259,Customer_6259,UK,2023-11-10,0
6260,Customer_6260,Pakistan,2024-04-21,1
6261,Customer_6261,Pakistan,2023-05-28,0
6262,Customer_6262,USA,2023-06-20,1
6263,Customer_6263,Pakistan,2024-01-12,
6264,Customer_6264,,2024-01-10,1
6265,Customer_6265,UK,2022-06-22,0
6266,Customer_6266,India,2023-03-10,1
6267,Customer_6267,,2022-11-12,
6268,Customer_6268,Pakistan,2023-02-13,1
6269,Customer_6269,Pakistan,2022-08-20,1
6270,Customer_6270,UAE,2023-03-28,0
6271,Customer_6271,India,2023-11-11,0
6272,Customer_6272,USA,2024-05-18,1
6273,Customer_6273,Pakistan,2024-06-07,
6274,Customer_6274,India,2022-08-24,1
6275,Customer_6275,India,2022-04-28,1
6276,Customer_6276,UAE,2024-04-03,0
6277,Customer_6277,Pakistan,2023-07-05,0
6278,Customer_6278,India,2022-12-12,1
6279,Customer_6279,UK,2023-07-08,0
6280,Customer_6280,Pakistan,2022-09-21,1
6281,Customer_6281,UK,2022-11-03,0
6282,Customer_6282,India,2022-02-17,1
6283,Customer_6283,UK,2022-04-08,1
6284,Customer_6284,UAE,2022-11-09,1
6285,Customer_6285,Pakistan,2022-01-10,0
6286,Customer_6286,India,2022-03-31,1
6287,Customer_6287,USA,2024-04-01,
6288,Customer_6288,India,2022-05-29,1
6289,Customer_6289,,2022-06-11,0
6290,Customer_6290,India,2022-08-13,0
6291,Customer_6291,Pakistan,2022-05-08,0
6292,Customer_6292,India,2023-04-26,0
6293,Customer_6293,,2024-03-11,1
6294,Customer_6294,Pakistan,2023-06-02,1
6295,Customer_6295,USA,2023-03-07,0
6296,Customer_6296,USA,2023-07-15,0
6297,Customer_6297,India,2022-06-29,0
6298,Customer_6298,Pakistan,2024-03-25,
6299,Customer_6299,UAE,2023-07-24,1
6300,Customer_6300,Pakistan,2023-07-12,1
6301,Customer_6301,UK,2023-04-08,0
6302,Customer_6302,India,2024-06-07,1
6303,Customer_6303,India,2022-08-05,0
6304,Customer_6304,UK,2023-05-24,0
6305,Customer_6305,India,2022-08-18,1
6306,Customer_6306,India,2023-10-26,1
6307,Customer_6307,India,2023-06-07,0
6308,Customer_6308,India,2024-01-13,0
6309,Customer_6309,India,2023-03-28,0
6310,Customer_6310,UK,2023-04-17,0
6311,Customer_6311,India,2024-04-15,1
6312,Customer_6312,India,2022-08-24,
6313,Customer_6313,UAE,2024-03-19,0
6314,Customer_6314,Pakistan,2023-12-01,0
6315,Customer_6315,Pakistan,2023-02-23,0
6316,Customer_6316,USA,2022-05-13,1
6317,Customer_6317,UAE,2023-03-30,0
6318,Customer_6318,India,2022-02-08,1
6319,Customer_6319,UAE,2022-01-04,0
6320,Customer_6320,Pakistan,2022-02-26,1
6321,Customer_6321,UAE,2024-02-25,1
6322,Customer_6322,India,2022-01-26,
6323,Customer_6323,India,2024-04-19,
6324,Customer_6324,India,2023-02-13,1
6325,Customer_6325,Pakistan,2023-01-12,
6326,Customer_6326,Pakistan,2023-01-25,0
6327,Customer_6327,,2023-08-29,0
6328,Customer_6328,India,2023-01-15,0
6329,Customer_6329,India,2023-04-21,1
6330,Customer_6330,Pakistan,2023-11-09,
6331,Customer_6331,Pakistan,2024-03-06,0
6332,Customer_6332,UAE,2022-03-15,1
6333,Customer_6333,India,2022-01-09,1
6334,Customer_6334,India,2022-12-09,
6335,Customer_6335,Pakistan,2022-05-30,1
6336,Customer_6336,UAE,2023-07-18,
6337,Customer_6337,Pakistan,2022-10-20,0
6338,Customer_6338,Pakistan,2022-10-01,0
6339,Customer_6339,India,2022-10-07,1
6340,Customer_6340,Pakistan,2022-03-17,0
6341,Customer_6341,Pakistan,2023-08-10,0
6342,Customer_6342,UAE,2022-03-07,1
6343,Customer_6343,UAE,2023-03-10,1
6344,Customer_6344,UK,2022-11-01,1
6345,Customer_6345,India,2023-02-13,0
6346,Customer_6346,Pakistan,2023-10-10,1
6347,Customer_6347,Pakistan,2022-05-29,0
6348,Customer_6348,,2024-04-13,0
6349,Customer_6349,India,2023-07-16,1
6350,Customer_6350,UAE,2023-12-13,0
6351,Customer_6351,Pakistan,2022-10-13,0
6352,Customer_6352,India,2024-05-09,1
6353,Customer_6353,Pakistan,2022-06-04,0
6354,Customer_6354,India,2023-04-11,
6355,Customer_6355,USA,2022-01-31,1
6356,Customer_6356,,2024-03-12,
6357,Customer_6357,India,2024-03-26,0
6358,Customer_6358,India,2023-12-11,1
6359,Customer_6359,USA,2022-05-27,0
6360,Customer_6360,UAE,2023-05-15,1
6361,Customer_6361,Pakistan,2022-03-12,0
6362,Customer_6362,India,2022-07-12,0
6363,Customer_6363,Pakistan,2023-07-14,1
6364,Customer_6364,India,2023-11-04,0
6365,Customer_6365,India,2022-01-12,0
6366,Customer_6366,India,2022-06-27,0
6367,Customer_6367,India,2022-06-18,1
6368,Customer_6368,Pakistan,2023-10-15,0
6369,Customer_6369,India,2023-10-16,0
6370,Customer_6370,UK,2024-03-09,0
6371,Customer_6371,UAE,2024-06-14,1
6372,Customer_6372,Pakistan,2022-05-26,1
6373,Customer_6373,USA,2023-04-14,0
6374,Customer_6374,USA,2022-06-22,0
6375,Customer_6375,Pakistan,2022-01-21,0
6376,Customer_6376,Pakistan,2022-11-18,0
6377,Customer_6377,UAE,2023-04-14,0
6378,Customer_6378,UK,2023-03-01,1
6379,Customer_6379,,2023-12-14,1
6380,Customer_6380,USA,2023-06-20,
6381,Customer_6381,UAE,2023-05-21,0
6382,Customer_6382,India,2023-01-28,1
6383,Customer_6383,Pakistan,2022-09-04,1
6384,Customer_6384,Pakistan,2022-06-10,1
6385,Customer_6385,India,2023-04-08,1
6386,Customer_6386,UAE,2023-01-28,0
6387,Customer_6387,India,2022-07-07,0
6388,Customer_6388,UAE,2023-07-01,1
6389,Customer_6389,Pakistan,2022-09-21,0
6390,Customer_6390,India,2022-06-09,0
6391,Customer_6391,Pakistan,2023-08-12,0
6392,Customer_6392,India,2022-12-15,0
6393,Customer_6393,UK,2023-08-27,1
6394,Customer_6394,UAE,2023-11-19,0
6395,Customer_6395,,2022-06-30,0
6396,Customer_6396,Pakistan,2022-07-05,1
6397,Customer_6397,India,2023-09-21,1
6398,Customer_6398,Pakistan,2023-10-12,
6399,Customer_6399,India,2022-06-15,0
6400,Customer_6400,USA,2024-01-16,
6401,Customer_6401,UAE,2022-10-02,1
6402,Customer_6402,USA,2024-03-18,1
6403,Customer_6403,Pakistan,2022-03-21,0
6404,Customer_6404,USA,2022-05-09,1
6405,Customer_6405,Pakistan,2023-05-25,1
6406,Customer_6406,USA,2024-01-24,1
6407,Customer_6407,Pakistan,2024-01-18,0
6408,Customer_6408,Pakistan,2022-08-19,0
6409,Customer_6409,India,2024-05-08,1
6410,Customer_6410,USA,2023-01-28,
6411,Customer_6411,Pakistan,2023-05-18,0
6412,Customer_6412,India,2022-07-21,1
6413,Customer_6413,USA,2023-07-16,1
6414,Customer_6414,India,2023-01-30,1
6415,Customer_6415,Pakistan,2023-04-04,1
6416,Customer_6416,India,2023-03-29,0
6417,Customer_6417,India,2022-09-12,
6418,Customer_6418,USA,2023-05-25,1
6419,Customer_6419,UK,2024-01-28,1
6420,Customer_6420,India,2023-07-28,0
6421,Customer_6421,,2022-08-03,1
6422,Customer_6422,India,2022-05-15,0
6423,Customer_6423,Pakistan,2022-01-24,0
6424,Customer_6424,Pakistan,2023-11-04,1
6425,Customer_6425,India,2022-02-10,1
6426,Customer_6426,Pakistan,2022-05-07,1
6427,Customer_6427,USA,2024-01-06,0
6428,Customer_6428,UK,2022-03-22,1
6429,Customer_6429,Pakistan,2022-04-21,0
6430,Customer_6430,India,2022-01-03,1
6431,Customer_6431,UAE,2022-02-18,0
6432,Customer_6432,USA,2024-02-13,1
6433,Customer_6433,USA,2023-03-07,1
6434,Customer_6434,India,2023-06-25,0
6435,Customer_6435,UK,2022-04-16,0
6436,Customer_6436,India,2022-01-17,1
6437,Customer_6437,India,2023-09-03,1
6438,Customer_6438,Pakistan,2024-04-18,1
6439,Customer_6439,Pakistan,2023-07-04,1
6440,Customer_6440,India,2022-08-29,0
6441,Customer_6441,Pakistan,2022-06-25,0
6442,Customer_6442,Pakistan,2023-08-03,0
6443,Customer_6443,UAE,2024-04-06,0
6444,Customer_6444,Pakistan,2024-01-19,1
6445,Customer_6445,India,2022-08-03,0
6446,Customer_6446,India,2022-07-29,
6447,Customer_6447,,2022-06-24,1
6448,Customer_6448,India,2022-02-05,1
6449,Customer_6449,Pakistan,2023-08-14,
6450,Customer_6450,India,2024-05-07,0
6451,Customer_6451,UK,2023-07-03,1
6452,Customer_6452,,2023-11-24,0
6453,Customer_6453,India,2023-03-09,0
6454,Customer_6454,Pakistan,2023-09-03,1
6455,Customer_6455,USA,2022-08-08,0
6456,Customer_6456,Pakistan,2024-02-14,
6457,Customer_6457,UAE,2023-02-02,1
6458,Customer_6458,India,2022-02-10,1
6459,Customer_6459,Pakistan,2022-09-28,0
6460,Customer_6460,Pakistan,2022-11-07,1
6461,Customer_6461,Pakistan,2022-12-13,0
6462,Customer_6462,UAE,2023-12-03,1
6463,Customer_6463,USA,2023-07-05,0
6464,Customer_6464,Pakistan,2022-10-16,1
6465,Customer_6465,UK,2022-08-30,0
6466,Customer_6466,Pakistan,2022-04-22,0
6467,Customer_6467,India,2023-06-18,1
6468,Customer_6468,Pakistan,2023-11-27,0
6469,Customer_6469,USA,2023-02-13,1
6470,Customer_6470,UK,2023-07-31,0
6471,Customer_6471,UAE,2023-04-02,0
6472,Customer_6472,UK,2022-04-08,1
6473,Customer_6473,UAE,2022-05-18,0
6474,Customer_6474,,2024-03-21,0
6475,Customer_6475,UAE,2024-05-11,1
6476,Customer_6476,USA,2022-09-05,0
6477,Customer_6477,India,2022-12-16,0
6478,Customer_6478,Pakistan,2024-01-07,0
6479,Customer_6479,India,2024-01-06,0
6480,Customer_6480,Pakistan,2022-03-20,1
6481,Customer_6481,India,2024-01-06,0
6482,Customer_6482,India,2022-12-07,1
6483,Customer_6483,UAE,2022-08-07,0
6484,Customer_6484,Pakistan,2023-05-30,0
6485,Customer_6485,Pakistan,2022-02-26,0
6486,Customer_6486,India,2023-03-15,1
6487,Customer_6487,,2022-04-29,
6488,Customer_6488,India,2022-06-01,1
6489,Customer_6489,India,2023-06-05,
6490,Customer_6490,UAE,2022-09-14,0
6491,Customer_6491,UAE,2024-06-14,0
6492,Customer_6492,Pakistan,2022-02-14,0
6493,Customer_6493,India,2024-03-22,0
6494,Customer_6494,Pakistan,2022-09-20,0
6495,Customer_6495,,2022-01-03,0
6496,Customer_6496,Pakistan,2022-05-23,0
6497,Customer_6497,India,2022-09-12,0
6498,Customer_6498,Pakistan,2024-02-04,0
6499,Customer_6499,Pakistan,2023-01-23,0
6500,Customer_6500,UK,2022-08-30,1
6501,Customer_6501,Pakistan,2024-04-28,0
6502,Customer_6502,Pakistan,2023-01-09,1
6503,Customer_6503,India,2022-04-23,1
6504,Customer_6504,Pakistan,2023-01-11,0
6505,Customer_6505,Pakistan,2022-06-24,0
6506,Customer_6506,UK,2022-02-16,0
6507,Customer_6507,UK,2023-05-26,1
6508,Customer_6508,USA,2023-04-03,0
6509,Customer_6509,USA,2024-02-09,0
6510,Customer_6510,UAE,2023-04-10,0
6511,Customer_6511,Pakistan,2024-03-11,1
6512,Customer_6512,UK,2022-02-18,0
6513,Customer_6513,UK,2022-02-26,1
6514,Customer_6514,UK,2022-04-23,1
6515,Customer_6515,India,2022-01-29,1
6516,Customer_6516,Pakistan,2022-08-23,1
6517,Customer_6517,UK,2023-12-30,1
6518,Customer_6518,UAE,2023-03-25,
6519,Customer_6519,,2022-06-12,1
6520,Customer_6520,Pakistan,2024-05-26,0
6521,Customer_6521,Pakistan,2022-06-11,0
6522,Customer_6522,Pakistan,2023-11-07,1
6523,Customer_6523,UK,2023-05-18,1
6524,Customer_6524,Pakistan,2022-06-21,1
6525,Customer_6525,Pakistan,2023-11-17,1
6526,Customer_6526,,2022-02-21,1
6527,Customer_6527,Pakistan,2022-05-29,0
6528,Customer_6528,UK,2023-08-17,1
6529,Customer_6529,India,2022-09-02,0
6530,Customer_6530,UK,2023-09-02,
6531,Customer_6531,India,2022-01-01,1
6532,Customer_6532,USA,2023-03-20,1
6533,Customer_6533,USA,2024-01-11,0
6534,Customer_6534,Pakistan,2023-02-03,0
6535,Customer_6535,Pakistan,2023-03-09,0
6536,Customer_6536,Pakistan,2024-03-04,1
6537,Customer_6537,UAE,2023-01-23,1
6538,Customer_6538,USA,2023-11-04,0
6539,Customer_6539,India,2023-03-16,1
6540,Customer_6540,UAE,2023-06-10,1
6541,Customer_6541,Pakistan,2023-10-30,0
6542,Customer_6542,UK,2023-03-22,1
6543,Customer_6543,,2022-07-15,1
6544,Customer_6544,Pakistan,2023-03-25,1
6545,Customer_6545,India,2024-04-29,1
6546,Customer_6546,Pakistan,2022-02-03,1
6547,Customer_6547,India,2022-10-20,
6548,Customer_6548,India,2023-12-24,0
6549,Customer_6549,Pakistan,2022-05-01,1
6550,Customer_6550,India,2022-10-16,0
6551,Customer_6551,Pakistan,2022-08-17,0
6552,Customer_6552,India,2022-12-29,0
6553,Customer_6553,India,2022-02-26,0
6554,Customer_6554,Pakistan,2022-09-11,
6555,Customer_6555,UK,2023-08-18,
6556,Customer_6556,UAE,2024-02-07,0
6557,Customer_6557,India,2022-01-29,1
6558,Customer_6558,Pakistan,2023-01-25,1
6559,Customer_6559,UK,2023-03-14,1
6560,Customer_6560,,2022-11-08,1
6561,Customer_6561,Pakistan,2024-04-21,0
6562,Customer_6562,Pakistan,2022-02-23,1
6563,Customer_6563,Pakistan,2022-01-04,1
6564,Customer_6564,India,2022-04-26,1
6565,Customer_6565,Pakistan,2023-07-08,
6566,Customer_6566,India,2022-07-18,
6567,Customer_6567,UAE,2023-12-20,1
6568,Customer_6568,India,2024-05-27,1
6569,Customer_6569,India,2023-05-29,
6570,Customer_6570,India,2022-05-03,0
6571,Customer_6571,India,2023-10-09,0
6572,Customer_6572,Pakistan,2024-05-24,0
6573,Customer_6573,Pakistan,2023-02-11,1
6574,Customer_6574,USA,2022-12-07,1
6575,Customer_6575,Pakistan,2024-05-16,0
6576,Customer_6576,UAE,2023-02-22,
6577,Customer_6577,USA,2024-02-23,1
6578,Customer_6578,Pakistan,2022-07-31,1
6579,Customer_6579,India,2023-03-10,0
6580,Customer_6580,India,2023-10-08,1
6581,Customer_6581,USA,2024-03-31,1
6582,Customer_6582,USA,2023-11-05,1
6583,Customer_6583,UAE,2024-04-19,1
6584,Customer_6584,Pakistan,2022-02-08,1
6585,Customer_6585,UAE,2023-09-03,0
6586,Customer_6586,India,2023-10-15,1
6587,Customer_6587,India,2023-12-20,0
6588,Customer_6588,Pakistan,2022-06-15,0
6589,Customer_6589,Pakistan,2023-11-27,0
6590,Customer_6590,UK,2024-03-23,0
6591,Customer_6591,India,2023-11-03,0
6592,Customer_6592,Pakistan,2022-04-11,1
6593,Customer_6593,India,2023-08-24,1
6594,Customer_6594,USA,2022-08-25,0
6595,Customer_6595,UAE,2023-11-26,1
6596,Customer_6596,Pakistan,2024-01-20,0
6597,Customer_6597,Pakistan,2023-11-07,0
6598,Customer_6598,Pakistan,2023-11-19,1
6599,Customer_6599,USA,2022-04-01,1
6600,Customer_6600,India,2023-07-21,1
6601,Customer_6601,India,2023-05-28,0
6602,Customer_6602,India,2022-05-15,1
6603,Customer_6603,India,2022-06-13,1
6604,Customer_6604,UK,2022-11-06,
6605,Customer_6605,India,2024-05-02,0
6606,Customer_6606,Pakistan,2022-01-13,1
6607,Customer_6607,Pakistan,2023-12-01,1
6608,Customer_6608,India,2024-04-12,
6609,Customer_6609,USA,2023-11-03,0
6610,Customer_6610,Pakistan,2022-01-03,1
6611,Customer_6611,USA,2024-02-15,0
6612,Customer_6612,UK,2022-01-12,1
6613,Customer_6613,Pakistan,2022-01-09,0
6614,Customer_6614,Pakistan,2022-03-18,0
6615,Customer_6615,Pakistan,2023-02-09,1
6616,Customer_6616,UAE,2023-08-26,0
6617,Customer_6617,Pakistan,2023-05-12,0
6618,Customer_6618,India,2024-02-04,0
6619,Customer_6619,India,2023-09-23,0
6620,Customer_6620,UAE,2022-03-12,
6621,Customer_6621,Pakistan,2022-07-01,1
6622,Customer_6622,India,2022-10-01,1
6623,Customer_6623,India,2023-11-07,0
6624,Customer_6624,India,2024-02-07,
6625,Customer_6625,UK,2023-09-03,1
6626,Customer_6626,Pakistan,2023-11-21,1
6627,Customer_6627,UK,2023-03-23,1
6628,Customer_6628,UAE,2023-02-06,1
6629,Customer_6629,India,2023-04-15,1
6630,Customer_6630,UAE,2024-01-13,0
6631,Customer_6631,India,2023-10-16,0
6632,Customer_6632,Pakistan,2022-05-01,1
6633,Customer_6633,UAE,2024-02-15,1
6634,Customer_6634,India,2023-01-29,0
6635,Customer_6635,UAE,2024-02-03,0
6636,Customer_6636,Pakistan,2023-08-21,1
6637,Customer_6637,USA,2024-05-23,1
6638,Customer_6638,India,2024-01-16,0
6639,Customer_6639,Pakistan,2024-03-20,0
6640,Customer_6640,India,2022-02-13,1
6641,Customer_6641,UK,2022-10-10,1
6642,Customer_6642,UK,2022-04-12,0
6643,Customer_6643,India,2022-01-09,1
6644,Customer_6644,USA,2024-04-15,1
6645,Customer_6645,Pakistan,2023-01-31,1
6646,Customer_6646,India,2023-01-04,
6647,Customer_6647,USA,2022-06-08,
6648,Customer_6648,USA,2022-11-24,0
6649,Customer_6649,UAE,2022-12-20,0
6650,Customer_6650,USA,2023-03-30,0
6651,Customer_6651,Pakistan,2022-06-27,0
6652,Customer_6652,USA,2022-05-30,0
6653,Customer_6653,Pakistan,2022-04-12,0
6654,Customer_6654,Pakistan,2023-04-26,
6655,Customer_6655,Pakistan,2022-05-26,1
6656,Customer_6656,India,2022-09-27,1
6657,Customer_6657,Pakistan,2023-12-02,1
6658,Customer_6658,Pakistan,2024-04-28,0
6659,Customer_6659,Pakistan,2023-09-03,0
6660,Customer_6660,Pakistan,2022-02-19,0
6661,Customer_6661,India,2023-06-26,1
6662,Customer_6662,India,2022-04-05,0
6663,Customer_6663,Pakistan,2022-03-11,1
6664,Customer_6664,UAE,2023-04-18,1
6665,Customer_6665,USA,2022-02-11,0
6666,Customer_6666,UK,2024-02-05,0
6667,Customer_6667,Pakistan,2023-04-15,1
6668,Customer_6668,UAE,2022-04-05,
6669,Customer_6669,Pakistan,2022-02-28,1
6670,Customer_6670,Pakistan,2022-09-17,0
6671,Customer_6671,Pakistan,2024-06-18,1
6672,Customer_6672,UK,2023-06-26,0
6673,Customer_6673,Pakistan,2023-05-19,
6674,Customer_6674,Pakistan,2023-01-24,1
6675,Customer_6675,Pakistan,2024-06-17,1
6676,Customer_6676,USA,2024-03-24,0
6677,Customer_6677,UAE,2022-03-30,1
6678,Customer_6678,Pakistan,2024-03-11,0
6679,Customer_6679,India,2022-04-03,0
6680,Customer_6680,India,2024-04-09,0
6681,Customer_6681,UAE,2022-09-25,
6682,Customer_6682,Pakistan,2023-09-24,1
6683,Customer_6683,USA,2024-05-01,0
6684,Customer_6684,Pakistan,2022-06-29,1
6685,Customer_6685,UAE,2023-01-13,0
6686,Customer_6686,Pakistan,2023-10-17,0
6687,Customer_6687,India,2023-11-06,0
6688,Customer_6688,India,2023-04-27,1
6689,Customer_6689,India,2023-06-02,1
6690,Customer_6690,Pakistan,2023-04-14,1
6691,Customer_6691,UK,2022-04-25,1
6692,Customer_6692,Pakistan,2022-06-20,0
6693,Customer_6693,UAE,2022-03-06,1
6694,Customer_6694,UK,2022-05-25,0
6695,Customer_6695,India,2022-01-04,1
6696,Customer_6696,UAE,2022-12-11,1
6697,Customer_6697,UAE,2022-05-02,1
6698,Customer_6698,India,2024-05-11,1
6699,Customer_6699,UK,2023-03-30,1
6700,Customer_6700,Pakistan,2023-12-25,0
6701,Customer_6701,India,2023-02-01,1
6702,Customer_6702,UAE,2023-10-15,0
6703,Customer_6703,India,2023-01-20,0
6704,Customer_6704,Pakistan,2022-11-29,1
6705,Customer_6705,India,2022-07-18,1
6706,Customer_6706,UK,2022-01-03,0
6707,Customer_6707,USA,2023-07-11,
6708,Customer_6708,India,2024-02-12,
6709,Customer_6709,UAE,2024-05-23,1
6710,Customer_6710,USA,2024-04-24,1
6711,Customer_6711,Pakistan,2022-01-23,1
6712,Customer_6712,Pakistan,2022-10-31,0
6713,Customer_6713,UAE,2023-05-04,1
6714,Customer_6714,UK,2024-01-18,
6715,Customer_6715,USA,2023-03-16,
6716,Customer_6716,India,2023-04-16,
6717,Customer_6717,Pakistan,2023-06-02,0
6718,Customer_6718,India,2022-07-29,0
6719,Customer_6719,Pakistan,2023-12-28,0
6720,Customer_6720,Pakistan,2024-02-02,0
6721,Customer_6721,UK,2024-06-03,0
6722,Customer_6722,Pakistan,2022-11-30,0
6723,Customer_6723,UK,2023-01-18,1
6724,Customer_6724,India,2024-04-28,1
6725,Customer_6725,India,2022-08-05,1
6726,Customer_6726,Pakistan,2024-01-23,1
6727,Customer_6727,Pakistan,2022-08-21,0
6728,Customer_6728,Pakistan,2022-05-18,0
6729,Customer_6729,,2024-02-09,1
6730,Customer_6730,UK,2023-10-01,1
6731,Customer_6731,India,2023-03-13,1
6732,Customer_6732,Pakistan,2023-03-24,0
6733,Customer_6733,USA,2024-03-24,0
6734,Customer_6734,Pakistan,2022-03-30,1
6735,Customer_6735,Pakistan,2023-05-18,1
6736,Customer_6736,India,2023-01-15,
6737,Customer_6737,USA,2022-08-05,1
6738,Customer_6738,Pakistan,2023-03-10,1
6739,Customer_6739,Pakistan,2022-11-11,1
6740,Customer_6740,USA,2022-03-06,1
6741,Customer_6741,Pakistan,2023-11-02,1
6742,Customer_6742,Pakistan,2023-08-25,
6743,Customer_6743,India,2023-09-02,1
6744,Customer_6744,USA,2022-04-19,
6745,Customer_6745,India,2023-06-20,0
6746,Customer_6746,,2022-03-16,1
6747,Customer_6747,UAE,2023-01-25,1
6748,Customer_6748,Pakistan,2023-02-14,0
6749,Customer_6749,,2022-02-02,1
6750,Customer_6750,India,2023-09-23,0
6751,Customer_6751,Pakistan,2023-08-22,1
6752,Customer_6752,India,2022-07-19,1
6753,Customer_6753,Pakistan,2024-05-08,0
6754,Customer_6754,Pakistan,2022-06-14,1
6755,Customer_6755,Pakistan,2022-08-28,1
6756,Customer_6756,India,2023-05-31,1
6757,Customer_6757,UK,2024-05-15,0
6758,Customer_6758,India,2023-10-15,1
6759,Customer_6759,,2024-03-03,1
6760,Customer_6760,Pakistan,2023-08-23,1
6761,Customer_6761,Pakistan,2023-01-17,0
6762,Customer_6762,Pakistan,2022-07-24,
6763,Customer_6763,Pakistan,2022-02-28,0
6764,Customer_6764,Pakistan,2024-06-05,1
6765,Customer_6765,UK,2023-02-12,1
6766,Customer_6766,USA,2024-03-03,0
6767,Customer_6767,,2022-07-16,1
6768,Customer_6768,Pakistan,2022-04-23,0
6769,Customer_6769,USA,2024-04-27,1
6770,Customer_6770,Pakistan,2022-03-30,1
6771,Customer_6771,Pakistan,2023-03-13,1
6772,Customer_6772,USA,2022-05-18,1
6773,Customer_6773,UAE,2022-07-21,1
6774,Customer_6774,Pakistan,2023-08-05,1
6775,Customer_6775,India,2023-07-19,1
6776,Customer_6776,Pakistan,2022-02-25,0
6777,Customer_6777,UAE,2024-05-11,1
6778,Customer_6778,India,2022-07-02,
6779,Customer_6779,,2023-08-13,0
6780,Customer_6780,Pakistan,2023-03-27,0
6781,Customer_6781,India,2023-11-19,0
6782,Customer_6782,India,2023-08-07,0
6783,Customer_6783,India,2024-06-16,0
6784,Customer_6784,Pakistan,2022-03-11,1
6785,Customer_6785,UAE,2022-01-04,1
6786,Customer_6786,USA,2023-07-17,1
6787,Customer_6787,USA,2023-08-15,0
6788,Customer_6788,UK,2023-05-29,1
6789,Customer_6789,USA,2023-06-14,1
6790,Customer_6790,India,2023-06-04,
6791,Customer_6791,UK,2022-07-12,1
6792,Customer_6792,Pakistan,2022-06-08,0
6793,Customer_6793,India,2022-09-02,
6794,Customer_6794,Pakistan,2023-05-31,1
6795,Customer_6795,India,2023-09-07,0
6796,Customer_6796,Pakistan,2023-08-26,0
6797,Customer_6797,,2022-07-31,0
6798,Customer_6798,Pakistan,2023-04-22,0
6799,Customer_6799,Pakistan,2024-05-02,0
6800,Customer_6800,India,2023-01-15,
6801,Customer_6801,Pakistan,2022-09-20,1
6802,Customer_6802,Pakistan,2023-03-12,1
6803,Customer_6803,Pakistan,2024-03-14,1
6804,Customer_6804,India,2022-08-31,1
6805,Customer_6805,India,2024-01-26,1
6806,Customer_6806,UK,2023-06-05,
6807,Customer_6807,UAE,2023-02-22,0
6808,Customer_6808,India,2022-04-13,
6809,Customer_6809,Pakistan,2024-03-12,1
6810,Customer_6810,Pakistan,2024-01-01,0
6811,Customer_6811,UK,2023-02-16,1
6812,Customer_6812,Pakistan,2023-03-22,1
6813,Customer_6813,Pakistan,2023-12-28,
6814,Customer_6814,UK,2023-10-24,0
6815,Customer_6815,India,2023-03-12,1
6816,Customer_6816,Pakistan,2022-10-14,0
6817,Customer_6817,Pakistan,2022-06-08,0
6818,Customer_6818,USA,2022-02-14,0
6819,Customer_6819,USA,2023-10-14,1
6820,Customer_6820,UAE,2023-07-09,1
6821,Customer_6821,India,2023-06-20,0
6822,Customer_6822,India,2023-09-23,1
6823,Customer_6823,,2022-01-13,0
6824,Customer_6824,,2023-08-19,0
6825,Customer_6825,Pakistan,2024-01-21,1
6826,Customer_6826,UK,2024-05-14,0
6827,Customer_6827,Pakistan,2023-01-03,1
6828,Customer_6828,Pakistan,2022-07-10,0
6829,Customer_6829,UAE,2024-06-16,0
6830,Customer_6830,India,2024-01-30,1
6831,Customer_6831,USA,2023-03-05,1
6832,Customer_6832,Pakistan,2022-04-24,0
6833,Customer_6833,India,2023-08-26,1
6834,Customer_6834,USA,2022-07-28,1
6835,Customer_6835,USA,2023-11-13,1
6836,Customer_6836,Pakistan,2023-06-29,0
6837,Customer_6837,India,2022-06-28,1
6838,Customer_6838,UAE,2023-11-17,1
6839,Customer_6839,Pakistan,2022-08-07,0
6840,Customer_6840,,2022-05-22,1
6841,Customer_6841,USA,2023-07-05,
6842,Customer_6842,Pakistan,2023-05-11,1
6843,Customer_6843,Pakistan,2024-03-24,1
6844,Customer_6844,Pakistan,2024-06-19,1
6845,Customer_6845,USA,2023-12-12,1
6846,Customer_6846,Pakistan,2022-09-21,1
6847,Customer_6847,India,2022-05-03,1
6848,Customer_6848,India,2023-09-22,1
6849,Customer_6849,India,2022-04-06,0
6850,Customer_6850,Pakistan,2023-09-18,0
6851,Customer_6851,Pakistan,2023-01-08,1
6852,Customer_6852,USA,2024-03-28,0
6853,Customer_6853,USA,2024-06-10,1
6854,Customer_6854,UK,2022-10-16,
6855,Customer_6855,Pakistan,2024-06-18,1
6856,Customer_6856,Pakistan,2022-01-12,
6857,Customer_6857,UAE,2024-02-25,1
6858,Customer_6858,Pakistan,2023-09-30,0
6859,Customer_6859,USA,2023-10-18,1
6860,Customer_6860,UAE,2022-03-05,0
6861,Customer_6861,Pakistan,2023-01-26,0
6862,Customer_6862,USA,2023-09-29,0
6863,Customer_6863,,2023-12-26,0
6864,Customer_6864,Pakistan,2023-09-26,0
6865,Customer_6865,India,2024-04-26,0
6866,Customer_6866,Pakistan,2022-11-24,1
6867,Customer_6867,India,2023-01-05,1
6868,Customer_6868,Pakistan,2022-08-01,0
6869,Customer_6869,India,2024-04-29,0
6870,Customer_6870,,2023-08-16,1
6871,Customer_6871,India,2023-02-03,1
6872,Customer_6872,Pakistan,2023-09-22,
6873,Customer_6873,UAE,2023-01-28,0
6874,Customer_6874,Pakistan,2022-12-27,1
6875,Customer_6875,USA,2022-07-20,1
6876,Customer_6876,India,2024-06-14,1
6877,Customer_6877,Pakistan,2022-09-22,0
6878,Customer_6878,Pakistan,2023-01-01,0
6879,Customer_6879,UK,2023-06-08,0
6880,Customer_6880,Pakistan,2023-09-15,0
6881,Customer_6881,UK,2024-01-25,1
6882,Customer_6882,Pakistan,2022-11-16,1
6883,Customer_6883,Pakistan,2023-01-18,1
6884,Customer_6884,India,2022-04-02,1
6885,Customer_6885,USA,2022-11-05,1
6886,Customer_6886,USA,2023-11-02,0
6887,Customer_6887,Pakistan,2022-03-21,
6888,Customer_6888,India,2023-07-29,1
6889,Customer_6889,Pakistan,2022-04-03,0
6890,Customer_6890,India,2022-12-31,0
6891,Customer_6891,India,2023-11-12,1
6892,Customer_6892,USA,2023-02-09,1
6893,Customer_6893,USA,2024-06-13,0
6894,Customer_6894,India,2024-05-09,1
6895,Customer_6895,India,2022-06-22,1
6896,Customer_6896,USA,2023-10-19,1
6897,Customer_6897,UK,2022-05-27,0
6898,Customer_6898,Pakistan,2023-10-22,0
6899,Customer_6899,Pakistan,2022-01-25,
6900,Customer_6900,India,2022-06-11,1
6901,Customer_6901,Pakistan,2022-08-02,0
6902,Customer_6902,Pakistan,2023-06-13,0
6903,Customer_6903,Pakistan,2022-04-18,0
6904,Customer_6904,UAE,2023-04-26,0
6905,Customer_6905,Pakistan,2022-02-08,1
6906,Customer_6906,Pakistan,2023-11-20,
6907,Customer_6907,Pakistan,2024-02-15,0
6908,Customer_6908,UK,2023-11-28,0
6909,Customer_6909,USA,2022-04-17,1
6910,Customer_6910,India,2024-04-21,0
6911,Customer_6911,India,2023-06-27,
6912,Customer_6912,,2022-05-04,1
6913,Customer_6913,Pakistan,2022-11-06,
6914,Customer_6914,Pakistan,2022-06-24,0
6915,Customer_6915,Pakistan,2024-01-03,0
6916,Customer_6916,Pakistan,2023-10-19,1
6917,Customer_6917,India,2023-04-15,1
6918,Customer_6918,USA,2022-05-02,0
6919,Customer_6919,UAE,2023-06-18,
6920,Customer_6920,India,2022-03-06,1
6921,Customer_6921,USA,2023-02-07,1
6922,Customer_6922,Pakistan,2023-09-07,0
6923,Customer_6923,Pakistan,2024-04-11,1
6924,Customer_6924,India,2022-12-05,1
6925,Customer_6925,UAE,2022-09-23,0
6926,Customer_6926,Pakistan,2023-10-22,
6927,Customer_6927,India,2022-10-02,0
6928,Customer_6928,UAE,2022-11-04,0
6929,Customer_6929,UAE,2022-11-23,0
6930,Customer_6930,UAE,2023-11-16,1
6931,Customer_6931,Pakistan,2023-05-21,1
6932,Customer_6932,Pakistan,2023-09-03,0
6933,Customer_6933,India,2022-12-28,0
6934,Customer_6934,Pakistan,2023-01-27,0
6935,Customer_6935,USA,2023-09-04,0
6936,Customer_6936,India,2024-06-06,1
6937,Customer_6937,Pakistan,2023-03-26,0
6938,Customer_6938,UK,2023-10-04,0
6939,Customer_6939,India,2022-06-25,1
6940,Customer_6940,Pakistan,2023-12-14,1
6941,Customer_6941,UK,2022-07-07,1
6942,Customer_6942,USA,2022-08-04,0
6943,Customer_6943,UAE,2022-06-27,0
6944,Customer_6944,Pakistan,2022-07-13,1
6945,Customer_6945,India,2023-10-05,0
6946,Customer_6946,UK,2023-05-09,0
6947,Customer_6947,Pakistan,2022-11-25,1
6948,Customer_6948,Pakistan,2023-11-28,
6949,Customer_6949,USA,2023-07-17,0
6950,Customer_6950,Pakistan,2024-02-25,0
6951,Customer_6951,UK,2024-02-25,
6952,Customer_6952,India,2024-04-25,0
6953,Customer_6953,India,2023-04-18,1
6954,Customer_6954,Pakistan,2022-09-21,
6955,Customer_6955,UK,2022-03-29,
6956,Customer_6956,India,2024-05-16,1
6957,Customer_6957,India,2023-05-10,0
6958,Customer_6958,UAE,2022-03-12,0
6959,Customer_6959,UAE,2022-09-10,1
6960,Customer_6960,,2024-01-18,
6961,Customer_6961,India,2023-05-24,1
6962,Customer_6962,India,2022-12-14,1
6963,Customer_6963,,2024-05-12,1
6964,Customer_6964,UAE,2023-08-12,1
6965,Customer_6965,Pakistan,2023-12-09,1
6966,Customer_6966,Pakistan,2022-05-13,1
6967,Customer_6967,UK,2023-10-18,1
6968,Customer_6968,India,2023-07-06,0
6969,Customer_6969,UAE,2024-02-24,1
6970,Customer_6970,India,2022-10-04,1
6971,Customer_6971,Pakistan,2022-02-09,0
6972,Customer_6972,UAE,2024-03-05,1
6973,Customer_6973,Pakistan,2024-04-15,1
6974,Customer_6974,India,2022-11-11,
6975,Customer_6975,India,2024-03-20,0
6976,Customer_6976,India,2024-04-10,1
6977,Customer_6977,UAE,2022-03-03,0
6978,Customer_6978,UK,2024-06-12,
6979,Customer_6979,UK,2023-09-11,0
6980,Customer_6980,Pakistan,2023-11-20,1
6981,Customer_6981,Pakistan,2022-03-27,1
6982,Customer_6982,India,2023-08-16,0
6983,Customer_6983,USA,2022-01-14,
6984,Customer_6984,UK,2024-01-30,1
6985,Customer_6985,UK,2022-12-02,0
6986,Customer_6986,Pakistan,2022-12-11,0
6987,Customer_6987,India,2022-06-06,0
6988,Customer_6988,India,2024-02-27,0
6989,Customer_6989,Pakistan,2022-02-24,1
6990,Customer_6990,Pakistan,2023-05-31,
6991,Customer_6991,USA,2024-04-20,0
6992,Customer_6992,Pakistan,2024-05-20,1
6993,Customer_6993,Pakistan,2023-08-07,1
6994,Customer_6994,Pakistan,2022-03-03,0
6995,Customer_6995,USA,2023-01-04,0
6996,Customer_6996,India,2022-01-09,0
6997,Customer_6997,UAE,2024-06-15,1
6998,Customer_6998,USA,2024-02-18,1
6999,Customer_6999,Pakistan,2022-10-05,1
7000,Customer_7000,UAE,2024-05-27,0
7001,Customer_7001,Pakistan,2024-05-12,1
7002,Customer_7002,Pakistan,2023-01-20,1
7003,Customer_7003,UK,2022-04-27,1
7004,Customer_7004,UK,2023-10-13,0
7005,Customer_7005,India,2023-12-26,1
7006,Customer_7006,India,2023-04-04,1
7007,Customer_7007,India,2023-07-08,0
7008,Customer_7008,Pakistan,2023-08-28,0
7009,Customer_7009,Pakistan,2023-10-11,
7010,Customer_7010,Pakistan,2022-03-04,1
7011,Customer_7011,Pakistan,2022-11-08,
7012,Customer_7012,UK,2023-09-21,1
7013,Customer_7013,Pakistan,2022-07-27,1
7014,Customer_7014,Pakistan,2024-02-12,0
7015,Customer_7015,India,2023-08-11,0
7016,Customer_7016,USA,2022-03-26,
7017,Customer_7017,Pakistan,2022-08-01,0
7018,Customer_7018,Pakistan,2023-07-14,0
7019,Customer_7019,India,2024-02-17,1
7020,Customer_7020,UAE,2024-04-18,1
7021,Customer_7021,India,2022-05-28,0
7022,Customer_7022,UK,2022-04-11,0
7023,Customer_7023,,2024-03-03,1
7024,Customer_7024,UK,2023-08-16,0
7025,Customer_7025,UAE,2022-10-22,1
7026,Customer_7026,India,2023-05-26,0
7027,Customer_7027,Pakistan,2022-12-10,1
7028,Customer_7028,,2022-08-01,1
7029,Customer_7029,India,2023-04-25,1
7030,Customer_7030,Pakistan,2022-01-30,0
7031,Customer_7031,UAE,2022-05-27,1
7032,Customer_7032,Pakistan,2022-12-06,0
7033,Customer_7033,India,2022-12-09,0
7034,Customer_7034,India,2024-04-06,1
7035,Customer_7035,India,2022-08-31,1
7036,Customer_7036,UK,2022-12-04,1
7037,Customer_7037,Pakistan,2024-05-25,0
7038,Customer_7038,India,2023-02-03,0
7039,Customer_7039,India,2023-02-27,
7040,Customer_7040,UAE,2023-08-10,1
7041,Customer_7041,UK,2023-04-24,1
7042,Customer_7042,India,2022-02-15,1
7043,Customer_7043,UAE,2022-04-13,0
7044,Customer_7044,Pakistan,2023-06-04,1
7045,Customer_7045,USA,2024-01-11,0
7046,Customer_7046,India,2023-11-13,1
7047,Customer_7047,UAE,2022-10-26,1
7048,Customer_7048,Pakistan,2023-11-17,
7049,Customer_7049,Pakistan,2023-05-12,1
7050,Customer_7050,India,2023-10-19,0
7051,Customer_7051,USA,2022-03-22,1
7052,Customer_7052,India,2022-10-01,0
7053,Customer_7053,USA,2022-03-14,0
7054,Customer_7054,India,2023-11-11,0
7055,Customer_7055,India,2023-07-19,1
7056,Customer_7056,Pakistan,2022-08-29,0
7057,Customer_7057,UK,2023-08-03,1
7058,Customer_7058,Pakistan,2023-07-01,
7059,Customer_7059,USA,2022-11-22,1
7060,Customer_7060,USA,2022-08-29,0
7061,Customer_7061,USA,2023-12-27,0
7062,Customer_7062,India,2022-09-13,1
7063,Customer_7063,UAE,2023-02-16,1
7064,Customer_7064,UK,2024-01-22,0
7065,Customer_7065,Pakistan,2023-03-13,1
7066,Customer_7066,UAE,2022-05-21,1
7067,Customer_7067,Pakistan,2023-07-12,1
7068,Customer_7068,India,2022-04-07,
7069,Customer_7069,Pakistan,2024-03-30,1
7070,Customer_7070,Pakistan,2023-01-27,1
7071,Customer_7071,India,2024-01-17,0
7072,Customer_7072,India,2022-04-08,1
7073,Customer_7073,UAE,2023-11-23,1
7074,Customer_7074,Pakistan,2024-05-24,0
7075,Customer_7075,India,2023-09-08,1
7076,Customer_7076,Pakistan,2022-04-23,0
7077,Customer_7077,India,2022-11-28,0
7078,Customer_7078,UAE,2022-06-12,0
7079,Customer_7079,India,2024-06-16,1
7080,Customer_7080,UAE,2023-01-04,
7081,Customer_7081,Pakistan,2022-01-19,1
7082,Customer_7082,UK,2022-11-10,1
7083,Customer_7083,India,2023-12-15,0
7084,Customer_7084,India,2022-10-16,
7085,Customer_7085,UAE,2022-11-07,1
7086,Customer_7086,Pakistan,2022-04-13,1
7087,Customer_7087,UAE,2022-09-29,1
7088,Customer_7088,UAE,2023-11-18,0
7089,Customer_7089,Pakistan,2023-09-24,1
7090,Customer_7090,Pakistan,2022-03-31,
7091,Customer_7091,Pakistan,2022-04-06,0
7092,Customer_7092,USA,2023-05-22,1
7093,Customer_7093,UAE,2023-04-28,
7094,Customer_7094,Pakistan,2023-07-18,0
7095,Customer_7095,India,2022-04-23,1
7096,Customer_7096,India,2023-03-22,
7097,Customer_7097,UK,2024-04-25,1
7098,Customer_7098,Pakistan,2022-07-11,0
7099,Customer_7099,Pakistan,2024-03-09,0
7100,Customer_7100,USA,2022-01-17,0
7101,Customer_7101,Pakistan,2022-07-02,1
7102,Customer_7102,Pakistan,2023-01-14,1
7103,Customer_7103,,2023-12-02,1
7104,Customer_7104,UAE,2022-02-04,0
7105,Customer_7105,Pakistan,2022-03-27,0
7106,Customer_7106,Pakistan,2022-11-07,1
7107,Customer_7107,Pakistan,2022-09-05,1
7108,Customer_7108,Pakistan,2023-03-07,
7109,Customer_7109,USA,2022-12-01,1
7110,Customer_7110,India,2023-01-01,1
7111,Customer_7111,UAE,2022-12-15,1
7112,Customer_7112,USA,2022-09-01,1
7113,Customer_7113,India,2024-03-21,0
7114,Customer_7114,Pakistan,2023-06-20,
7115,Customer_7115,India,2023-02-11,1
7116,Customer_7116,USA,2023-06-10,0
7117,Customer_7117,UK,2024-06-05,0
7118,Customer_7118,Pakistan,2022-10-01,0
7119,Customer_7119,UAE,2023-06-02,1
7120,Customer_7120,India,2023-08-04,0
7121,Customer_7121,USA,2024-06-03,0
7122,Customer_7122,Pakistan,2023-06-15,1
7123,Customer_7123,India,2022-12-16,0
7124,Customer_7124,USA,2024-05-06,1
7125,Customer_7125,India,2023-06-14,1
7126,Customer_7126,India,2022-10-06,1
7127,Customer_7127,Pakistan,2022-04-13,0
7128,Customer_7128,Pakistan,2023-10-17,0
7129,Customer_7129,Pakistan,2022-01-08,0
7130,Customer_7130,USA,2024-05-06,1
7131,Customer_7131,Pakistan,2023-11-01,1
7132,Customer_7132,India,2023-11-06,0
7133,Customer_7133,UAE,2023-03-09,1
7134,Customer_7134,Pakistan,2022-02-02,0
7135,Customer_7135,India,2023-02-18,
7136,Customer_7136,UAE,2024-03-25,
7137,Customer_7137,USA,2022-07-23,1
7138,Customer_7138,UAE,2022-12-12,1
7139,Customer_7139,UAE,2023-12-03,1
7140,Customer_7140,Pakistan,2023-08-31,1
7141,Customer_7141,USA,2023-12-13,1
7142,Customer_7142,Pakistan,2024-04-15,
7143,Customer_7143,UK,2022-11-22,1
7144,Customer_7144,Pakistan,2023-12-02,1
7145,Customer_7145,USA,2024-01-22,1
7146,Customer_7146,UAE,2024-02-25,1
7147,Customer_7147,UK,2024-02-19,1
7148,Customer_7148,Pakistan,2024-06-18,0
7149,Customer_7149,India,2022-08-23,0
7150,Customer_7150,UAE,2023-02-21,0
7151,Customer_7151,UK,2022-10-20,1
7152,Customer_7152,Pakistan,2022-06-30,1
7153,Customer_7153,,2023-12-07,
7154,Customer_7154,USA,2024-04-13,1
7155,Customer_7155,Pakistan,2023-10-05,1
7156,Customer_7156,UK,2024-03-04,0
7157,Customer_7157,India,2022-11-10,1
7158,Customer_7158,India,2023-05-02,1
7159,Customer_7159,Pakistan,2022-05-17,1
7160,Customer_7160,India,2022-09-10,0
7161,Customer_7161,UAE,2023-02-20,1
7162,Customer_7162,India,2023-08-21,1
7163,Customer_7163,UAE,2022-02-27,1
7164,Customer_7164,UAE,2022-01-29,
7165,Customer_7165,UAE,2024-03-28,1
7166,Customer_7166,Pakistan,2022-07-31,
7167,Customer_7167,USA,2023-09-25,1
7168,Customer_7168,India,2022-09-03,
7169,Customer_7169,Pakistan,2022-08-21,1
7170,Customer_7170,Pakistan,2022-02-08,0
7171,Customer_7171,India,2024-05-20,0
7172,Customer_7172,USA,2024-06-14,0
7173,Customer_7173,India,2022-03-04,0
7174,Customer_7174,UAE,2024-04-26,0
7175,Customer_7175,Pakistan,2023-02-24,0
7176,Customer_7176,India,2022-01-07,1
7177,Customer_7177,,2022-09-07,0
7178,Customer_7178,UK,2024-01-21,0
7179,Customer_7179,Pakistan,2022-07-12,1
7180,Customer_7180,India,2022-06-14,1
7181,Customer_7181,Pakistan,2023-04-03,
7182,Customer_7182,India,2024-03-28,1
7183,Customer_7183,UK,2023-05-16,1
7184,Customer_7184,UK,2022-12-27,0
7185,Customer_7185,Pakistan,2023-06-27,0
7186,Customer_7186,USA,2023-05-22,0
7187,Customer_7187,India,2022-10-05,0
7188,Customer_7188,India,2023-01-07,
7189,Customer_7189,India,2024-05-14,0
7190,Customer_7190,UAE,2023-02-21,0
7191,Customer_7191,India,2022-10-20,0
7192,Customer_7192,India,2024-04-06,1
7193,Customer_7193,India,2024-03-01,0
7194,Customer_7194,Pakistan,2022-03-02,1
7195,Customer_7195,UK,2024-04-30,0
7196,Customer_7196,India,2024-02-05,0
7197,Customer_7197,Pakistan,2024-03-05,0
7198,Customer_7198,UK,2022-01-27,1
7199,Customer_7199,USA,2022-09-14,0
7200,Customer_7200,USA,2022-03-04,1
7201,Customer_7201,India,2023-10-21,1
7202,Customer_7202,Pakistan,2023-02-09,1
7203,Customer_7203,India,2022-07-16,0
7204,Customer_7204,Pakistan,2024-04-15,0
7205,Customer_7205,USA,2023-05-10,0
7206,Customer_7206,Pakistan,2022-10-26,1
7207,Customer_7207,Pakistan,2022-05-15,1
7208,Customer_7208,India,2022-07-16,1
7209,Customer_7209,India,2022-01-23,1
7210,Customer_7210,UK,2023-01-25,1
7211,Customer_7211,India,2022-04-20,1
7212,Customer_7212,Pakistan,2022-08-27,0
7213,Customer_7213,Pakistan,2024-05-02,1
7214,Customer_7214,India,2024-05-31,0
7215,Customer_7215,Pakistan,2024-03-12,1
7216,Customer_7216,UAE,2023-06-30,0
7217,Customer_7217,India,2023-07-08,0
7218,Customer_7218,UAE,2023-11-02,1
7219,Customer_7219,USA,2023-01-02,1
7220,Customer_7220,USA,2024-04-22,0
7221,Customer_7221,USA,2022-09-03,0
7222,Customer_7222,Pakistan,2024-01-31,1
7223,Customer_7223,Pakistan,2022-01-10,
7224,Customer_7224,Pakistan,2024-03-30,1
7225,Customer_7225,USA,2022-10-08,
7226,Customer_7226,,2024-02-13,0
7227,Customer_7227,USA,2023-08-01,1
7228,Customer_7228,Pakistan,2024-02-01,1
7229,Customer_7229,USA,2022-09-16,1
7230,Customer_7230,India,2024-05-22,0
7231,Customer_7231,Pakistan,2024-01-21,1
7232,Customer_7232,India,2023-05-07,1
7233,Customer_7233,Pakistan,2022-02-23,1
7234,Customer_7234,India,2023-11-12,1
7235,Customer_7235,Pakistan,2023-05-26,1
7236,Customer_7236,India,2023-09-26,1
7237,Customer_7237,UAE,2022-06-15,0
7238,Customer_7238,USA,2023-07-08,0
7239,Customer_7239,UAE,2022-11-05,1
7240,Customer_7240,India,2023-01-12,
7241,Customer_7241,UK,2023-03-18,0
7242,Customer_7242,USA,2022-02-20,1
7243,Customer_7243,Pakistan,2023-05-02,0
7244,Customer_7244,India,2023-04-17,0
7245,Customer_7245,Pakistan,2023-01-04,1
7246,Customer_7246,Pakistan,2024-05-15,1
7247,Customer_7247,UAE,2023-12-23,0
7248,Customer_7248,USA,2024-05-25,1
7249,Customer_7249,Pakistan,2022-07-21,1
7250,Customer_7250,UK,2023-03-03,
7251,Customer_7251,USA,2024-06-15,0
7252,Customer_7252,USA,2023-12-10,1
7253,Customer_7253,Pakistan,2024-05-25,0
7254,Customer_7254,USA,2022-11-25,0
7255,Customer_7255,Pakistan,2022-11-13,1
7256,Customer_7256,India,2023-08-01,1
7257,Customer_7257,Pakistan,2022-06-13,0
7258,Customer_7258,Pakistan,2022-05-19,
7259,Customer_7259,UAE,2023-02-11,1
7260,Customer_7260,India,2024-06-04,1
7261,Customer_7261,Pakistan,2023-12-31,1
7262,Customer_7262,Pakistan,2022-12-21,0
7263,Customer_7263,UAE,2022-01-30,1
7264,Customer_7264,Pakistan,2023-12-20,0
7265,Customer_7265,UK,2022-07-04,1
7266,Customer_7266,Pakistan,2022-01-12,0
7267,Customer_7267,Pakistan,2023-06-25,0
7268,Customer_7268,India,2024-04-09,1
7269,Customer_7269,India,2024-01-07,0
7270,Customer_7270,India,2024-01-23,0
7271,Customer_7271,Pakistan,2023-09-29,1
7272,Customer_7272,,2022-10-25,1
7273,Customer_7273,UAE,2023-12-09,1
7274,Customer_7274,Pakistan,2023-06-04,0
7275,Customer_7275,India,2023-11-06,0
7276,Customer_7276,USA,2023-10-07,0
7277,Customer_7277,Pakistan,2023-12-24,1
7278,Customer_7278,Pakistan,2022-07-12,1
7279,Customer_7279,UK,2024-03-08,0
7280,Customer_7280,UAE,2023-10-18,0
7281,Customer_7281,India,2024-02-04,0
7282,Customer_7282,Pakistan,2022-09-24,0
7283,Customer_7283,Pakistan,2022-04-30,0
7284,Customer_7284,UAE,2023-02-07,1
7285,Customer_7285,Pakistan,2024-04-13,0
7286,Customer_7286,India,2022-09-05,1
7287,Customer_7287,India,2022-11-03,1
7288,Customer_7288,Pakistan,2023-06-12,0
7289,Customer_7289,USA,2024-03-12,1
7290,Customer_7290,UK,2023-03-06,1
7291,Customer_7291,UAE,2022-09-13,0
7292,Customer_7292,Pakistan,2022-11-29,1
7293,Customer_7293,Pakistan,2022-09-28,0
7294,Customer_7294,India,2024-01-10,1
7295,Customer_7295,Pakistan,2022-02-13,1
7296,Customer_7296,,2023-09-20,1
7297,Customer_7297,Pakistan,2024-01-04,1
7298,Customer_7298,India,2023-06-17,1
7299,Customer_7299,India,2022-03-03,1
7300,Customer_7300,UAE,2022-04-11,1
7301,Customer_7301,Pakistan,2024-02-18,0
7302,Customer_7302,India,2022-04-04,1
7303,Customer_7303,Pakistan,2022-04-26,0
7304,Customer_7304,USA,2023-08-05,0
7305,Customer_7305,Pakistan,2022-08-12,1
7306,Customer_7306,USA,2023-03-01,0
7307,Customer_7307,UK,2022-02-08,0
7308,Customer_7308,Pakistan,2022-10-25,1
7309,Customer_7309,UK,2022-08-12,0
7310,Customer_7310,Pakistan,2022-11-12,0
7311,Customer_7311,,2022-01-19,1
7312,Customer_7312,India,2024-02-28,1
7313,Customer_7313,Pakistan,2023-04-11,1
7314,Customer_7314,India,2022-11-14,1
7315,Customer_7315,Pakistan,2023-04-23,1
7316,Customer_7316,,2023-03-13,1
7317,Customer_7317,Pakistan,2023-01-16,1
7318,Customer_7318,UAE,2022-06-02,1
7319,Customer_7319,India,2023-09-09,1
7320,Customer_7320,USA,2024-04-27,0
7321,Customer_7321,Pakistan,2023-03-12,0
7322,Customer_7322,India,2022-12-02,0
7323,Customer_7323,India,2023-06-22,1
7324,Customer_7324,UAE,2023-04-14,0
7325,Customer_7325,Pakistan,2022-05-16,1
7326,Customer_7326,Pakistan,2022-01-29,1
7327,Customer_7327,Pakistan,2023-06-06,1
7328,Customer_7328,UAE,2022-08-20,0
7329,Customer_7329,Pakistan,2022-01-22,1
7330,Customer_7330,India,2023-04-05,0
7331,Customer_7331,Pakistan,2023-04-01,1
7332,Customer_7332,USA,2022-05-31,1
7333,Customer_7333,USA,2022-01-14,0
7334,Customer_7334,India,2022-07-13,
7335,Customer_7335,India,2022-10-16,0
7336,Customer_7336,Pakistan,2023-02-26,
7337,Customer_7337,Pakistan,2022-06-05,0
7338,Customer_7338,Pakistan,2022-02-16,0
7339,Customer_7339,UAE,2022-05-19,0
7340,Customer_7340,India,2023-01-08,0
7341,Customer_7341,USA,2023-03-29,1
7342,Customer_7342,India,2023-10-20,1
7343,Customer_7343,UAE,2022-04-08,1
7344,Customer_7344,India,2023-10-30,0
7345,Customer_7345,India,2024-03-25,0
7346,Customer_7346,Pakistan,2023-03-20,1
7347,Customer_7347,India,2023-04-11,0
7348,Customer_7348,India,2023-06-30,1
7349,Customer_7349,UAE,2023-02-14,1
7350,Customer_7350,USA,2023-03-03,0
7351,Customer_7351,Pakistan,2024-03-26,1
7352,Customer_7352,Pakistan,2022-10-01,1
7353,Customer_7353,India,2023-04-07,1
7354,Customer_7354,India,2023-08-19,0
7355,Customer_7355,Pakistan,2022-03-29,0
7356,Customer_7356,UK,2023-01-21,0
7357,Customer_7357,,2023-01-28,0
7358,Customer_7358,USA,2022-10-21,0
7359,Customer_7359,Pakistan,2022-01-20,1
7360,Customer_7360,USA,2023-05-18,1
7361,Customer_7361,UAE,2022-09-03,1
7362,Customer_7362,India,2022-03-11,0
7363,Customer_7363,India,2023-11-15,
7364,Customer_7364,UK,2022-05-26,0
7365,Customer_7365,India,2022-11-18,1
7366,Customer_7366,India,2024-03-18,
7367,Customer_7367,India,2022-12-26,1
7368,Customer_7368,India,2023-01-20,
7369,Customer_7369,Pakistan,2022-10-26,1
7370,Customer_7370,USA,2023-09-11,0
7371,Customer_7371,UAE,2023-06-10,0
7372,Customer_7372,UAE,2023-12-20,0
7373,Customer_7373,Pakistan,2022-11-21,0
7374,Customer_7374,UAE,2023-10-15,1
7375,Customer_7375,Pakistan,2022-07-19,0
7376,Customer_7376,Pakistan,2022-05-29,1
7377,Customer_7377,India,2023-05-21,0
7378,Customer_7378,India,2023-01-17,1
7379,Customer_7379,India,2024-01-14,
7380,Customer_7380,Pakistan,2023-02-15,0
7381,Customer_7381,India,2024-01-18,1
7382,Customer_7382,Pakistan,2023-04-14,1
7383,Customer_7383,,2023-06-10,0
7384,Customer_7384,India,2022-09-24,1
7385,Customer_7385,UAE,2022-02-06,0
7386,Customer_7386,Pakistan,2024-03-23,1
7387,Customer_7387,Pakistan,2022-02-18,1
7388,Customer_7388,,2024-03-31,1
7389,Customer_7389,Pakistan,2024-06-05,1
7390,Customer_7390,India,2023-01-21,0
7391,Customer_7391,UAE,2022-02-22,1
7392,Customer_7392,Pakistan,2023-09-27,1
7393,Customer_7393,UK,2023-11-09,1
7394,Customer_7394,India,2023-07-02,1
7395,Customer_7395,Pakistan,2023-07-08,0
7396,Customer_7396,Pakistan,2022-07-04,
7397,Customer_7397,Pakistan,2022-05-26,0
7398,Customer_7398,USA,2023-02-28,1
7399,Customer_7399,UAE,2024-02-11,0
7400,Customer_7400,Pakistan,2023-02-09,
7401,Customer_7401,Pakistan,2022-08-15,1
7402,Customer_7402,UAE,2022-06-22,1
7403,Customer_7403,India,2023-08-21,0
7404,Customer_7404,India,2022-04-14,1
7405,Customer_7405,India,2023-07-31,1
7406,Customer_7406,Pakistan,2023-02-10,1
7407,Customer_7407,UAE,2022-02-09,0
7408,Customer_7408,,2023-03-19,1
7409,Customer_7409,Pakistan,2022-02-17,0
7410,Customer_7410,India,2023-05-07,1
7411,Customer_7411,India,2022-05-09,0
7412,Customer_7412,India,2022-04-25,0
7413,Customer_7413,Pakistan,2024-03-09,0
7414,Customer_7414,UK,2022-01-07,0
7415,Customer_7415,India,2023-02-14,0
7416,Customer_7416,India,2022-10-03,
7417,Customer_7417,Pakistan,2023-02-07,1
7418,Customer_7418,Pakistan,2022-12-03,0
7419,Customer_7419,Pakistan,2022-10-25,1
7420,Customer_7420,UAE,2024-01-09,1
7421,Customer_7421,Pakistan,2022-03-12,
7422,Customer_7422,UAE,2022-10-09,0
7423,Customer_7423,India,2022-12-28,0
7424,Customer_7424,India,2022-08-14,
7425,Customer_7425,India,2024-05-03,0
7426,Customer_7426,India,2024-04-19,0
7427,Customer_7427,Pakistan,2023-01-14,0
7428,Customer_7428,Pakistan,2022-08-15,0
7429,Customer_7429,UAE,2024-06-03,
7430,Customer_7430,UAE,2023-09-19,0
7431,Customer_7431,Pakistan,2022-01-25,
7432,Customer_7432,India,2022-04-17,
7433,Customer_7433,Pakistan,2023-12-21,1
7434,Customer_7434,Pakistan,2024-04-24,0
7435,Customer_7435,Pakistan,2022-05-26,0
7436,Customer_7436,USA,2023-10-23,1
7437,Customer_7437,Pakistan,2023-03-19,0
7438,Customer_7438,Pakistan,2022-03-31,1
7439,Customer_7439,Pakistan,2022-07-12,0
7440,Customer_7440,Pakistan,2022-07-13,
7441,Customer_7441,UAE,2022-11-10,1
7442,Customer_7442,Pakistan,2024-03-02,1
7443,Customer_7443,Pakistan,2022-02-02,1
7444,Customer_7444,UAE,2024-06-10,0
7445,Customer_7445,Pakistan,2022-08-14,0
7446,Customer_7446,UAE,2024-05-09,0
7447,Customer_7447,India,2023-03-17,0
7448,Customer_7448,Pakistan,2023-06-06,1
7449,Customer_7449,UAE,2022-02-19,0
7450,Customer_7450,Pakistan,2023-12-21,0
7451,Customer_7451,India,2022-06-25,
7452,Customer_7452,India,2022-01-28,0
7453,Customer_7453,Pakistan,2023-11-04,1
7454,Customer_7454,UAE,2023-08-10,0
7455,Customer_7455,USA,2024-04-08,0
7456,Customer_7456,,2023-10-11,1
7457,Customer_7457,UAE,2024-04-09,
7458,Customer_7458,India,2023-09-20,0
7459,Customer_7459,Pakistan,2023-03-06,0
7460,Customer_7460,Pakistan,2024-02-24,0
7461,Customer_7461,India,2022-11-18,0
7462,Customer_7462,India,2023-12-03,0
7463,Customer_7463,USA,2024-04-12,1
7464,Customer_7464,India,2023-09-15,0
7465,Customer_7465,India,2022-07-15,1
7466,Customer_7466,India,2023-07-17,1
7467,Customer_7467,UK,2022-05-03,0
7468,Customer_7468,UAE,2022-10-07,0
7469,Customer_7469,UAE,2023-09-03,
7470,Customer_7470,Pakistan,2024-02-18,0
7471,Customer_7471,UK,2022-12-12,1
7472,Customer_7472,Pakistan,2023-10-14,0
7473,Customer_7473,USA,2023-01-28,1
7474,Customer_7474,India,2022-08-03,0
7475,Customer_7475,India,2023-02-21,0
7476,Customer_7476,India,2022-05-22,0
7477,Customer_7477,UAE,2023-09-26,0
7478,Customer_7478,Pakistan,2023-05-05,1
7479,Customer_7479,USA,2023-11-18,1
7480,Customer_7480,India,2024-04-20,0
7481,Customer_7481,Pakistan,2022-02-04,1
7482,Customer_7482,Pakistan,2022-09-24,1
7483,Customer_7483,India,2023-10-03,1
7484,Customer_7484,India,2024-04-05,0
7485,Customer_7485,India,2022-09-02,1
7486,Customer_7486,UAE,2024-06-14,0
7487,Customer_7487,India,2022-05-31,1
7488,Customer_7488,,2022-05-01,1
7489,Customer_7489,India,2022-12-24,1
7490,Customer_7490,UK,2022-04-25,
7491,Customer_7491,Pakistan,2023-01-06,
7492,Customer_7492,India,2023-03-29,0
7493,Customer_7493,Pakistan,2022-06-06,
7494,Customer_7494,India,2023-10-13,0
7495,Customer_7495,USA,2023-10-26,0
7496,Customer_7496,Pakistan,2023-05-06,1
7497,Customer_7497,Pakistan,2022-10-08,1
7498,Customer_7498,USA,2023-04-24,1
7499,Customer_7499,Pakistan,2022-07-31,1
7500,Customer_7500,UAE,2023-08-18,
7501,Customer_7501,India,2024-06-17,0
7502,Customer_7502,UK,2022-08-14,0
7503,Customer_7503,Pakistan,2022-07-15,
7504,Customer_7504,Pakistan,2024-01-08,0
7505,Customer_7505,India,2022-07-28,1
7506,Customer_7506,USA,2023-06-08,1
7507,Customer_7507,India,2023-07-23,1
7508,Customer_7508,Pakistan,2022-01-01,1
7509,Customer_7509,UAE,2022-06-16,0
7510,Customer_7510,USA,2024-02-20,1
7511,Customer_7511,UK,2023-02-13,0
7512,Customer_7512,,2023-12-29,0
7513,Customer_7513,Pakistan,2022-11-06,0
7514,Customer_7514,Pakistan,2022-04-15,1
7515,Customer_7515,UAE,2023-01-20,1
7516,Customer_7516,UK,2023-12-01,
7517,Customer_7517,Pakistan,2024-02-21,1
7518,Customer_7518,Pakistan,2023-05-17,1
7519,Customer_7519,UK,2023-07-20,
7520,Customer_7520,Pakistan,2023-10-21,1
7521,Customer_7521,India,2022-08-11,1
7522,Customer_7522,India,2024-04-19,1
7523,Customer_7523,India,2024-06-06,0
7524,Customer_7524,UAE,2022-06-21,1
7525,Customer_7525,India,2022-07-05,0
7526,Customer_7526,UAE,2022-12-06,1
7527,Customer_7527,India,2024-06-06,1
7528,Customer_7528,India,2022-06-09,
7529,Customer_7529,UAE,2023-11-08,1
7530,Customer_7530,Pakistan,2022-12-29,1
7531,Customer_7531,Pakistan,2023-07-29,1
7532,Customer_7532,Pakistan,2022-05-07,0
7533,Customer_7533,Pakistan,2023-10-05,1
7534,Customer_7534,India,2023-02-19,
7535,Customer_7535,UK,2022-09-17,
7536,Customer_7536,UAE,2024-05-26,1
7537,Customer_7537,UK,2023-12-20,0
7538,Customer_7538,India,2023-01-31,1
7539,Customer_7539,India,2022-11-24,
7540,Customer_7540,India,2022-01-30,0
7541,Customer_7541,Pakistan,2023-12-30,1
7542,Customer_7542,Pakistan,2022-01-21,1
7543,Customer_7543,India,2023-07-21,1
7544,Customer_7544,,2023-05-14,
7545,Customer_7545,Pakistan,2023-04-08,1
7546,Customer_7546,Pakistan,2022-06-20,1
7547,Customer_7547,UK,2023-04-25,1
7548,Customer_7548,Pakistan,2023-01-18,1
7549,Customer_7549,UK,2023-12-13,1
7550,Customer_7550,UAE,2023-05-13,1
7551,Customer_7551,USA,2024-02-02,0
7552,Customer_7552,India,2022-02-28,0
7553,Customer_7553,UAE,2023-09-02,0
7554,Customer_7554,India,2023-02-25,1
7555,Customer_7555,UAE,2024-01-17,
7556,Customer_7556,India,2022-01-24,0
7557,Customer_7557,Pakistan,2022-07-29,0
7558,Customer_7558,India,2022-01-07,0
7559,Customer_7559,India,2024-05-30,1
7560,Customer_7560,UK,2023-11-11,
7561,Customer_7561,UAE,2024-03-25,1
7562,Customer_7562,UAE,2024-05-11,1
7563,Customer_7563,Pakistan,2023-08-26,1
7564,Customer_7564,UAE,2022-12-23,0
7565,Customer_7565,India,2023-08-14,1
7566,Customer_7566,USA,2024-05-06,1
7567,Customer_7567,USA,2022-04-14,1
7568,Customer_7568,Pakistan,2022-11-07,1
7569,Customer_7569,UK,2022-11-10,1
7570,Customer_7570,Pakistan,2022-11-14,1
7571,Customer_7571,India,2022-12-04,
7572,Customer_7572,India,2023-01-02,
7573,Customer_7573,Pakistan,2023-07-16,1
7574,Customer_7574,UAE,2022-09-13,0
7575,Customer_7575,Pakistan,2024-01-04,1
7576,Customer_7576,Pakistan,2024-04-26,1
7577,Customer_7577,India,2022-10-13,0
7578,Customer_7578,UAE,2022-03-12,0
7579,Customer_7579,USA,2023-01-09,0
7580,Customer_7580,UAE,2023-08-14,1
7581,Customer_7581,UAE,2024-02-20,1
7582,Customer_7582,India,2022-12-29,0
7583,Customer_7583,Pakistan,2023-06-19,0
7584,Customer_7584,Pakistan,2023-07-10,1
7585,Customer_7585,India,2022-10-06,0
7586,Customer_7586,UAE,2024-02-11,0
7587,Customer_7587,India,2022-02-25,1
7588,Customer_7588,UAE,2024-05-12,1
7589,Customer_7589,India,2023-07-30,0
7590,Customer_7590,Pakistan,2022-07-31,1
7591,Customer_7591,Pakistan,2023-04-05,0
7592,Customer_7592,UK,2022-02-05,1
7593,Customer_7593,UAE,2022-03-19,0
7594,Customer_7594,USA,2022-09-25,0
7595,Customer_7595,Pakistan,2023-09-13,1
7596,Customer_7596,,2022-09-18,1
7597,Customer_7597,Pakistan,2022-04-18,0
7598,Customer_7598,Pakistan,2022-11-17,0
7599,Customer_7599,,2023-01-03,1
7600,Customer_7600,Pakistan,2023-08-24,1
7601,Customer_7601,UAE,2022-05-04,0
7602,Customer_7602,Pakistan,2024-05-05,1
7603,Customer_7603,India,2024-05-01,0
7604,Customer_7604,USA,2023-02-20,1
7605,Customer_7605,Pakistan,2022-05-14,0
7606,Customer_7606,UAE,2023-07-07,0
7607,Customer_7607,Pakistan,2023-11-30,0
7608,Customer_7608,UAE,2024-03-29,1
7609,Customer_7609,Pakistan,2024-03-13,0
7610,Customer_7610,Pakistan,2023-02-21,0
7611,Customer_7611,Pakistan,2023-02-14,0
7612,Customer_7612,Pakistan,2022-04-29,0
7613,Customer_7613,USA,2023-08-10,1
7614,Customer_7614,India,2022-06-12,0
7615,Customer_7615,Pakistan,2022-10-28,1
7616,Customer_7616,India,2023-04-08,0
7617,Customer_7617,Pakistan,2023-05-21,0
7618,Customer_7618,UAE,2023-08-30,1
7619,Customer_7619,,2023-05-25,
7620,Customer_7620,India,2024-02-23,0
7621,Customer_7621,USA,2023-08-28,0
7622,Customer_7622,India,2023-12-29,1
7623,Customer_7623,Pakistan,2024-01-17,
7624,Customer_7624,UAE,2023-01-17,
7625,Customer_7625,India,2024-01-24,1
7626,Customer_7626,UAE,2023-07-28,1
7627,Customer_7627,USA,2023-10-19,1
7628,Customer_7628,India,2024-05-20,1
7629,Customer_7629,USA,2023-04-24,1
7630,Customer_7630,UK,2023-12-28,1
7631,Customer_7631,India,2022-09-18,1
7632,Customer_7632,UAE,2022-12-19,1
7633,Customer_7633,Pakistan,2022-10-21,1
7634,Customer_7634,,2022-01-09,1
7635,Customer_7635,UAE,2022-08-07,1
7636,Customer_7636,Pakistan,2022-02-01,1
7637,Customer_7637,Pakistan,2022-03-14,0
7638,Customer_7638,UAE,2023-08-30,0
7639,Customer_7639,Pakistan,2022-12-20,1
7640,Customer_7640,Pakistan,2022-05-03,1
7641,Customer_7641,India,2022-03-22,0
7642,Customer_7642,Pakistan,2022-07-22,1
7643,Customer_7643,India,2024-03-30,0
7644,Customer_7644,Pakistan,2022-11-17,0
7645,Customer_7645,Pakistan,2022-06-10,
7646,Customer_7646,UAE,2024-01-31,1
7647,Customer_7647,India,2023-02-22,0
7648,Customer_7648,Pakistan,2022-01-10,1
7649,Customer_7649,Pakistan,2022-07-04,0
7650,Customer_7650,India,2022-07-20,
7651,Customer_7651,Pakistan,2023-02-01,0
7652,Customer_7652,Pakistan,2023-02-23,0
7653,Customer_7653,Pakistan,2023-12-09,1
7654,Customer_7654,UK,2023-12-22,1
7655,Customer_7655,UK,2022-08-11,0
7656,Customer_7656,UK,2023-11-16,1
7657,Customer_7657,UAE,2023-05-27,0
7658,Customer_7658,UAE,2024-01-22,
7659,Customer_7659,India,2023-12-22,0
7660,Customer_7660,UAE,2023-06-06,
7661,Customer_7661,Pakistan,2022-06-09,1
7662,Customer_7662,UAE,2023-03-17,0
7663,Customer_7663,UK,2022-12-09,
7664,Customer_7664,India,2024-06-10,
7665,Customer_7665,India,2023-02-11,1
7666,Customer_7666,Pakistan,2023-06-10,0
7667,Customer_7667,UAE,2023-02-20,1
7668,Customer_7668,UAE,2024-02-01,1
7669,Customer_7669,USA,2024-05-20,1
7670,Customer_7670,Pakistan,2024-01-19,1
7671,Customer_7671,UK,2022-08-04,0
7672,Customer_7672,India,2022-10-26,1
7673,Customer_7673,USA,2023-04-04,1
7674,Customer_7674,India,2023-08-23,0
7675,Customer_7675,India,2023-10-24,1
7676,Customer_7676,India,2022-03-17,1
7677,Customer_7677,UAE,2022-07-12,1
7678,Customer_7678,,2022-04-24,0
7679,Customer_7679,Pakistan,2024-04-08,1
7680,Customer_7680,Pakistan,2022-12-03,0
7681,Customer_7681,USA,2022-04-22,1
7682,Customer_7682,India,2022-08-26,1
7683,Customer_7683,UAE,2022-10-12,1
7684,Customer_7684,India,2022-11-11,0
7685,Customer_7685,Pakistan,2022-05-04,1
7686,Customer_7686,UK,2024-03-08,
7687,Customer_7687,UAE,2022-06-15,0
7688,Customer_7688,Pakistan,2022-08-04,1
7689,Customer_7689,Pakistan,2023-06-25,1
7690,Customer_7690,UK,2022-07-17,1
7691,Customer_7691,Pakistan,2024-03-19,0
7692,Customer_7692,USA,2024-06-05,0
7693,Customer_7693,Pakistan,2022-07-05,
7694,Customer_7694,India,2023-05-10,0
7695,Customer_7695,USA,2022-07-01,0
7696,Customer_7696,UAE,2022-05-06,1
7697,Customer_7697,India,2023-04-21,0
7698,Customer_7698,UAE,2022-11-28,1
7699,Customer_7699,Pakistan,2023-02-24,1
7700,Customer_7700,Pakistan,2024-06-16,1
7701,Customer_7701,,2022-06-18,1
7702,Customer_7702,UK,2023-02-09,0
7703,Customer_7703,UAE,2023-10-09,0
7704,Customer_7704,India,2022-08-20,1
7705,Customer_7705,Pakistan,2022-10-17,0
7706,Customer_7706,Pakistan,2023-09-29,
7707,Customer_7707,India,2022-08-23,1
7708,Customer_7708,UK,2023-03-10,0
7709,Customer_7709,India,2023-11-22,1
7710,Customer_7710,UK,2023-01-11,0
7711,Customer_7711,Pakistan,2024-01-10,0
7712,Customer_7712,India,2022-10-25,1
7713,Customer_7713,Pakistan,2024-02-16,1
7714,Customer_7714,India,2024-02-05,1
7715,Customer_7715,Pakistan,2022-05-21,0
7716,Customer_7716,,2022-10-24,0
7717,Customer_7717,Pakistan,2023-02-11,0
7718,Customer_7718,USA,2023-05-13,0
7719,Customer_7719,India,2022-04-20,0
7720,Customer_7720,,2024-06-01,1
7721,Customer_7721,India,2022-08-27,
7722,Customer_7722,USA,2022-07-21,0
7723,Customer_7723,Pakistan,2024-06-10,0
7724,Customer_7724,UAE,2023-04-04,1
7725,Customer_7725,USA,2022-12-28,1
7726,Customer_7726,Pakistan,2023-09-20,
7727,Customer_7727,Pakistan,2023-12-15,0
7728,Customer_7728,India,2022-05-30,0
7729,Customer_7729,USA,2022-08-03,1
7730,Customer_7730,India,2022-01-04,1
7731,Customer_7731,India,2023-11-12,1
7732,Customer_7732,Pakistan,2022-09-06,1
7733,Customer_7733,Pakistan,2024-02-09,0
7734,Customer_7734,UK,2023-03-03,1
7735,Customer_7735,Pakistan,2022-10-04,1
7736,Customer_7736,UAE,2023-09-06,0
7737,Customer_7737,USA,2023-12-05,1
7738,Customer_7738,Pakistan,2024-05-16,1
7739,Customer_7739,UAE,2023-07-04,0
7740,Customer_7740,Pakistan,2023-03-18,0
7741,Customer_7741,UAE,2022-01-16,0
7742,Customer_7742,Pakistan,2023-04-22,0
7743,Customer_7743,UAE,2023-11-17,1
7744,Customer_7744,Pakistan,2023-06-22,1
7745,Customer_7745,India,2022-11-04,0
7746,Customer_7746,India,2023-09-05,0
7747,Customer_7747,Pakistan,2022-09-03,
7748,Customer_7748,UAE,2022-04-06,0
7749,Customer_7749,Pakistan,2024-02-01,0
7750,Customer_7750,UAE,2022-07-01,0
7751,Customer_7751,Pakistan,2022-08-17,1
7752,Customer_7752,UAE,2022-10-18,0
7753,Customer_7753,Pakistan,2023-11-29,1
7754,Customer_7754,India,2023-12-18,0
7755,Customer_7755,Pakistan,2022-07-03,0
7756,Customer_7756,UAE,2022-12-19,0
7757,Customer_7757,Pakistan,2022-06-06,1
7758,Customer_7758,USA,2022-08-06,1
7759,Customer_7759,USA,2023-09-25,0
7760,Customer_7760,Pakistan,2023-09-29,0
7761,Customer_7761,UAE,2022-11-04,1
7762,Customer_7762,Pakistan,2023-06-14,1
7763,Customer_7763,India,2023-05-12,0
7764,Customer_7764,UAE,2022-05-09,1
7765,Customer_7765,UAE,2024-01-07,0
7766,Customer_7766,UAE,2024-02-17,0
7767,Customer_7767,Pakistan,2022-03-14,0
7768,Customer_7768,India,2023-01-29,1
7769,Customer_7769,Pakistan,2022-06-13,0
7770,Customer_7770,UAE,2024-01-22,1
7771,Customer_7771,India,2022-01-19,1
7772,Customer_7772,UAE,2022-01-02,1
7773,Customer_7773,Pakistan,2023-03-01,0
7774,Customer_7774,Pakistan,2023-08-05,0
7775,Customer_7775,Pakistan,2024-02-25,
7776,Customer_7776,Pakistan,2022-09-20,1
7777,Customer_7777,Pakistan,2024-02-12,1
7778,Customer_7778,UK,2022-12-08,0
7779,Customer_7779,USA,2022-07-10,0
7780,Customer_7780,India,2022-12-20,1
7781,Customer_7781,India,2024-03-22,0
7782,Customer_7782,Pakistan,2022-10-02,1
7783,Customer_7783,USA,2023-01-26,0
7784,Customer_7784,Pakistan,2023-04-17,0
7785,Customer_7785,USA,2023-04-13,0
7786,Customer_7786,India,2023-02-15,0
7787,Customer_7787,Pakistan,2023-01-05,0
7788,Customer_7788,USA,2023-04-18,1
7789,Customer_7789,Pakistan,2022-12-23,0
7790,Customer_7790,India,2023-07-23,0
7791,Customer_7791,India,2024-01-24,1
7792,Customer_7792,Pakistan,2022-04-21,1
7793,Customer_7793,India,2024-06-11,0
7794,Customer_7794,UAE,2022-07-25,1
7795,Customer_7795,UAE,2023-03-21,
7796,Customer_7796,Pakistan,2023-12-13,0
7797,Customer_7797,USA,2023-08-13,0
7798,Customer_7798,Pakistan,2022-11-08,1
7799,Customer_7799,Pakistan,2023-11-23,0
7800,Customer_7800,Pakistan,2024-01-02,1
7801,Customer_7801,Pakistan,2023-08-16,
7802,Customer_7802,Pakistan,2023-10-05,
7803,Customer_7803,,2024-04-21,0
7804,Customer_7804,Pakistan,2022-08-08,0
7805,Customer_7805,Pakistan,2023-01-26,
7806,Customer_7806,Pakistan,2023-06-06,1
7807,Customer_7807,UAE,2022-05-10,0
7808,Customer_7808,USA,2022-03-24,1
7809,Customer_7809,Pakistan,2022-04-05,0
7810,Customer_7810,Pakistan,2023-10-19,0
7811,Customer_7811,Pakistan,2023-10-03,1
7812,Customer_7812,Pakistan,2022-07-08,0
7813,Customer_7813,Pakistan,2023-07-03,0
7814,Customer_7814,India,2024-03-09,0
7815,Customer_7815,Pakistan,2023-10-06,1
7816,Customer_7816,India,2022-01-27,0
7817,Customer_7817,Pakistan,2023-12-07,1
7818,Customer_7818,USA,2023-05-22,1
7819,Customer_7819,USA,2023-08-01,1
7820,Customer_7820,India,2022-10-24,0
7821,Customer_7821,India,2024-05-10,1
7822,Customer_7822,India,2023-05-25,0
7823,Customer_7823,India,2023-05-25,1
7824,Customer_7824,UAE,2024-01-21,0
7825,Customer_7825,India,2023-02-23,0
7826,Customer_7826,USA,2022-07-26,1
7827,Customer_7827,USA,2022-01-24,0
7828,Customer_7828,Pakistan,2023-03-24,0
7829,Customer_7829,India,2022-12-13,0
7830,Customer_7830,Pakistan,2024-01-23,1
7831,Customer_7831,Pakistan,2022-02-12,0
7832,Customer_7832,India,2022-11-03,0
7833,Customer_7833,Pakistan,2024-01-14,0
7834,Customer_7834,USA,2022-08-07,1
7835,Customer_7835,Pakistan,2024-03-22,0
7836,Customer_7836,India,2024-01-21,0
7837,Customer_7837,UAE,2024-05-28,0
7838,Customer_7838,UAE,2023-04-03,0
7839,Customer_7839,India,2022-06-04,1
7840,Customer_7840,USA,2023-05-03,1
7841,Customer_7841,India,2023-11-29,1
7842,Customer_7842,India,2023-07-16,0
7843,Customer_7843,Pakistan,2024-05-28,
7844,Customer_7844,India,2022-12-25,0
7845,Customer_7845,UK,2024-04-28,
7846,Customer_7846,UAE,2022-07-16,0
7847,Customer_7847,UK,2022-05-27,1
7848,Customer_7848,India,2023-07-15,0
7849,Customer_7849,Pakistan,2023-01-19,0
7850,Customer_7850,Pakistan,2024-03-21,1
7851,Customer_7851,Pakistan,2022-05-27,1
7852,Customer_7852,UAE,2022-07-18,
7853,Customer_7853,UK,2023-02-15,1
7854,Customer_7854,Pakistan,2022-12-12,1
7855,Customer_7855,India,2022-04-02,0
7856,Customer_7856,India,2022-12-28,
7857,Customer_7857,India,2023-12-25,1
7858,Customer_7858,Pakistan,2022-03-21,1
7859,Customer_7859,Pakistan,2022-12-04,0
7860,Customer_7860,Pakistan,2024-05-03,1
7861,Customer_7861,Pakistan,2023-12-21,
7862,Customer_7862,Pakistan,2023-07-03,0
7863,Customer_7863,Pakistan,2023-11-16,0
7864,Customer_7864,UAE,2023-08-02,0
7865,Customer_7865,Pakistan,2024-01-08,1
7866,Customer_7866,,2023-11-20,0
7867,Customer_7867,Pakistan,2023-02-01,0
7868,Customer_7868,Pakistan,2022-03-14,0
7869,Customer_7869,India,2023-08-06,1
7870,Customer_7870,Pakistan,2023-09-24,0
7871,Customer_7871,UK,2024-04-10,0
7872,Customer_7872,Pakistan,2023-11-22,
7873,Customer_7873,USA,2023-09-17,
7874,Customer_7874,USA,2023-10-03,0
7875,Customer_7875,India,2022-08-31,1
7876,Customer_7876,India,2022-06-01,1
7877,Customer_7877,UAE,2024-02-05,0
7878,Customer_7878,India,2022-10-12,0
7879,Customer_7879,UAE,2023-09-25,1
7880,Customer_7880,Pakistan,2023-12-26,0
7881,Customer_7881,Pakistan,2022-08-11,0
7882,Customer_7882,India,2023-09-21,1
7883,Customer_7883,India,2022-02-02,1
7884,Customer_7884,USA,2022-07-26,1
7885,Customer_7885,Pakistan,2024-04-22,0
7886,Customer_7886,UK,2023-08-15,1
7887,Customer_7887,Pakistan,2023-10-01,0
7888,Customer_7888,India,2023-07-20,1
7889,Customer_7889,Pakistan,2024-01-09,1
7890,Customer_7890,India,2023-12-31,1
7891,Customer_7891,Pakistan,2023-04-14,0
7892,Customer_7892,India,2022-08-21,1
7893,Customer_7893,UK,2022-03-02,
7894,Customer_7894,India,2023-03-27,1
7895,Customer_7895,India,2023-09-12,0
7896,Customer_7896,UK,2023-03-18,1
7897,Customer_7897,UAE,2022-02-17,0
7898,Customer_7898,India,2024-06-07,1
7899,Customer_7899,Pakistan,2024-05-08,1
7900,Customer_7900,USA,2024-02-25,0
7901,Customer_7901,India,2023-03-12,0
7902,Customer_7902,Pakistan,2023-06-16,0
7903,Customer_7903,Pakistan,2023-08-14,
7904,Customer_7904,UK,2022-07-12,0
7905,Customer_7905,Pakistan,2023-12-01,1
7906,Customer_7906,,2023-10-14,
7907,Customer_7907,Pakistan,2024-06-09,0
7908,Customer_7908,UK,2024-02-01,0
7909,Customer_7909,India,2023-12-25,1
7910,Customer_7910,India,2022-10-17,1
7911,Customer_7911,USA,2024-04-12,0
7912,Customer_7912,India,2022-11-01,0
7913,Customer_7913,India,2023-06-16,1
7914,Customer_7914,Pakistan,2023-04-05,
7915,Customer_7915,Pakistan,2023-10-20,0
7916,Customer_7916,Pakistan,2023-01-15,0
7917,Customer_7917,UAE,2024-05-24,0
7918,Customer_7918,Pakistan,2023-10-16,1
7919,Customer_7919,Pakistan,2023-09-08,0
7920,Customer_7920,India,2023-08-21,1
7921,Customer_7921,UAE,2023-01-09,0
7922,Customer_7922,UAE,2022-07-23,
7923,Customer_7923,Pakistan,2023-10-17,1
7924,Customer_7924,Pakistan,2024-03-20,1
7925,Customer_7925,USA,2024-06-18,0
7926,Customer_7926,Pakistan,2022-03-08,1
7927,Customer_7927,USA,2023-03-08,0
7928,Customer_7928,USA,2023-10-08,0
7929,Customer_7929,UK,2024-03-02,0
7930,Customer_7930,Pakistan,2023-02-04,1
7931,Customer_7931,UK,2024-03-09,1
7932,Customer_7932,UK,2023-06-09,1
7933,Customer_7933,India,2023-11-01,1
7934,Customer_7934,Pakistan,2023-02-18,0
7935,Customer_7935,Pakistan,2024-03-03,1
7936,Customer_7936,Pakistan,2023-06-09,1
7937,Customer_7937,India,2022-11-28,1
7938,Customer_7938,India,2024-03-17,1
7939,Customer_7939,India,2022-10-14,
7940,Customer_7940,India,2022-04-29,1
7941,Customer_7941,India,2023-03-05,1
7942,Customer_7942,UAE,2023-10-23,0
7943,Customer_7943,USA,2022-02-07,1
7944,Customer_7944,Pakistan,2023-11-23,1
7945,Customer_7945,India,2024-01-08,0
7946,Customer_7946,Pakistan,2023-02-05,0
7947,Customer_7947,UAE,2022-03-29,0
7948,Customer_7948,UAE,2023-08-26,1
7949,Customer_7949,USA,2022-05-24,0
7950,Customer_7950,Pakistan,2023-07-25,0
7951,Customer_7951,,2022-12-28,1
7952,Customer_7952,Pakistan,2022-05-02,1
7953,Customer_7953,UAE,2023-10-29,0
7954,Customer_7954,Pakistan,2022-10-02,0
7955,Customer_7955,USA,2022-05-07,1
7956,Customer_7956,India,2023-05-13,1
7957,Customer_7957,UAE,2022-10-31,0
7958,Customer_7958,UK,2022-10-06,
7959,Customer_7959,Pakistan,2023-09-11,0
7960,Customer_7960,Pakistan,2022-01-18,
7961,Customer_7961,USA,2023-04-02,0
7962,Customer_7962,Pakistan,2024-06-19,0
7963,Customer_7963,Pakistan,2023-04-19,0
7964,Customer_7964,India,2022-09-02,0
7965,Customer_7965,India,2023-04-24,1
7966,Customer_7966,Pakistan,2024-03-05,1
7967,Customer_7967,Pakistan,2022-11-17,1
7968,Customer_7968,Pakistan,2024-02-03,0
7969,Customer_7969,India,2024-03-27,0
7970,Customer_7970,USA,2022-09-04,0
7971,Customer_7971,,2024-04-29,0
7972,Customer_7972,UAE,2024-05-09,1
7973,Customer_7973,Pakistan,2022-10-27,0
7974,Customer_7974,USA,2024-01-31,1
7975,Customer_7975,India,2022-10-11,1
7976,Customer_7976,Pakistan,2023-02-23,0
7977,Customer_7977,USA,2023-08-23,1
7978,Customer_7978,UK,2022-02-25,0
7979,Customer_7979,UAE,2024-01-25,0
7980,Customer_7980,UAE,2022-11-13,1
7981,Customer_7981,Pakistan,2022-10-19,1
7982,Customer_7982,Pakistan,2024-05-02,0
7983,Customer_7983,UAE,2023-12-25,1
7984,Customer_7984,Pakistan,2023-04-12,0
7985,Customer_7985,India,2024-03-24,1
7986,Customer_7986,UK,2022-12-04,1
7987,Customer_7987,UK,2023-08-04,1
7988,Customer_7988,India,2022-03-04,1
7989,Customer_7989,UK,2022-05-30,1
7990,Customer_7990,UK,2022-02-06,0
7991,Customer_7991,UAE,2023-05-27,0
7992,Customer_7992,Pakistan,2024-01-04,1
7993,Customer_7993,Pakistan,2022-02-06,0
7994,Customer_7994,Pakistan,2022-07-28,1
7995,Customer_7995,Pakistan,2022-06-08,1
7996,Customer_7996,Pakistan,2024-01-24,1
7997,Customer_7997,Pakistan,2022-08-25,1
7998,Customer_7998,India,2023-09-10,1
7999,Customer_7999,USA,2023-02-07,1
8000,Customer_8000,Pakistan,2023-01-09,1
8001,Customer_8001,UAE,2022-02-26,1
8002,Customer_8002,UAE,2022-07-03,0
8003,Customer_8003,Pakistan,2022-01-08,1
8004,Customer_8004,USA,2022-08-12,1
8005,Customer_8005,India,2023-03-22,1
8006,Customer_8006,India,2024-01-31,0
8007,Customer_8007,UK,2024-01-22,0
8008,Customer_8008,Pakistan,2023-06-06,
8009,Customer_8009,UAE,2022-12-04,1
8010,Customer_8010,Pakistan,2022-12-09,0
8011,Customer_8011,UK,2024-01-19,1
8012,Customer_8012,India,2022-08-25,
8013,Customer_8013,UAE,2024-04-27,1
8014,Customer_8014,Pakistan,2022-02-13,1
8015,Customer_8015,UAE,2024-06-16,0
8016,Customer_8016,UK,2022-12-26,1
8017,Customer_8017,India,2022-02-21,1
8018,Customer_8018,UAE,2022-02-23,1
8019,Customer_8019,India,2022-07-05,0
8020,Customer_8020,USA,2023-01-05,0
8021,Customer_8021,India,2023-10-03,1
8022,Customer_8022,UK,2023-11-19,0
8023,Customer_8023,UK,2023-04-09,1
8024,Customer_8024,India,2022-08-22,
8025,Customer_8025,Pakistan,2023-03-12,1
8026,Customer_8026,India,2023-06-23,1
8027,Customer_8027,UK,2022-05-04,1
8028,Customer_8028,Pakistan,2024-02-02,1
8029,Customer_8029,India,2022-02-15,1
8030,Customer_8030,UK,2022-05-28,1
8031,Customer_8031,India,2023-12-27,1
8032,Customer_8032,UAE,2022-07-30,1
8033,Customer_8033,Pakistan,2023-11-08,1
8034,Customer_8034,Pakistan,2023-08-27,0
8035,Customer_8035,UK,2022-09-18,1
8036,Customer_8036,Pakistan,2022-09-21,
8037,Customer_8037,Pakistan,2023-11-26,1
8038,Customer_8038,USA,2023-05-03,1
8039,Customer_8039,Pakistan,2024-05-27,1
8040,Customer_8040,,2023-06-14,1
8041,Customer_8041,,2023-04-02,1
8042,Customer_8042,Pakistan,2022-06-19,1
8043,Customer_8043,Pakistan,2022-01-08,0
8044,Customer_8044,UAE,2022-01-27,0
8045,Customer_8045,India,2023-02-08,1
8046,Customer_8046,Pakistan,2023-09-30,1
8047,Customer_8047,UAE,2023-08-31,1
8048,Customer_8048,Pakistan,2023-02-14,0
8049,Customer_8049,USA,2022-08-17,0
8050,Customer_8050,Pakistan,2023-03-23,
8051,Customer_8051,Pakistan,2022-07-11,0
8052,Customer_8052,Pakistan,2022-11-30,1
8053,Customer_8053,,2024-01-05,1
8054,Customer_8054,UAE,2022-10-21,1
8055,Customer_8055,UK,2022-07-31,0
8056,Customer_8056,India,2023-01-27,1
8057,Customer_8057,Pakistan,2023-06-11,1
8058,Customer_8058,Pakistan,2023-01-25,0
8059,Customer_8059,India,2022-05-17,0
8060,Customer_8060,India,2023-04-20,0
8061,Customer_8061,UAE,2022-05-14,0
8062,Customer_8062,Pakistan,2024-04-16,1
8063,Customer_8063,USA,2023-11-05,1
8064,Customer_8064,Pakistan,2022-09-30,
8065,Customer_8065,,2022-12-05,1
8066,Customer_8066,Pakistan,2023-01-05,1
8067,Customer_8067,India,2023-08-03,0
8068,Customer_8068,Pakistan,2022-12-30,1
8069,Customer_8069,India,2023-01-23,1
8070,Customer_8070,India,2022-04-09,
8071,Customer_8071,India,2023-09-02,1
8072,Customer_8072,India,2023-06-25,
8073,Customer_8073,UAE,2024-03-12,1
8074,Customer_8074,UAE,2024-01-25,1
8075,Customer_8075,UK,2023-02-17,0
8076,Customer_8076,Pakistan,2022-04-28,1
8077,Customer_8077,UAE,2022-06-13,1
8078,Customer_8078,India,2022-03-18,0
8079,Customer_8079,India,2023-12-15,0
8080,Customer_8080,India,2022-03-03,1
8081,Customer_8081,Pakistan,2022-03-08,0
8082,Customer_8082,Pakistan,2024-04-04,1
8083,Customer_8083,Pakistan,2022-01-17,1
8084,Customer_8084,Pakistan,2024-01-22,
8085,Customer_8085,UAE,2022-11-23,1
8086,Customer_8086,UAE,2024-01-06,1
8087,Customer_8087,,2022-02-11,0
8088,Customer_8088,UAE,2024-01-06,0
8089,Customer_8089,Pakistan,2023-10-17,0
8090,Customer_8090,USA,2022-01-20,0
8091,Customer_8091,USA,2022-06-20,
8092,Customer_8092,India,2023-08-06,1
8093,Customer_8093,India,2024-04-06,0
8094,Customer_8094,,2024-05-06,0
8095,Customer_8095,India,2022-12-17,1
8096,Customer_8096,USA,2023-08-21,1
8097,Customer_8097,Pakistan,2022-02-02,0
8098,Customer_8098,Pakistan,2022-04-18,
8099,Customer_8099,India,2024-03-10,0
8100,Customer_8100,India,2023-05-16,0
8101,Customer_8101,UK,2022-01-25,0
8102,Customer_8102,,2022-08-11,1
8103,Customer_8103,India,2024-04-11,0
8104,Customer_8104,Pakistan,2024-04-29,0
8105,Customer_8105,UK,2022-05-28,0
8106,Customer_8106,UAE,2022-11-16,1
8107,Customer_8107,Pakistan,2022-03-02,0
8108,Customer_8108,India,2023-10-10,0
8109,Customer_8109,UAE,2024-05-18,0
8110,Customer_8110,UK,2023-02-26,0
8111,Customer_8111,India,2023-02-25,1
8112,Customer_8112,Pakistan,2022-01-04,0
8113,Customer_8113,,2022-11-24,0
8114,Customer_8114,UAE,2022-01-14,1
8115,Customer_8115,India,2023-09-17,0
8116,Customer_8116,Pakistan,2022-02-21,0
8117,Customer_8117,UAE,2023-11-30,0
8118,Customer_8118,Pakistan,2023-02-12,
8119,Customer_8119,Pakistan,2023-01-01,1
8120,Customer_8120,India,2024-05-28,1
8121,Customer_8121,Pakistan,2024-03-22,1
8122,Customer_8122,UAE,2022-01-23,
8123,Customer_8123,Pakistan,2022-07-31,1
8124,Customer_8124,UAE,2023-03-14,1
8125,Customer_8125,Pakistan,2022-04-05,0
8126,Customer_8126,Pakistan,2022-02-26,0
8127,Customer_8127,Pakistan,2023-11-04,1
8128,Customer_8128,USA,2022-02-27,
8129,Customer_8129,USA,2023-12-28,1
8130,Customer_8130,Pakistan,2024-01-01,1
8131,Customer_8131,UK,2023-08-26,1
8132,Customer_8132,UAE,2023-03-02,0
8133,Customer_8133,,2023-07-25,0
8134,Customer_8134,India,2022-06-23,1
8135,Customer_8135,UAE,2022-01-08,0
8136,Customer_8136,Pakistan,2022-03-19,1
8137,Customer_8137,India,2023-08-04,1
8138,Customer_8138,,2022-10-16,1
8139,Customer_8139,India,2024-05-29,0
8140,Customer_8140,Pakistan,2024-05-10,1
8141,Customer_8141,Pakistan,2024-06-07,0
8142,Customer_8142,UAE,2023-03-08,0
8143,Customer_8143,UAE,2022-01-28,1
8144,Customer_8144,India,2024-02-01,0
8145,Customer_8145,,2023-10-27,0
8146,Customer_8146,Pakistan,2022-07-14,0
8147,Customer_8147,Pakistan,2024-03-06,1
8148,Customer_8148,USA,2023-03-14,0
8149,Customer_8149,Pakistan,2024-06-01,1
8150,Customer_8150,Pakistan,2023-07-01,1
8151,Customer_8151,India,2022-11-03,1
8152,Customer_8152,UK,2022-12-22,1
8153,Customer_8153,Pakistan,2023-05-16,0
8154,Customer_8154,USA,2023-05-06,0
8155,Customer_8155,UK,2023-08-11,0
8156,Customer_8156,Pakistan,2023-03-13,0
8157,Customer_8157,UAE,2022-09-15,1
8158,Customer_8158,India,2023-01-17,0
8159,Customer_8159,India,2022-06-29,0
8160,Customer_8160,UK,2024-03-12,1
8161,Customer_8161,,2023-04-16,1
8162,Customer_8162,Pakistan,2023-06-19,1
8163,Customer_8163,India,2024-01-15,1
8164,Customer_8164,India,2022-10-22,1
8165,Customer_8165,India,2023-09-25,1
8166,Customer_8166,India,2022-02-12,0
8167,Customer_8167,Pakistan,2024-05-13,
8168,Customer_8168,UAE,2022-03-18,1
8169,Customer_8169,India,2022-02-04,0
8170,Customer_8170,Pakistan,2023-02-14,0
8171,Customer_8171,UK,2024-04-10,1
8172,Customer_8172,UK,2023-01-09,
8173,Customer_8173,India,2023-08-30,0
8174,Customer_8174,Pakistan,2024-03-11,0
8175,Customer_8175,UAE,2022-08-03,1
8176,Customer_8176,Pakistan,2022-02-06,
8177,Customer_8177,Pakistan,2024-03-22,0
8178,Customer_8178,UAE,2022-07-13,0
8179,Customer_8179,Pakistan,2022-12-19,1
8180,Customer_8180,Pakistan,2022-08-27,0
8181,Customer_8181,Pakistan,2022-01-25,1
8182,Customer_8182,Pakistan,2022-01-16,0
8183,Customer_8183,Pakistan,2023-12-13,0
8184,Customer_8184,,2022-01-12,0
8185,Customer_8185,Pakistan,2023-04-12,0
8186,Customer_8186,Pakistan,2022-01-13,0
8187,Customer_8187,Pakistan,2024-03-13,0
8188,Customer_8188,USA,2022-08-26,1
8189,Customer_8189,India,2023-04-09,0
8190,Customer_8190,India,2022-07-06,
8191,Customer_8191,USA,2023-06-02,0
8192,Customer_8192,India,2024-06-10,1
8193,Customer_8193,Pakistan,2022-08-08,0
8194,Customer_8194,Pakistan,2024-05-27,0
8195,Customer_8195,India,2022-09-06,1
8196,Customer_8196,Pakistan,2023-10-10,1
8197,Customer_8197,UAE,2023-07-25,1
8198,Customer_8198,Pakistan,2024-03-20,1
8199,Customer_8199,India,2022-12-20,1
8200,Customer_8200,Pakistan,2023-03-21,0
8201,Customer_8201,Pakistan,2023-02-27,1
8202,Customer_8202,India,2023-02-15,1
8203,Customer_8203,USA,2022-03-08,
8204,Customer_8204,India,2023-03-27,1
8205,Customer_8205,UAE,2022-02-10,0
8206,Customer_8206,Pakistan,2023-10-02,0
8207,Customer_8207,Pakistan,2022-11-14,1
8208,Customer_8208,Pakistan,2022-05-01,1
8209,Customer_8209,Pakistan,2023-12-08,1
8210,Customer_8210,Pakistan,2022-11-23,1
8211,Customer_8211,Pakistan,2023-01-12,0
8212,Customer_8212,UK,2023-01-11,0
8213,Customer_8213,Pakistan,2023-12-10,0
8214,Customer_8214,India,2022-05-12,1
8215,Customer_8215,India,2022-05-14,1
8216,Customer_8216,India,2024-03-26,0
8217,Customer_8217,India,2022-03-02,1
8218,Customer_8218,Pakistan,2022-05-03,0
8219,Customer_8219,Pakistan,2024-02-12,0
8220,Customer_8220,UAE,2023-01-29,1
8221,Customer_8221,USA,2022-08-07,0
8222,Customer_8222,Pakistan,2024-04-07,1
8223,Customer_8223,Pakistan,2023-04-01,1
8224,Customer_8224,USA,2023-10-28,1
8225,Customer_8225,Pakistan,2023-11-19,0
8226,Customer_8226,India,2022-11-10,1
8227,Customer_8227,India,2022-03-11,1
8228,Customer_8228,Pakistan,2022-02-22,1
8229,Customer_8229,India,2023-04-26,1
8230,Customer_8230,India,2022-01-20,0
8231,Customer_8231,Pakistan,2024-01-31,0
8232,Customer_8232,India,2023-04-04,1
8233,Customer_8233,UK,2022-01-03,1
8234,Customer_8234,India,2022-07-18,0
8235,Customer_8235,Pakistan,2022-12-02,0
8236,Customer_8236,India,2024-05-06,1
8237,Customer_8237,UAE,2022-03-29,0
8238,Customer_8238,UK,2023-04-22,0
8239,Customer_8239,UAE,2024-01-15,0
8240,Customer_8240,Pakistan,2022-05-01,0
8241,Customer_8241,UAE,2023-03-02,1
8242,Customer_8242,UAE,2023-12-07,0
8243,Customer_8243,Pakistan,2022-09-26,0
8244,Customer_8244,India,2023-01-04,0
8245,Customer_8245,Pakistan,2022-09-20,0
8246,Customer_8246,UAE,2022-11-22,1
8247,Customer_8247,Pakistan,2023-02-18,0
8248,Customer_8248,India,2022-12-04,1
8249,Customer_8249,USA,2023-08-22,0
8250,Customer_8250,UK,2023-10-22,0
8251,Customer_8251,USA,2023-11-02,0
8252,Customer_8252,,2024-05-05,0
8253,Customer_8253,Pakistan,2022-05-29,1
8254,Customer_8254,UAE,2024-06-17,1
8255,Customer_8255,India,2024-05-16,1
8256,Customer_8256,USA,2023-11-29,0
8257,Customer_8257,Pakistan,2022-12-22,0
8258,Customer_8258,,2023-07-16,0
8259,Customer_8259,UAE,2023-04-06,1
8260,Customer_8260,UK,2022-02-23,0
8261,Customer_8261,Pakistan,2022-07-02,0
8262,Customer_8262,Pakistan,2023-09-11,0
8263,Customer_8263,UK,2023-01-15,0
8264,Customer_8264,Pakistan,2023-10-14,
8265,Customer_8265,UK,2023-12-03,1
8266,Customer_8266,Pakistan,2023-10-03,1
8267,Customer_8267,UAE,2023-05-19,1
8268,Customer_8268,India,2023-05-10,1
8269,Customer_8269,UAE,2024-04-21,0
8270,Customer_8270,UAE,2022-11-28,1
8271,Customer_8271,Pakistan,2023-09-19,0
8272,Customer_8272,Pakistan,2022-11-06,0
8273,Customer_8273,Pakistan,2022-10-21,1
8274,Customer_8274,India,2023-03-28,1
8275,Customer_8275,India,2022-02-13,1
8276,Customer_8276,UAE,2022-11-05,1
8277,Customer_8277,India,2023-03-24,0
8278,Customer_8278,India,2022-07-28,0
8279,Customer_8279,India,2023-01-05,0
8280,Customer_8280,Pakistan,2023-10-25,1
8281,Customer_8281,Pakistan,2022-01-10,
8282,Customer_8282,,2022-01-25,0
8283,Customer_8283,USA,2024-01-28,0
8284,Customer_8284,Pakistan,2022-11-19,1
8285,Customer_8285,India,2022-03-13,1
8286,Customer_8286,UK,2022-12-25,1
8287,Customer_8287,India,2024-03-08,0
8288,Customer_8288,Pakistan,2022-04-30,
8289,Customer_8289,Pakistan,2022-05-23,1
8290,Customer_8290,India,2022-03-02,0
8291,Customer_8291,,2024-01-31,
8292,Customer_8292,UAE,2022-03-05,1
8293,Customer_8293,Pakistan,2022-10-15,0
8294,Customer_8294,Pakistan,2023-04-30,1
8295,Customer_8295,UK,2024-01-07,1
8296,Customer_8296,UK,2023-06-11,1
8297,Customer_8297,UAE,2023-06-09,0
8298,Customer_8298,UAE,2022-09-26,
8299,Customer_8299,Pakistan,2022-11-02,0
8300,Customer_8300,UK,2024-05-10,1
8301,Customer_8301,UK,2023-07-14,1
8302,Customer_8302,Pakistan,2022-07-25,0
8303,Customer_8303,UAE,2022-05-03,0
8304,Customer_8304,Pakistan,2022-04-17,1
8305,Customer_8305,Pakistan,2022-04-06,0
8306,Customer_8306,Pakistan,2023-07-07,1
8307,Customer_8307,Pakistan,2023-05-29,1
8308,Customer_8308,Pakistan,2023-06-16,1
8309,Customer_8309,India,2022-08-12,1
8310,Customer_8310,India,2022-06-16,0
8311,Customer_8311,India,2022-12-14,0
8312,Customer_8312,Pakistan,2022-09-20,1
8313,Customer_8313,Pakistan,2022-07-16,1
8314,Customer_8314,UAE,2023-07-02,0
8315,Customer_8315,India,2023-03-28,
8316,Customer_8316,Pakistan,2023-06-14,1
8317,Customer_8317,USA,2022-10-10,0
8318,Customer_8318,UAE,2022-02-05,
8319,Customer_8319,USA,2022-01-05,1
8320,Customer_8320,India,2022-10-19,0
8321,Customer_8321,Pakistan,2023-06-16,0
8322,Customer_8322,UAE,2023-10-25,1
8323,Customer_8323,Pakistan,2022-10-16,1
8324,Customer_8324,India,2022-05-16,0
8325,Customer_8325,Pakistan,2024-03-14,0
8326,Customer_8326,UK,2022-01-31,0
8327,Customer_8327,Pakistan,2022-05-27,1
8328,Customer_8328,USA,2023-01-16,0
8329,Customer_8329,USA,2023-01-13,0
8330,Customer_8330,India,2023-10-31,1
8331,Customer_8331,UAE,2022-02-14,1
8332,Customer_8332,UAE,2023-08-17,1
8333,Customer_8333,UK,2023-07-29,0
8334,Customer_8334,India,2023-07-01,0
8335,Customer_8335,UK,2022-09-22,0
8336,Customer_8336,India,2023-06-08,
8337,Customer_8337,USA,2023-05-18,1
8338,Customer_8338,India,2023-01-26,0
8339,Customer_8339,India,2024-06-14,0
8340,Customer_8340,UK,2023-05-08,1
8341,Customer_8341,UK,2022-02-14,1
8342,Customer_8342,India,2023-03-22,1
8343,Customer_8343,Pakistan,2024-01-05,1
8344,Customer_8344,India,2022-11-16,1
8345,Customer_8345,,2024-01-21,1
8346,Customer_8346,UK,2023-04-01,1
8347,Customer_8347,UK,2022-09-10,1
8348,Customer_8348,Pakistan,2022-09-30,1
8349,Customer_8349,India,2024-04-08,
8350,Customer_8350,UAE,2022-01-12,0
8351,Customer_8351,UK,2022-04-16,0
8352,Customer_8352,Pakistan,2023-06-30,1
8353,Customer_8353,USA,2022-05-30,1
8354,Customer_8354,India,2023-04-04,
8355,Customer_8355,Pakistan,2024-02-22,0
8356,Customer_8356,Pakistan,2023-02-15,1
8357,Customer_8357,Pakistan,2022-01-28,0
8358,Customer_8358,India,2023-06-11,1
8359,Customer_8359,Pakistan,2023-09-13,0
8360,Customer_8360,Pakistan,2022-03-25,0
8361,Customer_8361,UK,2022-10-27,0
8362,Customer_8362,Pakistan,2022-04-05,1
8363,Customer_8363,Pakistan,2023-05-31,0
8364,Customer_8364,India,2023-04-11,0
8365,Customer_8365,India,2023-12-29,0
8366,Customer_8366,UK,2023-08-11,0
8367,Customer_8367,India,2024-02-22,
8368,Customer_8368,UK,2024-04-25,0
8369,Customer_8369,UAE,2022-05-05,0
8370,Customer_8370,Pakistan,2024-06-11,1
8371,Customer_8371,Pakistan,2022-03-30,1
8372,Customer_8372,India,2022-07-27,1
8373,Customer_8373,India,2022-03-12,1
8374,Customer_8374,UAE,2023-09-15,
8375,Customer_8375,India,2023-08-04,0
8376,Customer_8376,India,2022-03-19,
8377,Customer_8377,Pakistan,2022-07-17,1
8378,Customer_8378,Pakistan,2023-04-19,1
8379,Customer_8379,India,2022-01-20,1
8380,Customer_8380,India,2024-04-09,1
8381,Customer_8381,India,2024-04-13,0
8382,Customer_8382,Pakistan,2022-11-01,0
8383,Customer_8383,UAE,2023-03-19,
8384,Customer_8384,USA,2023-02-10,1
8385,Customer_8385,Pakistan,2024-02-07,0
8386,Customer_8386,India,2023-05-16,1
8387,Customer_8387,,2023-07-18,1
8388,Customer_8388,Pakistan,2022-02-09,0
8389,Customer_8389,India,2024-05-14,1
8390,Customer_8390,Pakistan,2023-06-06,1
8391,Customer_8391,UAE,2024-02-10,0
8392,Customer_8392,Pakistan,2023-05-26,
8393,Customer_8393,,2023-08-01,0
8394,Customer_8394,UAE,2023-01-25,1
8395,Customer_8395,UK,2024-04-12,0
8396,Customer_8396,UAE,2023-08-01,1
8397,Customer_8397,India,2023-03-15,0
8398,Customer_8398,India,2022-12-28,0
8399,Customer_8399,USA,2023-12-06,1
8400,Customer_8400,,2023-08-01,0
8401,Customer_8401,India,2023-01-13,1
8402,Customer_8402,USA,2023-11-28,1
8403,Customer_8403,India,2022-07-21,
8404,Customer_8404,India,2022-09-27,1
8405,Customer_8405,India,2022-09-12,0
8406,Customer_8406,Pakistan,2022-12-25,0
8407,Customer_8407,Pakistan,2023-12-18,1
8408,Customer_8408,Pakistan,2023-07-02,1
8409,Customer_8409,India,2024-04-23,0
8410,Customer_8410,India,2023-12-31,1
8411,Customer_8411,India,2022-05-21,1
8412,Customer_8412,,2023-02-25,
8413,Customer_8413,India,2023-09-27,
8414,Customer_8414,India,2023-08-26,
8415,Customer_8415,Pakistan,2023-06-05,1
8416,Customer_8416,Pakistan,2024-04-07,
8417,Customer_8417,UK,2023-08-28,0
8418,Customer_8418,India,2022-08-28,1
8419,Customer_8419,UK,2022-01-11,1
8420,Customer_8420,Pakistan,2023-06-06,
8421,Customer_8421,India,2024-04-07,1
8422,Customer_8422,Pakistan,2024-02-01,0
8423,Customer_8423,Pakistan,2023-01-19,1
8424,Customer_8424,Pakistan,2024-05-31,1
8425,Customer_8425,Pakistan,2022-12-06,0
8426,Customer_8426,Pakistan,2022-12-07,0
8427,Customer_8427,Pakistan,2022-11-02,1
8428,Customer_8428,,2022-07-19,0
8429,Customer_8429,Pakistan,2022-07-16,0
8430,Customer_8430,Pakistan,2024-04-19,0
8431,Customer_8431,Pakistan,2023-01-08,
8432,Customer_8432,India,2022-01-02,1
8433,Customer_8433,Pakistan,2024-03-04,0
8434,Customer_8434,USA,2024-06-10,1
8435,Customer_8435,,2023-01-08,1
8436,Customer_8436,Pakistan,2023-12-23,0
8437,Customer_8437,India,2023-07-31,0
8438,Customer_8438,Pakistan,2022-02-02,1
8439,Customer_8439,UAE,2023-11-17,1
8440,Customer_8440,India,2022-09-13,1
8441,Customer_8441,Pakistan,2023-11-07,0
8442,Customer_8442,Pakistan,2022-01-14,0
8443,Customer_8443,UAE,2023-05-25,
8444,Customer_8444,India,2023-10-29,0
8445,Customer_8445,Pakistan,2022-10-31,1
8446,Customer_8446,UAE,2022-02-19,0
8447,Customer_8447,India,2023-11-06,0
8448,Customer_8448,USA,2022-11-19,0
8449,Customer_8449,Pakistan,2022-06-14,0
8450,Customer_8450,UK,2022-09-11,0
8451,Customer_8451,UAE,2023-05-15,0
8452,Customer_8452,Pakistan,2022-06-15,1
8453,Customer_8453,UAE,2023-04-23,1
8454,Customer_8454,India,2023-06-06,0
8455,Customer_8455,USA,2022-10-07,1
8456,Customer_8456,Pakistan,2024-04-17,0
8457,Customer_8457,UAE,2022-11-22,0
8458,Customer_8458,India,2023-01-31,1
8459,Customer_8459,,2023-10-13,1
8460,Customer_8460,Pakistan,2023-10-26,1
8461,Customer_8461,,2023-12-14,0
8462,Customer_8462,USA,2023-10-31,1
8463,Customer_8463,Pakistan,2023-07-26,1
8464,Customer_8464,UK,2022-10-13,0
8465,Customer_8465,,2023-03-01,0
8466,Customer_8466,Pakistan,2022-12-31,1
8467,Customer_8467,India,2024-06-10,1
8468,Customer_8468,India,2022-05-01,0
8469,Customer_8469,Pakistan,2023-04-12,0
8470,Customer_8470,Pakistan,2022-02-06,0
8471,Customer_8471,Pakistan,2022-04-24,1
8472,Customer_8472,Pakistan,2022-10-21,1
8473,Customer_8473,India,2022-11-17,0
8474,Customer_8474,Pakistan,2023-09-18,0
8475,Customer_8475,USA,2022-04-03,
8476,Customer_8476,UAE,2022-08-11,1
8477,Customer_8477,Pakistan,2024-01-12,1
8478,Customer_8478,UAE,2023-11-09,0
8479,Customer_8479,UAE,2023-09-13,1
8480,Customer_8480,,2023-07-30,1
8481,Customer_8481,Pakistan,2022-10-12,0
8482,Customer_8482,Pakistan,2023-10-05,
8483,Customer_8483,USA,2024-05-02,1
8484,Customer_8484,USA,2024-05-16,1
8485,Customer_8485,UAE,2023-05-06,1
8486,Customer_8486,UK,2022-11-19,1
8487,Customer_8487,Pakistan,2023-02-02,0
8488,Customer_8488,India,2022-05-19,0
8489,Customer_8489,Pakistan,2022-03-01,1
8490,Customer_8490,Pakistan,2022-08-06,1
8491,Customer_8491,UK,2023-04-18,1
8492,Customer_8492,Pakistan,2022-07-16,0
8493,Customer_8493,India,2022-08-18,1
8494,Customer_8494,USA,2022-05-07,1
8495,Customer_8495,Pakistan,2022-07-30,1
8496,Customer_8496,,2024-05-06,1
8497,Customer_8497,,2022-04-04,
8498,Customer_8498,India,2022-06-23,0
8499,Customer_8499,Pakistan,2023-09-28,0
8500,Customer_8500,Pakistan,2024-06-16,0
8501,Customer_8501,India,2022-07-28,1
8502,Customer_8502,Pakistan,2022-05-19,0
8503,Customer_8503,Pakistan,2022-11-26,1
8504,Customer_8504,,2022-06-03,0
8505,Customer_8505,Pakistan,2023-04-01,1
8506,Customer_8506,UAE,2022-08-14,1
8507,Customer_8507,Pakistan,2022-10-02,1
8508,Customer_8508,India,2023-10-22,1
8509,Customer_8509,USA,2023-01-07,0
8510,Customer_8510,Pakistan,2022-07-03,0
8511,Customer_8511,Pakistan,2023-12-13,1
8512,Customer_8512,UAE,2024-05-23,1
8513,Customer_8513,UAE,2022-12-28,
8514,Customer_8514,UAE,2022-01-05,
8515,Customer_8515,Pakistan,2023-07-06,1
8516,Customer_8516,Pakistan,2022-01-13,0
8517,Customer_8517,,2022-11-25,1
8518,Customer_8518,USA,2023-03-05,0
8519,Customer_8519,India,2022-08-20,0
8520,Customer_8520,UK,2022-03-07,0
8521,Customer_8521,India,2023-03-13,0
8522,Customer_8522,India,2024-06-04,0
8523,Customer_8523,Pakistan,2022-07-24,1
8524,Customer_8524,India,2024-03-22,
8525,Customer_8525,India,2023-01-01,0
8526,Customer_8526,Pakistan,2024-01-05,
8527,Customer_8527,India,2024-05-29,0
8528,Customer_8528,UK,2023-04-06,0
8529,Customer_8529,UAE,2022-08-19,1
8530,Customer_8530,UAE,2023-03-09,1
8531,Customer_8531,USA,2023-09-17,0
8532,Customer_8532,Pakistan,2022-02-18,0
8533,Customer_8533,India,2023-04-29,1
8534,Customer_8534,UK,2023-05-30,0
8535,Customer_8535,India,2022-03-30,1
8536,Customer_8536,Pakistan,2023-06-28,1
8537,Customer_8537,Pakistan,2022-09-25,0
8538,Customer_8538,USA,2024-04-14,1
8539,Customer_8539,India,2023-01-03,0
8540,Customer_8540,USA,2024-05-28,1
8541,Customer_8541,India,2022-03-25,1
8542,Customer_8542,UAE,2023-01-16,
8543,Customer_8543,UK,2023-03-06,1
8544,Customer_8544,UAE,2024-02-07,1
8545,Customer_8545,India,2022-03-09,0
8546,Customer_8546,India,2023-07-13,1
8547,Customer_8547,UK,2022-08-27,1
8548,Customer_8548,India,2022-01-31,0
8549,Customer_8549,India,2023-04-21,1
8550,Customer_8550,Pakistan,2023-06-26,0
8551,Customer_8551,USA,2023-09-30,1
8552,Customer_8552,Pakistan,2022-10-12,1
8553,Customer_8553,UAE,2023-07-29,1
8554,Customer_8554,India,2023-11-01,1
8555,Customer_8555,India,2024-01-07,0
8556,Customer_8556,UAE,2024-03-15,
8557,Customer_8557,Pakistan,2022-04-19,0
8558,Customer_8558,India,2023-07-08,1
8559,Customer_8559,UK,2023-05-18,1
8560,Customer_8560,UK,2022-01-23,
8561,Customer_8561,Pakistan,2022-08-15,1
8562,Customer_8562,USA,2023-09-21,1
8563,Customer_8563,UAE,2023-01-07,0
8564,Customer_8564,USA,2023-02-27,0
8565,Customer_8565,India,2023-10-08,0
8566,Customer_8566,India,2022-07-13,1
8567,Customer_8567,USA,2024-04-02,1
8568,Customer_8568,USA,2023-02-22,1
8569,Customer_8569,India,2022-04-12,1
8570,Customer_8570,Pakistan,2022-12-23,1
8571,Customer_8571,India,2023-09-13,0
8572,Customer_8572,India,2024-02-16,0
8573,Customer_8573,Pakistan,2023-05-26,0
8574,Customer_8574,Pakistan,2023-03-15,1
8575,Customer_8575,USA,2022-07-14,0
8576,Customer_8576,Pakistan,2023-10-24,1
8577,Customer_8577,UAE,2024-05-23,1
8578,Customer_8578,Pakistan,2022-12-05,1
8579,Customer_8579,Pakistan,2022-03-24,0
8580,Customer_8580,Pakistan,2023-01-21,0
8581,Customer_8581,Pakistan,2024-03-21,0
8582,Customer_8582,UK,2023-07-05,1
8583,Customer_8583,USA,2022-08-09,0
8584,Customer_8584,Pakistan,2022-02-22,1
8585,Customer_8585,India,2022-08-30,1
8586,Customer_8586,India,2022-01-01,0
8587,Customer_8587,USA,2023-06-07,1
8588,Customer_8588,UK,2023-05-20,1
8589,Customer_8589,India,2022-10-03,1
8590,Customer_8590,UAE,2023-02-14,0
8591,Customer_8591,UK,2024-04-20,0
8592,Customer_8592,Pakistan,2022-07-09,0
8593,Customer_8593,India,2022-03-15,0
8594,Customer_8594,USA,2023-06-09,1
8595,Customer_8595,UAE,2024-03-09,1
8596,Customer_8596,India,2022-08-03,
8597,Customer_8597,India,2024-06-04,0
8598,Customer_8598,Pakistan,2024-05-14,0
8599,Customer_8599,India,2023-11-17,1
8600,Customer_8600,UAE,2023-01-29,0
8601,Customer_8601,India,2023-11-20,0
8602,Customer_8602,UAE,2022-09-12,1
8603,Customer_8603,USA,2023-01-14,0
8604,Customer_8604,Pakistan,2022-08-29,1
8605,Customer_8605,India,2023-10-23,0
8606,Customer_8606,India,2023-11-30,1
8607,Customer_8607,UAE,2023-04-28,1
8608,Customer_8608,Pakistan,2022-01-08,0
8609,Customer_8609,UAE,2024-02-02,
8610,Customer_8610,USA,2022-01-28,1
8611,Customer_8611,India,2023-09-18,
8612,Customer_8612,USA,2023-01-18,0
8613,Customer_8613,,2023-04-24,1
8614,Customer_8614,Pakistan,2024-01-25,0
8615,Customer_8615,Pakistan,2024-04-06,1
8616,Customer_8616,,2023-07-12,1
8617,Customer_8617,,2023-12-24,1
8618,Customer_8618,Pakistan,2022-03-03,
8619,Customer_8619,Pakistan,2022-12-15,0
8620,Customer_8620,Pakistan,2022-10-18,0
8621,Customer_8621,,2023-09-02,1
8622,Customer_8622,Pakistan,2022-03-27,1
8623,Customer_8623,India,2023-11-27,0
8624,Customer_8624,UK,2023-06-23,1
8625,Customer_8625,Pakistan,2022-01-30,
8626,Customer_8626,UAE,2023-12-02,1
8627,Customer_8627,Pakistan,2022-09-18,0
8628,Customer_8628,USA,2023-04-24,0
8629,Customer_8629,Pakistan,2022-01-22,
8630,Customer_8630,UAE,2022-10-30,1
8631,Customer_8631,UAE,2024-06-16,
8632,Customer_8632,Pakistan,2022-02-28,0
8633,Customer_8633,Pakistan,2022-01-29,1
8634,Customer_8634,India,2022-04-18,1
8635,Customer_8635,Pakistan,2023-11-27,0
8636,Customer_8636,UK,2022-10-22,1
8637,Customer_8637,UK,2023-03-12,1
8638,Customer_8638,India,2023-07-25,1
8639,Customer_8639,UAE,2022-12-03,1
8640,Customer_8640,UAE,2023-05-23,1
8641,Customer_8641,UK,2023-08-01,1
8642,Customer_8642,India,2022-01-09,1
8643,Customer_8643,Pakistan,2023-10-30,1
8644,Customer_8644,Pakistan,2022-12-19,0
8645,Customer_8645,India,2022-12-11,1
8646,Customer_8646,India,2023-02-21,1
8647,Customer_8647,India,2024-01-27,0
8648,Customer_8648,Pakistan,2023-08-13,1
8649,Customer_8649,UAE,2024-02-10,0
8650,Customer_8650,Pakistan,2023-05-19,1
8651,Customer_8651,Pakistan,2023-06-09,0
8652,Customer_8652,India,2024-02-06,0
8653,Customer_8653,Pakistan,2022-02-10,
8654,Customer_8654,India,2024-06-07,1
8655,Customer_8655,India,2024-04-20,1
8656,Customer_8656,India,2023-11-19,1
8657,Customer_8657,India,2024-02-10,1
8658,Customer_8658,Pakistan,2023-07-07,1
8659,Customer_8659,Pakistan,2023-07-29,1
8660,Customer_8660,USA,2023-01-08,
8661,Customer_8661,India,2023-06-27,0
8662,Customer_8662,India,2023-07-27,
8663,Customer_8663,Pakistan,2024-01-24,0
8664,Customer_8664,India,2023-03-28,1
8665,Customer_8665,India,2023-05-11,0
8666,Customer_8666,India,2022-02-28,1
8667,Customer_8667,UAE,2023-01-24,1
8668,Customer_8668,Pakistan,2023-11-12,
8669,Customer_8669,Pakistan,2023-04-11,
8670,Customer_8670,UK,2023-09-09,
8671,Customer_8671,USA,2024-02-12,0
8672,Customer_8672,Pakistan,2023-06-30,
8673,Customer_8673,India,2022-04-19,1
8674,Customer_8674,Pakistan,2022-08-13,1
8675,Customer_8675,Pakistan,2022-03-06,0
8676,Customer_8676,Pakistan,2024-05-10,1
8677,Customer_8677,Pakistan,2023-07-09,
8678,Customer_8678,UAE,2022-12-14,
8679,Customer_8679,India,2023-02-01,1
8680,Customer_8680,Pakistan,2023-12-21,1
8681,Customer_8681,Pakistan,2023-04-17,0
8682,Customer_8682,UK,2023-04-03,1
8683,Customer_8683,Pakistan,2023-05-14,1
8684,Customer_8684,UAE,2023-01-31,0
8685,Customer_8685,Pakistan,2023-12-31,0
8686,Customer_8686,India,2024-05-04,0
8687,Customer_8687,Pakistan,2022-08-17,1
8688,Customer_8688,Pakistan,2022-08-29,0
8689,Customer_8689,Pakistan,2022-12-25,1
8690,Customer_8690,Pakistan,2023-01-06,0
8691,Customer_8691,India,2024-02-26,1
8692,Customer_8692,UAE,2024-05-28,1
8693,Customer_8693,Pakistan,2023-03-25,1
8694,Customer_8694,Pakistan,2024-04-06,1
8695,Customer_8695,India,2022-06-23,1
8696,Customer_8696,UAE,2023-09-15,0
8697,Customer_8697,,2023-07-09,1
8698,Customer_8698,India,2023-05-25,0
8699,Customer_8699,India,2024-02-13,0
8700,Customer_8700,India,2023-10-06,1
8701,Customer_8701,USA,2022-01-28,0
8702,Customer_8702,UK,2023-10-19,1
8703,Customer_8703,Pakistan,2023-10-11,0
8704,Customer_8704,Pakistan,2022-07-08,1
8705,Customer_8705,Pakistan,2023-02-03,0
8706,Customer_8706,India,2022-02-27,0
8707,Customer_8707,UAE,2023-05-15,0
8708,Customer_8708,India,2023-03-20,1
8709,Customer_8709,Pakistan,2023-12-06,
8710,Customer_8710,UAE,2023-08-16,1
8711,Customer_8711,UK,2023-06-22,1
8712,Customer_8712,Pakistan,2023-02-23,1
8713,Customer_8713,UAE,2024-04-15,
8714,Customer_8714,India,2023-02-27,1
8715,Customer_8715,USA,2022-06-04,0
8716,Customer_8716,UK,2023-05-13,1
8717,Customer_8717,India,2022-10-25,1
8718,Customer_8718,UAE,2023-06-17,0
8719,Customer_8719,USA,2023-08-26,0
8720,Customer_8720,India,2023-10-06,
8721,Customer_8721,Pakistan,2022-02-28,
8722,Customer_8722,UK,2023-04-18,1
8723,Customer_8723,Pakistan,2023-03-18,
8724,Customer_8724,India,2024-05-26,1
8725,Customer_8725,USA,2024-03-05,0
8726,Customer_8726,UAE,2022-09-04,0
8727,Customer_8727,India,2022-05-08,0
8728,Customer_8728,Pakistan,2022-03-04,0
8729,Customer_8729,India,2023-07-01,0
8730,Customer_8730,Pakistan,2024-05-18,1
8731,Customer_8731,Pakistan,2024-02-16,1
8732,Customer_8732,UAE,2023-07-25,1
8733,Customer_8733,Pakistan,2022-06-04,1
8734,Customer_8734,India,2024-03-21,
8735,Customer_8735,India,2024-04-23,1
8736,Customer_8736,,2022-01-25,1
8737,Customer_8737,India,2024-02-19,1
8738,Customer_8738,Pakistan,2022-10-12,0
8739,Customer_8739,Pakistan,2022-05-10,
8740,Customer_8740,India,2022-07-15,0
8741,Customer_8741,India,2022-08-23,1
8742,Customer_8742,India,2023-01-17,0
8743,Customer_8743,India,2022-05-16,1
8744,Customer_8744,Pakistan,2022-01-08,
8745,Customer_8745,India,2022-09-30,0
8746,Customer_8746,India,2024-05-16,1
8747,Customer_8747,Pakistan,2024-04-13,0
8748,Customer_8748,Pakistan,2023-07-12,0
8749,Customer_8749,Pakistan,2023-09-11,0
8750,Customer_8750,Pakistan,2022-04-08,1
8751,Customer_8751,UAE,2022-07-06,0
8752,Customer_8752,Pakistan,2023-02-02,1
8753,Customer_8753,Pakistan,2023-09-23,0
8754,Customer_8754,Pakistan,2024-02-17,0
8755,Customer_8755,,2022-04-29,1
8756,Customer_8756,USA,2022-07-20,0
8757,Customer_8757,Pakistan,2022-12-06,0
8758,Customer_8758,Pakistan,2023-05-18,0
8759,Customer_8759,Pakistan,2023-11-20,1
8760,Customer_8760,India,2022-11-18,1
8761,Customer_8761,Pakistan,2022-06-16,0
8762,Customer_8762,UAE,2024-05-08,0
8763,Customer_8763,India,2024-05-07,0
8764,Customer_8764,USA,2023-11-30,0
8765,Customer_8765,Pakistan,2024-02-22,1
8766,Customer_8766,UK,2023-03-19,1
8767,Customer_8767,UK,2022-01-18,1
8768,Customer_8768,Pakistan,2022-09-20,0
8769,Customer_8769,India,2023-09-30,1
8770,Customer_8770,Pakistan,2022-01-10,1
8771,Customer_8771,Pakistan,2023-01-09,1
8772,Customer_8772,Pakistan,2023-07-03,1
8773,Customer_8773,India,2022-07-02,1
8774,Customer_8774,India,2022-06-07,1
8775,Customer_8775,USA,2022-12-16,0
8776,Customer_8776,Pakistan,2023-02-24,1
8777,Customer_8777,,2023-09-22,0
8778,Customer_8778,Pakistan,2023-08-22,1
8779,Customer_8779,UK,2023-04-29,1
8780,Customer_8780,Pakistan,2023-01-23,1
8781,Customer_8781,Pakistan,2023-08-28,1
8782,Customer_8782,USA,2022-06-03,0
8783,Customer_8783,Pakistan,2023-03-04,0
8784,Customer_8784,UAE,2022-11-09,1
8785,Customer_8785,India,2022-02-21,1
8786,Customer_8786,India,2023-09-13,1
8787,Customer_8787,India,2022-09-12,0
8788,Customer_8788,UAE,2024-03-23,
8789,Customer_8789,Pakistan,2023-09-30,
8790,Customer_8790,UAE,2022-07-11,0
8791,Customer_8791,USA,2023-10-10,1
8792,Customer_8792,Pakistan,2022-09-09,1
8793,Customer_8793,Pakistan,2023-06-14,1
8794,Customer_8794,UAE,2024-03-19,
8795,Customer_8795,India,2022-11-06,0
8796,Customer_8796,India,2024-01-08,1
8797,Customer_8797,Pakistan,2024-05-01,1
8798,Customer_8798,India,2023-09-28,1
8799,Customer_8799,Pakistan,2022-11-13,1
8800,Customer_8800,India,2023-09-24,
8801,Customer_8801,UK,2022-12-13,1
8802,Customer_8802,Pakistan,2022-07-17,1
8803,Customer_8803,India,2024-04-15,0
8804,Customer_8804,,2023-03-01,0
8805,Customer_8805,UAE,2022-11-07,0
8806,Customer_8806,UK,2023-04-16,1
8807,Customer_8807,India,2023-07-16,
8808,Customer_8808,UK,2023-11-05,0
8809,Customer_8809,Pakistan,2022-07-20,0
8810,Customer_8810,Pakistan,2023-10-22,1
8811,Customer_8811,Pakistan,2023-02-20,1
8812,Customer_8812,India,2024-06-07,
8813,Customer_8813,UK,2024-04-16,0
8814,Customer_8814,Pakistan,2024-05-20,0
8815,Customer_8815,UAE,2024-01-03,1
8816,Customer_8816,UAE,2023-06-09,0
8817,Customer_8817,India,2023-09-28,0
8818,Customer_8818,India,2023-04-04,0
8819,Customer_8819,India,2023-07-06,0
8820,Customer_8820,Pakistan,2022-11-23,0
8821,Customer_8821,Pakistan,2022-10-29,
8822,Customer_8822,,2022-08-27,0
8823,Customer_8823,Pakistan,2022-07-12,0
8824,Customer_8824,Pakistan,2023-04-19,1
8825,Customer_8825,USA,2022-05-18,1
8826,Customer_8826,Pakistan,2022-03-21,1
8827,Customer_8827,UAE,2024-05-11,1
8828,Customer_8828,Pakistan,2023-04-19,1
8829,Customer_8829,India,2022-07-28,1
8830,Customer_8830,Pakistan,2023-12-08,1
8831,Customer_8831,Pakistan,2023-06-11,1
8832,Customer_8832,India,2023-03-04,1
8833,Customer_8833,UAE,2023-11-09,0
8834,Customer_8834,India,2023-05-02,1
8835,Customer_8835,USA,2022-12-30,1
8836,Customer_8836,Pakistan,2023-07-26,
8837,Customer_8837,India,2022-07-03,0
8838,Customer_8838,India,2022-04-25,0
8839,Customer_8839,USA,2022-10-21,
8840,Customer_8840,Pakistan,2023-08-28,0
8841,Customer_8841,India,2022-11-20,
8842,Customer_8842,USA,2023-04-17,
8843,Customer_8843,Pakistan,2023-10-03,1
8844,Customer_8844,USA,2024-01-19,1
8845,Customer_8845,Pakistan,2022-04-28,1
8846,Customer_8846,UAE,2023-06-03,1
8847,Customer_8847,USA,2022-07-12,1
8848,Customer_8848,UAE,2022-03-01,1
8849,Customer_8849,India,2022-10-26,
8850,Customer_8850,Pakistan,2023-12-24,1
8851,Customer_8851,USA,2024-04-15,
8852,Customer_8852,India,2022-08-02,0
8853,Customer_8853,Pakistan,2023-06-04,0
8854,Customer_8854,UAE,2022-06-01,1
8855,Customer_8855,India,2022-12-27,0
8856,Customer_8856,Pakistan,2022-11-07,1
8857,Customer_8857,Pakistan,2023-07-18,0
8858,Customer_8858,Pakistan,2022-05-11,
8859,Customer_8859,India,2024-06-03,0
8860,Customer_8860,UAE,2023-11-07,0
8861,Customer_8861,India,2023-04-19,0
8862,Customer_8862,UK,2022-05-10,1
8863,Customer_8863,USA,2023-05-08,0
8864,Customer_8864,UAE,2022-07-07,0
8865,Customer_8865,Pakistan,2022-08-28,1
8866,Customer_8866,UAE,2024-01-25,0
8867,Customer_8867,India,2022-04-19,0
8868,Customer_8868,India,2022-05-19,1
8869,Customer_8869,UAE,2022-06-16,0
8870,Customer_8870,India,2023-04-24,0
8871,Customer_8871,USA,2022-06-10,0
8872,Customer_8872,Pakistan,2022-11-01,0
8873,Customer_8873,UAE,2024-04-24,1
8874,Customer_8874,Pakistan,2023-11-17,0
8875,Customer_8875,USA,2022-08-04,1
8876,Customer_8876,Pakistan,2024-02-28,
8877,Customer_8877,Pakistan,2023-04-10,0
8878,Customer_8878,Pakistan,2024-05-28,
8879,Customer_8879,India,2024-04-22,0
8880,Customer_8880,Pakistan,2022-07-15,0
8881,Customer_8881,India,2023-02-02,0
8882,Customer_8882,India,2023-07-04,0
8883,Customer_8883,Pakistan,2022-12-18,1
8884,Customer_8884,Pakistan,2023-01-29,0
8885,Customer_8885,UK,2022-12-18,1
8886,Customer_8886,UAE,2024-01-29,1
8887,Customer_8887,UAE,2022-08-11,0
8888,Customer_8888,UAE,2024-06-11,1
8889,Customer_8889,Pakistan,2023-02-01,
8890,Customer_8890,Pakistan,2024-06-02,0
8891,Customer_8891,Pakistan,2024-02-19,0
8892,Customer_8892,UK,2024-03-28,1
8893,Customer_8893,,2024-01-21,1
8894,Customer_8894,India,2023-11-21,1
8895,Customer_8895,Pakistan,2023-10-09,0
8896,Customer_8896,Pakistan,2023-12-05,1
8897,Customer_8897,Pakistan,2023-01-28,1
8898,Customer_8898,India,2023-11-17,1
8899,Customer_8899,Pakistan,2022-06-09,0
8900,Customer_8900,USA,2023-01-15,1
8901,Customer_8901,India,2022-09-01,0
8902,Customer_8902,USA,2023-08-03,1
8903,Customer_8903,UK,2023-11-03,
8904,Customer_8904,UK,2022-07-26,1
8905,Customer_8905,UAE,2023-03-26,0
8906,Customer_8906,UAE,2023-05-25,0
8907,Customer_8907,UAE,2022-05-19,1
8908,Customer_8908,UAE,2023-05-12,1
8909,Customer_8909,India,2022-11-19,1
8910,Customer_8910,,2022-08-05,0
8911,Customer_8911,UAE,2022-12-04,1
8912,Customer_8912,UK,2023-07-18,1
8913,Customer_8913,USA,2023-10-07,
8914,Customer_8914,Pakistan,2022-09-09,1
8915,Customer_8915,Pakistan,2022-03-03,1
8916,Customer_8916,India,2023-09-03,1
8917,Customer_8917,India,2023-06-22,0
8918,Customer_8918,UK,2022-02-17,1
8919,Customer_8919,India,2022-01-18,1
8920,Customer_8920,India,2024-03-20,
8921,Customer_8921,India,2023-04-03,1
8922,Customer_8922,Pakistan,2023-05-09,0
8923,Customer_8923,UAE,2022-06-15,1
8924,Customer_8924,UK,2022-11-30,0
8925,Customer_8925,Pakistan,2022-11-29,0
8926,Customer_8926,India,2022-01-15,0
8927,Customer_8927,India,2022-11-09,1
8928,Customer_8928,Pakistan,2023-10-28,1
8929,Customer_8929,Pakistan,2022-08-23,0
8930,Customer_8930,,2023-03-23,1
8931,Customer_8931,India,2023-04-28,0
8932,Customer_8932,Pakistan,2022-02-22,
8933,Customer_8933,Pakistan,2023-05-10,1
8934,Customer_8934,UAE,2024-04-15,1
8935,Customer_8935,UAE,2023-02-17,0
8936,Customer_8936,UAE,2022-11-28,1
8937,Customer_8937,Pakistan,2024-01-13,1
8938,Customer_8938,USA,2022-09-10,
8939,Customer_8939,India,2023-11-02,0
8940,Customer_8940,Pakistan,2023-08-11,0
8941,Customer_8941,India,2022-09-23,1
8942,Customer_8942,India,2023-03-24,0
8943,Customer_8943,USA,2022-03-01,0
8944,Customer_8944,USA,2022-05-01,
8945,Customer_8945,Pakistan,2023-07-26,0
8946,Customer_8946,USA,2022-02-01,
8947,Customer_8947,UK,2024-01-03,0
8948,Customer_8948,USA,2022-04-10,1
8949,Customer_8949,Pakistan,2024-05-14,1
8950,Customer_8950,India,2024-02-12,1
8951,Customer_8951,Pakistan,2022-02-01,
8952,Customer_8952,UK,2022-02-11,0
8953,Customer_8953,Pakistan,2022-02-28,1
8954,Customer_8954,India,2022-09-12,1
8955,Customer_8955,Pakistan,2023-01-31,0
8956,Customer_8956,Pakistan,2022-07-17,
8957,Customer_8957,UAE,2022-08-22,0
8958,Customer_8958,USA,2024-05-26,1
8959,Customer_8959,UAE,2023-01-24,0
8960,Customer_8960,USA,2022-05-07,1
8961,Customer_8961,Pakistan,2022-08-31,1
8962,Customer_8962,India,2023-07-20,0
8963,Customer_8963,India,2022-03-28,1
8964,Customer_8964,Pakistan,2022-11-28,0
8965,Customer_8965,India,2023-08-23,0
8966,Customer_8966,UAE,2022-12-02,0
8967,Customer_8967,India,2023-07-21,0
8968,Customer_8968,UAE,2023-01-05,0
8969,Customer_8969,India,2023-09-01,1
8970,Customer_8970,Pakistan,2023-05-02,1
8971,Customer_8971,Pakistan,2023-06-26,1
8972,Customer_8972,India,2024-06-17,0
8973,Customer_8973,Pakistan,2023-02-03,1
8974,Customer_8974,Pakistan,2023-06-05,1
8975,Customer_8975,India,2023-04-16,0
8976,Customer_8976,India,2022-04-13,1
8977,Customer_8977,Pakistan,2022-04-26,1
8978,Customer_8978,UAE,2022-09-23,1
8979,Customer_8979,UAE,2024-01-07,0
8980,Customer_8980,Pakistan,2022-02-18,0
8981,Customer_8981,UK,2022-02-23,1
8982,Customer_8982,UAE,2024-02-22,1
8983,Customer_8983,UAE,2023-10-09,0
8984,Customer_8984,India,2023-03-06,0
8985,Customer_8985,Pakistan,2024-02-16,1
8986,Customer_8986,UAE,2023-04-25,1
8987,Customer_8987,India,2022-07-23,1
8988,Customer_8988,USA,2022-07-23,0
8989,Customer_8989,UK,2024-03-31,0
8990,Customer_8990,India,2022-10-12,0
8991,Customer_8991,Pakistan,2022-02-15,0
8992,Customer_8992,Pakistan,2023-11-29,0
8993,Customer_8993,Pakistan,2024-03-15,1
8994,Customer_8994,India,2024-01-19,1
8995,Customer_8995,Pakistan,2024-01-19,1
8996,Customer_8996,India,2023-12-16,0
8997,Customer_8997,Pakistan,2022-06-24,0
8998,Customer_8998,,2023-08-11,0
8999,Customer_8999,Pakistan,2024-02-26,0
9000,Customer_9000,USA,2024-01-26,1
9001,Customer_9001,USA,2022-01-27,0
9002,Customer_9002,India,2022-02-07,0
9003,Customer_9003,UAE,2022-12-04,0
9004,Customer_9004,India,2022-10-15,0
9005,Customer_9005,UAE,2024-01-09,1
9006,Customer_9006,Pakistan,2023-07-16,0
9007,Customer_9007,Pakistan,2022-05-19,1
9008,Customer_9008,India,2023-05-25,1
9009,Customer_9009,India,2024-04-13,0
9010,Customer_9010,India,2022-12-07,0
9011,Customer_9011,Pakistan,2023-08-20,1
9012,Customer_9012,India,2023-07-28,1
9013,Customer_9013,Pakistan,2023-06-08,0
9014,Customer_9014,Pakistan,2023-07-10,0
9015,Customer_9015,Pakistan,2022-03-31,0
9016,Customer_9016,Pakistan,2023-05-08,0
9017,Customer_9017,Pakistan,2024-02-13,0
9018,Customer_9018,UK,2022-11-22,0
9019,Customer_9019,Pakistan,2022-10-22,0
9020,Customer_9020,UAE,2023-09-05,0
9021,Customer_9021,Pakistan,2022-03-04,0
9022,Customer_9022,USA,2023-03-02,1
9023,Customer_9023,India,2023-03-13,1
9024,Customer_9024,Pakistan,2024-04-05,
9025,Customer_9025,India,2024-05-15,0
9026,Customer_9026,India,2024-03-12,1
9027,Customer_9027,India,2023-10-11,0
9028,Customer_9028,Pakistan,2023-12-02,1
9029,Customer_9029,,2022-09-18,0
9030,Customer_9030,India,2023-12-26,0
9031,Customer_9031,Pakistan,2022-07-10,
9032,Customer_9032,UAE,2022-08-22,1
9033,Customer_9033,India,2022-12-21,
9034,Customer_9034,UK,2024-06-02,0
9035,Customer_9035,India,2023-02-16,0
9036,Customer_9036,UAE,2024-04-05,0
9037,Customer_9037,Pakistan,2022-03-27,1
9038,Customer_9038,UK,2022-01-28,1
9039,Customer_9039,UAE,2023-11-12,
9040,Customer_9040,Pakistan,2024-05-28,0
9041,Customer_9041,Pakistan,2023-06-12,1
9042,Customer_9042,Pakistan,2023-01-07,0
9043,Customer_9043,,2022-10-18,0
9044,Customer_9044,Pakistan,2022-02-16,1
9045,Customer_9045,India,2023-06-12,1
9046,Customer_9046,Pakistan,2023-01-10,0
9047,Customer_9047,India,2023-03-23,0
9048,Customer_9048,India,2023-03-20,0
9049,Customer_9049,,2024-02-14,0
9050,Customer_9050,India,2023-02-03,0
9051,Customer_9051,UK,2022-10-02,0
9052,Customer_9052,India,2022-01-06,0
9053,Customer_9053,Pakistan,2023-04-10,
9054,Customer_9054,Pakistan,2023-11-28,
9055,Customer_9055,India,2023-01-27,1
9056,Customer_9056,,2023-05-27,
9057,Customer_9057,USA,2023-05-18,1
9058,Customer_9058,Pakistan,2022-06-10,0
9059,Customer_9059,Pakistan,2024-04-11,0
9060,Customer_9060,Pakistan,2022-03-12,
9061,Customer_9061,USA,2023-11-05,1
9062,Customer_9062,USA,2024-06-09,1
9063,Customer_9063,UK,2023-03-18,1
9064,Customer_9064,India,2022-04-04,0
9065,Customer_9065,India,2022-05-30,0
9066,Customer_9066,India,2022-03-31,0
9067,Customer_9067,Pakistan,2023-08-07,0
9068,Customer_9068,India,2022-06-23,0
9069,Customer_9069,Pakistan,2023-04-02,0
9070,Customer_9070,Pakistan,2023-06-30,0
9071,Customer_9071,USA,2023-11-05,0
9072,Customer_9072,UK,2022-12-06,0
9073,Customer_9073,India,2023-10-18,0
9074,Customer_9074,India,2022-01-31,1
9075,Customer_9075,India,2024-05-19,0
9076,Customer_9076,UAE,2022-06-06,1
9077,Customer_9077,UK,2023-09-01,
9078,Customer_9078,UK,2023-03-15,0
9079,Customer_9079,UAE,2023-08-30,0
9080,Customer_9080,Pakistan,2023-11-26,1
9081,Customer_9081,Pakistan,2024-01-12,1
9082,Customer_9082,India,2023-02-25,1
9083,Customer_9083,Pakistan,2022-12-18,0
9084,Customer_9084,UK,2022-07-12,1
9085,Customer_9085,Pakistan,2022-09-27,
9086,Customer_9086,Pakistan,2023-05-17,1
9087,Customer_9087,India,2022-12-17,0
9088,Customer_9088,,2022-01-04,1
9089,Customer_9089,Pakistan,2023-04-19,1
9090,Customer_9090,UAE,2022-03-14,1
9091,Customer_9091,India,2023-01-30,0
9092,Customer_9092,Pakistan,2022-03-14,1
9093,Customer_9093,India,2024-05-02,0
9094,Customer_9094,UAE,2023-12-08,0
9095,Customer_9095,India,2023-03-12,1
9096,Customer_9096,USA,2024-02-12,0
9097,Customer_9097,Pakistan,2022-03-14,1
9098,Customer_9098,Pakistan,2023-10-08,1
9099,Customer_9099,USA,2022-08-17,0
9100,Customer_9100,India,2022-04-20,1
9101,Customer_9101,India,2023-07-10,
9102,Customer_9102,UK,2022-11-24,0
9103,Customer_9103,Pakistan,2023-11-04,1
9104,Customer_9104,UAE,2023-03-02,0
9105,Customer_9105,Pakistan,2022-08-14,1
9106,Customer_9106,Pakistan,2022-04-14,0
9107,Customer_9107,Pakistan,2022-08-22,0
9108,Customer_9108,UK,2023-07-24,0
9109,Customer_9109,Pakistan,2023-09-29,
9110,Customer_9110,UAE,2023-07-08,1
9111,Customer_9111,USA,2023-12-14,1
9112,Customer_9112,India,2022-06-21,0
9113,Customer_9113,India,2023-06-06,1
9114,Customer_9114,India,2022-02-25,0
9115,Customer_9115,Pakistan,2022-07-19,0
9116,Customer_9116,India,2022-10-08,1
9117,Customer_9117,UAE,2023-03-07,0
9118,Customer_9118,,2022-06-08,0
9119,Customer_9119,USA,2024-05-19,1
9120,Customer_9120,USA,2022-11-21,1
9121,Customer_9121,USA,2024-04-22,0
9122,Customer_9122,India,2023-05-19,0
9123,Customer_9123,UAE,2022-06-15,0
9124,Customer_9124,USA,2023-12-27,
9125,Customer_9125,India,2023-06-05,1
9126,Customer_9126,,2022-02-26,1
9127,Customer_9127,India,2023-10-13,
9128,Customer_9128,UAE,2023-03-14,0
9129,Customer_9129,UAE,2024-03-14,
9130,Customer_9130,,2024-05-06,0
9131,Customer_9131,Pakistan,2024-05-31,0
9132,Customer_9132,UAE,2022-05-25,1
9133,Customer_9133,India,2024-04-17,0
9134,Customer_9134,Pakistan,2023-09-29,1
9135,Customer_9135,UK,2022-07-16,0
9136,Customer_9136,India,2023-04-17,1
9137,Customer_9137,UAE,2023-10-28,0
9138,Customer_9138,Pakistan,2023-02-04,0
9139,Customer_9139,India,2022-03-08,
9140,Customer_9140,UAE,2024-04-05,1
9141,Customer_9141,India,2022-08-25,
9142,Customer_9142,Pakistan,2022-05-19,1
9143,Customer_9143,,2024-04-01,1
9144,Customer_9144,India,2024-02-04,1
9145,Customer_9145,UAE,2022-12-08,0
9146,Customer_9146,India,2024-01-21,0
9147,Customer_9147,India,2022-12-01,0
9148,Customer_9148,India,2023-06-10,1
9149,Customer_9149,India,2023-12-12,0
9150,Customer_9150,India,2022-12-13,
9151,Customer_9151,India,2023-08-19,1
9152,Customer_9152,India,2024-05-10,1
9153,Customer_9153,Pakistan,2022-01-30,0
9154,Customer_9154,India,2022-04-08,0
9155,Customer_9155,Pakistan,2023-02-07,
9156,Customer_9156,Pakistan,2024-05-10,0
9157,Customer_9157,USA,2022-09-07,0
9158,Customer_9158,UAE,2022-05-07,0
9159,Customer_9159,UAE,2022-03-31,0
9160,Customer_9160,India,2024-04-27,0
9161,Customer_9161,USA,2023-10-14,1
9162,Customer_9162,UAE,2022-04-11,1
9163,Customer_9163,UK,2023-11-03,1
9164,Customer_9164,India,2024-04-01,0
9165,Customer_9165,,2023-06-26,1
9166,Customer_9166,UK,2022-08-03,1
9167,Customer_9167,USA,2023-12-28,0
9168,Customer_9168,Pakistan,2022-04-22,0
9169,Customer_9169,Pakistan,2022-03-21,0
9170,Customer_9170,Pakistan,2022-03-30,1
9171,Customer_9171,Pakistan,2022-03-09,1
9172,Customer_9172,USA,2023-12-12,
9173,Customer_9173,Pakistan,2022-05-20,0
9174,Customer_9174,Pakistan,2023-08-01,1
9175,Customer_9175,Pakistan,2022-02-12,0
9176,Customer_9176,Pakistan,2023-07-28,0
9177,Customer_9177,Pakistan,2023-10-01,1
9178,Customer_9178,UK,2024-03-25,0
9179,Customer_9179,India,2023-04-18,1
9180,Customer_9180,Pakistan,2023-11-01,1
9181,Customer_9181,India,2022-09-14,1
9182,Customer_9182,India,2023-01-05,0
9183,Customer_9183,Pakistan,2022-08-27,
9184,Customer_9184,UAE,2024-02-19,
9185,Customer_9185,UAE,2022-08-28,
9186,Customer_9186,UAE,2024-06-05,1
9187,Customer_9187,UAE,2022-10-09,1
9188,Customer_9188,Pakistan,2023-04-21,1
9189,Customer_9189,,2022-06-29,0
9190,Customer_9190,UK,2022-03-23,1
9191,Customer_9191,USA,2022-06-13,1
9192,Customer_9192,Pakistan,2024-05-26,
9193,Customer_9193,USA,2022-04-16,1
9194,Customer_9194,UK,2023-02-21,0
9195,Customer_9195,UK,2024-04-03,1
9196,Customer_9196,Pakistan,2022-11-16,
9197,Customer_9197,UAE,2023-10-04,0
9198,Customer_9198,,2022-06-26,0
9199,Customer_9199,UAE,2022-07-13,1
9200,Customer_9200,India,2024-01-14,0
9201,Customer_9201,USA,2024-03-02,0
9202,Customer_9202,India,2024-02-07,0
9203,Customer_9203,India,2022-04-14,1
9204,Customer_9204,India,2023-12-06,0
9205,Customer_9205,USA,2022-09-03,0
9206,Customer_9206,Pakistan,2022-08-25,1
9207,Customer_9207,India,2023-07-20,
9208,Customer_9208,UAE,2022-07-23,
9209,Customer_9209,UK,2024-03-30,0
9210,Customer_9210,India,2022-05-03,
9211,Customer_9211,USA,2024-01-06,0
9212,Customer_9212,USA,2022-12-27,1
9213,Customer_9213,Pakistan,2024-02-22,1
9214,Customer_9214,India,2022-05-24,0
9215,Customer_9215,Pakistan,2023-03-24,1
9216,Customer_9216,Pakistan,2024-03-18,0
9217,Customer_9217,India,2023-07-22,1
9218,Customer_9218,USA,2023-10-04,0
9219,Customer_9219,UK,2023-05-25,1
9220,Customer_9220,Pakistan,2022-08-26,0
9221,Customer_9221,Pakistan,2023-09-01,0
9222,Customer_9222,India,2022-03-14,
9223,Customer_9223,India,2022-02-08,1
9224,Customer_9224,Pakistan,2023-04-30,
9225,Customer_9225,USA,2022-08-11,0
9226,Customer_9226,USA,2023-11-16,0
9227,Customer_9227,India,2023-12-14,1
9228,Customer_9228,USA,2022-07-31,1
9229,Customer_9229,India,2022-02-05,0
9230,Customer_9230,UAE,2022-11-15,1
9231,Customer_9231,India,2024-04-19,0
9232,Customer_9232,Pakistan,2024-02-05,0
9233,Customer_9233,USA,2024-02-08,0
9234,Customer_9234,India,2024-02-29,1
9235,Customer_9235,UAE,2023-02-21,1
9236,Customer_9236,India,2023-03-20,1
9237,Customer_9237,Pakistan,2022-05-28,1
9238,Customer_9238,Pakistan,2022-08-01,0
9239,Customer_9239,India,2023-03-23,
9240,Customer_9240,UAE,2023-08-17,
9241,Customer_9241,Pakistan,2023-08-23,1
9242,Customer_9242,UAE,2024-01-25,0
9243,Customer_9243,UAE,2023-02-25,1
9244,Customer_9244,UAE,2024-06-04,1
9245,Customer_9245,India,2022-07-04,
9246,Customer_9246,USA,2023-09-28,
9247,Customer_9247,India,2024-01-28,1
9248,Customer_9248,India,2022-04-13,0
9249,Customer_9249,Pakistan,2024-01-13,
9250,Customer_9250,Pakistan,2023-04-05,1
9251,Customer_9251,Pakistan,2022-11-29,1
9252,Customer_9252,UAE,2022-03-31,0
9253,Customer_9253,Pakistan,2022-01-15,0
9254,Customer_9254,Pakistan,2023-05-05,1
9255,Customer_9255,UK,2022-01-29,0
9256,Customer_9256,Pakistan,2023-05-04,0
9257,Customer_9257,Pakistan,2023-02-03,1
9258,Customer_9258,Pakistan,2023-10-13,0
9259,Customer_9259,UK,2023-01-25,0
9260,Customer_9260,Pakistan,2023-07-07,0
9261,Customer_9261,India,2022-05-22,0
9262,Customer_9262,India,2022-09-03,
9263,Customer_9263,UAE,2023-02-25,0
9264,Customer_9264,UAE,2023-08-01,0
9265,Customer_9265,UK,2024-03-31,
9266,Customer_9266,Pakistan,2023-04-13,1
9267,Customer_9267,Pakistan,2023-11-28,0
9268,Customer_9268,Pakistan,2024-05-28,1
9269,Customer_9269,Pakistan,2023-05-26,1
9270,Customer_9270,Pakistan,2022-09-29,1
9271,Customer_9271,Pakistan,2022-12-31,1
9272,Customer_9272,India,2022-02-06,
9273,Customer_9273,UAE,2022-10-06,0
9274,Customer_9274,India,2023-06-26,0
9275,Customer_9275,UAE,2023-07-08,0
9276,Customer_9276,Pakistan,2022-08-21,0
9277,Customer_9277,Pakistan,2022-03-24,
9278,Customer_9278,India,2022-07-16,1
9279,Customer_9279,Pakistan,2023-10-17,0
9280,Customer_9280,Pakistan,2023-11-02,0
9281,Customer_9281,India,2024-01-03,0
9282,Customer_9282,USA,2022-08-28,
9283,Customer_9283,UAE,2022-02-20,1
9284,Customer_9284,Pakistan,2023-01-10,1
9285,Customer_9285,UK,2022-03-06,1
9286,Customer_9286,UAE,2024-02-03,1
9287,Customer_9287,UAE,2022-01-15,1
9288,Customer_9288,UK,2023-11-05,0
9289,Customer_9289,India,2022-12-30,1
9290,Customer_9290,Pakistan,2022-05-20,1
9291,Customer_9291,India,2024-02-24,1
9292,Customer_9292,India,2022-09-24,
9293,Customer_9293,India,2022-04-13,1
9294,Customer_9294,India,2022-08-17,1
9295,Customer_9295,USA,2023-11-10,
9296,Customer_9296,USA,2022-10-21,0
9297,Customer_9297,USA,2022-07-31,1
9298,Customer_9298,UK,2022-07-01,1
9299,Customer_9299,USA,2024-02-12,0
9300,Customer_9300,Pakistan,2022-10-23,1
9301,Customer_9301,Pakistan,2022-06-22,1
9302,Customer_9302,India,2022-03-10,1
9303,Customer_9303,UK,2022-10-23,
9304,Customer_9304,India,2023-05-10,0
9305,Customer_9305,UAE,2023-11-01,1
9306,Customer_9306,Pakistan,2023-03-08,1
9307,Customer_9307,Pakistan,2022-12-12,0
9308,Customer_9308,UAE,2023-01-18,0
9309,Customer_9309,Pakistan,2023-03-11,1
9310,Customer_9310,India,2022-08-10,1
9311,Customer_9311,Pakistan,2023-09-18,1
9312,Customer_9312,Pakistan,2023-02-01,1
9313,Customer_9313,UAE,2024-04-22,0
9314,Customer_9314,India,2024-06-15,0
9315,Customer_9315,India,2024-04-02,0
9316,Customer_9316,Pakistan,2023-02-25,
9317,Customer_9317,UK,2022-02-17,0
9318,Customer_9318,India,2024-03-04,
9319,Customer_9319,UAE,2023-07-03,
9320,Customer_9320,UAE,2022-06-28,
9321,Customer_9321,Pakistan,2023-04-06,1
9322,Customer_9322,USA,2023-02-24,
9323,Customer_9323,UAE,2023-04-09,0
9324,Customer_9324,India,2022-01-28,0
9325,Customer_9325,Pakistan,2023-01-01,0
9326,Customer_9326,USA,2022-10-23,
9327,Customer_9327,UK,2024-03-02,0
9328,Customer_9328,Pakistan,2022-06-14,1
9329,Customer_9329,Pakistan,2024-03-08,0
9330,Customer_9330,UK,2022-05-05,0
9331,Customer_9331,UAE,2024-02-28,0
9332,Customer_9332,UK,2022-12-15,1
9333,Customer_9333,India,2023-02-02,1
9334,Customer_9334,UAE,2023-03-27,
9335,Customer_9335,India,2023-01-02,1
9336,Customer_9336,Pakistan,2024-06-01,
9337,Customer_9337,UAE,2023-01-14,1
9338,Customer_9338,,2022-04-05,1
9339,Customer_9339,Pakistan,2023-11-01,1
9340,Customer_9340,India,2024-02-12,1
9341,Customer_9341,UAE,2022-07-01,1
9342,Customer_9342,India,2023-10-12,1
9343,Customer_9343,UK,2023-01-21,1
9344,Customer_9344,UK,2022-01-30,1
9345,Customer_9345,Pakistan,2023-10-19,0
9346,Customer_9346,,2023-09-19,1
9347,Customer_9347,UK,2023-08-29,0
9348,Customer_9348,USA,2023-05-15,1
9349,Customer_9349,UAE,2023-03-14,1
9350,Customer_9350,USA,2023-05-31,
9351,Customer_9351,Pakistan,2024-04-23,0
9352,Customer_9352,Pakistan,2022-04-11,0
9353,Customer_9353,USA,2024-05-10,0
9354,Customer_9354,Pakistan,2024-04-20,0
9355,Customer_9355,Pakistan,2024-03-13,1
9356,Customer_9356,UK,2022-11-12,1
9357,Customer_9357,UK,2023-08-29,1
9358,Customer_9358,Pakistan,2023-08-08,1
9359,Customer_9359,USA,2022-05-17,0
9360,Customer_9360,UAE,2022-08-13,0
9361,Customer_9361,India,2023-09-27,0
9362,Customer_9362,UK,2022-04-07,1
9363,Customer_9363,India,2023-06-25,1
9364,Customer_9364,Pakistan,2023-06-06,1
9365,Customer_9365,Pakistan,2022-05-26,0
9366,Customer_9366,India,2022-02-23,0
9367,Customer_9367,India,2022-10-06,
9368,Customer_9368,UK,2022-12-20,0
9369,Customer_9369,UK,2024-06-07,1
9370,Customer_9370,India,2022-06-15,0
9371,Customer_9371,UK,2022-01-20,0
9372,Customer_9372,Pakistan,2023-05-06,1
9373,Customer_9373,Pakistan,2023-09-03,0
9374,Customer_9374,USA,2022-12-25,1
9375,Customer_9375,Pakistan,2023-01-24,1
9376,Customer_9376,Pakistan,2023-11-03,1
9377,Customer_9377,UAE,2022-02-08,1
9378,Customer_9378,India,2024-04-07,1
9379,Customer_9379,USA,2023-12-06,0
9380,Customer_9380,Pakistan,2022-08-23,1
9381,Customer_9381,Pakistan,2022-10-21,1
9382,Customer_9382,Pakistan,2023-01-18,0
9383,Customer_9383,India,2022-08-04,
9384,Customer_9384,India,2024-04-29,1
9385,Customer_9385,India,2022-06-09,1
9386,Customer_9386,USA,2022-03-30,1
9387,Customer_9387,USA,2024-02-13,0
9388,Customer_9388,Pakistan,2023-08-18,1
9389,Customer_9389,India,2024-05-01,0
9390,Customer_9390,India,2024-02-21,0
9391,Customer_9391,USA,2024-04-01,1
9392,Customer_9392,,2024-03-03,1
9393,Customer_9393,Pakistan,2022-12-24,0
9394,Customer_9394,UAE,2024-06-09,1
9395,Customer_9395,India,2023-04-14,
9396,Customer_9396,Pakistan,2024-05-15,1
9397,Customer_9397,Pakistan,2023-11-15,1
9398,Customer_9398,India,2023-03-23,1
9399,Customer_9399,India,2024-05-11,0
9400,Customer_9400,Pakistan,2022-08-16,0
9401,Customer_9401,UAE,2022-11-12,1
9402,Customer_9402,Pakistan,2022-12-25,1
9403,Customer_9403,India,2022-07-09,1
9404,Customer_9404,Pakistan,2023-08-11,1
9405,Customer_9405,Pakistan,2022-11-14,1
9406,Customer_9406,India,2022-01-28,0
9407,Customer_9407,Pakistan,2023-01-19,0
9408,Customer_9408,India,2022-06-04,0
9409,Customer_9409,Pakistan,2022-10-15,1
9410,Customer_9410,India,2022-07-27,0
9411,Customer_9411,Pakistan,2022-01-03,1
9412,Customer_9412,UAE,2022-11-21,0
9413,Customer_9413,UK,2023-06-26,1
9414,Customer_9414,Pakistan,2022-01-11,0
9415,Customer_9415,India,2023-05-12,1
9416,Customer_9416,Pakistan,2022-08-19,0
9417,Customer_9417,India,2022-04-16,0
9418,Customer_9418,Pakistan,2023-02-25,
9419,Customer_9419,India,2022-09-20,0
9420,Customer_9420,India,2022-12-28,1
9421,Customer_9421,USA,2024-05-19,
9422,Customer_9422,India,2023-04-06,1
9423,Customer_9423,India,2023-01-08,1
9424,Customer_9424,India,2023-08-02,0
9425,Customer_9425,USA,2022-08-16,1
9426,Customer_9426,UK,2023-07-21,1
9427,Customer_9427,Pakistan,2024-02-28,0
9428,Customer_9428,UK,2023-06-06,0
9429,Customer_9429,India,2023-04-09,0
9430,Customer_9430,UK,2022-03-19,1
9431,Customer_9431,UK,2022-07-15,
9432,Customer_9432,Pakistan,2023-08-20,0
9433,Customer_9433,UAE,2023-05-22,0
9434,Customer_9434,Pakistan,2023-04-19,0
9435,Customer_9435,Pakistan,2022-12-25,1
9436,Customer_9436,Pakistan,2022-10-22,1
9437,Customer_9437,UAE,2022-05-24,0
9438,Customer_9438,Pakistan,2023-10-15,0
9439,Customer_9439,Pakistan,2024-05-02,1
9440,Customer_9440,UAE,2023-10-12,1
9441,Customer_9441,Pakistan,2022-04-04,1
9442,Customer_9442,Pakistan,2022-01-06,1
9443,Customer_9443,Pakistan,2022-07-03,0
9444,Customer_9444,India,2024-01-19,0
9445,Customer_9445,India,2023-12-19,0
9446,Customer_9446,Pakistan,2022-11-02,0
9447,Customer_9447,,2024-02-27,
9448,Customer_9448,UAE,2022-04-27,1
9449,Customer_9449,Pakistan,2022-04-15,0
9450,Customer_9450,Pakistan,2023-03-01,0
9451,Customer_9451,India,2023-10-09,0
9452,Customer_9452,UAE,2022-10-14,1
9453,Customer_9453,Pakistan,2022-08-16,0
9454,Customer_9454,Pakistan,2024-02-04,0
9455,Customer_9455,USA,2022-01-14,1
9456,Customer_9456,Pakistan,2024-02-14,0
9457,Customer_9457,India,2024-01-02,0
9458,Customer_9458,USA,2024-04-08,0
9459,Customer_9459,UAE,2023-06-27,0
9460,Customer_9460,Pakistan,2023-05-25,0
9461,Customer_9461,UAE,2022-09-22,0
9462,Customer_9462,Pakistan,2023-12-16,1
9463,Customer_9463,UAE,2023-05-27,1
9464,Customer_9464,India,2022-09-11,1
9465,Customer_9465,UK,2022-01-23,1
9466,Customer_9466,,2023-05-12,0
9467,Customer_9467,USA,2024-01-12,1
9468,Customer_9468,USA,2022-03-29,0
9469,Customer_9469,India,2022-07-13,0
9470,Customer_9470,India,2022-11-28,0
9471,Customer_9471,India,2024-01-05,0
9472,Customer_9472,UAE,2024-03-04,
9473,Customer_9473,USA,2022-04-12,0
9474,Customer_9474,Pakistan,2024-04-30,0
9475,Customer_9475,USA,2022-07-15,0
9476,Customer_9476,UK,2023-02-26,0
9477,Customer_9477,,2023-04-08,0
9478,Customer_9478,USA,2023-04-22,0
9479,Customer_9479,Pakistan,2024-06-11,0
9480,Customer_9480,Pakistan,2023-11-15,1
9481,Customer_9481,Pakistan,2023-12-03,0
9482,Customer_9482,Pakistan,2022-10-07,0
9483,Customer_9483,UAE,2022-08-14,1
9484,Customer_9484,UK,2023-05-27,
9485,Customer_9485,USA,2024-02-29,0
9486,Customer_9486,UAE,2022-06-15,0
9487,Customer_9487,Pakistan,2022-07-28,
9488,Customer_9488,Pakistan,2023-12-25,0
9489,Customer_9489,Pakistan,2024-03-06,1
9490,Customer_9490,India,2023-10-08,0
9491,Customer_9491,India,2023-05-28,
9492,Customer_9492,Pakistan,2022-02-23,
9493,Customer_9493,Pakistan,2024-02-01,1
9494,Customer_9494,Pakistan,2022-05-15,0
9495,Customer_9495,UAE,2022-07-17,0
9496,Customer_9496,India,2023-07-01,0
9497,Customer_9497,India,2024-02-03,1
9498,Customer_9498,India,2023-12-13,
9499,Customer_9499,,2024-05-17,0
9500,Customer_9500,Pakistan,2022-04-22,1
9501,Customer_9501,India,2022-08-05,0
9502,Customer_9502,UAE,2024-04-06,0
9503,Customer_9503,India,2023-11-17,1
9504,Customer_9504,USA,2023-10-17,0
9505,Customer_9505,India,2022-09-16,0
9506,Customer_9506,India,2023-05-06,0
9507,Customer_9507,Pakistan,2022-09-28,1
9508,Customer_9508,UAE,2023-05-28,1
9509,Customer_9509,Pakistan,2022-03-01,
9510,Customer_9510,Pakistan,2022-04-14,1
9511,Customer_9511,India,2022-10-30,1
9512,Customer_9512,India,2024-02-19,0
9513,Customer_9513,Pakistan,2023-09-23,
9514,Customer_9514,UAE,2022-11-29,1
9515,Customer_9515,UAE,2023-09-05,1
9516,Customer_9516,Pakistan,2024-04-23,1
9517,Customer_9517,India,2022-05-27,1
9518,Customer_9518,UAE,2022-03-22,0
9519,Customer_9519,India,2024-03-01,0
9520,Customer_9520,India,2022-05-19,1
9521,Customer_9521,Pakistan,2023-06-25,1
9522,Customer_9522,UAE,2022-07-11,1
9523,Customer_9523,USA,2023-12-06,0
9524,Customer_9524,UAE,2024-06-10,0
9525,Customer_9525,Pakistan,2022-12-14,1
9526,Customer_9526,India,2024-03-13,1
9527,Customer_9527,USA,2023-06-19,1
9528,Customer_9528,Pakistan,2023-01-09,0
9529,Customer_9529,,2023-05-06,
9530,Customer_9530,USA,2023-05-28,1
9531,Customer_9531,Pakistan,2022-11-04,1
9532,Customer_9532,USA,2022-07-11,0
9533,Customer_9533,India,2022-05-15,0
9534,Customer_9534,UK,2023-02-25,1
9535,Customer_9535,India,2023-11-09,0
9536,Customer_9536,India,2022-09-19,1
9537,Customer_9537,UAE,2024-05-15,1
9538,Customer_9538,UK,2022-07-15,1
9539,Customer_9539,Pakistan,2024-02-13,0
9540,Customer_9540,India,2022-08-30,0
9541,Customer_9541,Pakistan,2023-07-17,
9542,Customer_9542,Pakistan,2022-02-11,1
9543,Customer_9543,Pakistan,2022-01-09,0
9544,Customer_9544,India,2023-09-16,0
9545,Customer_9545,Pakistan,2023-03-05,
9546,Customer_9546,Pakistan,2023-05-31,0
9547,Customer_9547,Pakistan,2022-06-17,1
9548,Customer_9548,Pakistan,2023-05-11,0
9549,Customer_9549,India,2024-04-04,1
9550,Customer_9550,,2022-02-26,1
9551,Customer_9551,Pakistan,2022-10-24,1
9552,Customer_9552,USA,2022-12-01,0
9553,Customer_9553,UAE,2022-07-14,1
9554,Customer_9554,UAE,2023-10-24,0
9555,Customer_9555,UAE,2023-02-08,
9556,Customer_9556,UK,2023-02-10,1
9557,Customer_9557,Pakistan,2022-11-15,1
9558,Customer_9558,India,2024-01-02,0
9559,Customer_9559,UAE,2024-06-14,1
9560,Customer_9560,India,2022-12-30,0
9561,Customer_9561,UK,2022-10-13,0
9562,Customer_9562,Pakistan,2022-11-20,0
9563,Customer_9563,UAE,2022-11-18,0
9564,Customer_9564,India,2024-01-03,0
9565,Customer_9565,India,2022-08-08,0
9566,Customer_9566,Pakistan,2023-09-20,1
9567,Customer_9567,UAE,2022-12-08,0
9568,Customer_9568,USA,2022-08-07,1
9569,Customer_9569,India,2022-01-08,0
9570,Customer_9570,UK,2022-04-26,1
9571,Customer_9571,India,2022-09-15,1
9572,Customer_9572,Pakistan,2023-08-01,
9573,Customer_9573,Pakistan,2022-11-03,1
9574,Customer_9574,Pakistan,2022-07-22,1
9575,Customer_9575,India,2022-08-26,1
9576,Customer_9576,Pakistan,2024-02-01,0
9577,Customer_9577,UAE,2022-06-20,1
9578,Customer_9578,UAE,2023-07-09,0
9579,Customer_9579,Pakistan,2022-05-18,0
9580,Customer_9580,Pakistan,2022-04-01,0
9581,Customer_9581,Pakistan,2024-06-03,1
9582,Customer_9582,India,2023-05-22,1
9583,Customer_9583,Pakistan,2023-06-07,1
9584,Customer_9584,Pakistan,2024-02-06,1
9585,Customer_9585,USA,2022-01-27,0
9586,Customer_9586,UK,2024-06-15,1
9587,Customer_9587,Pakistan,2022-02-02,1
9588,Customer_9588,India,2023-06-03,
9589,Customer_9589,India,2022-02-19,1
9590,Customer_9590,UK,2024-04-24,1
9591,Customer_9591,India,2023-01-06,1
9592,Customer_9592,Pakistan,2023-10-29,0
9593,Customer_9593,UAE,2022-04-12,0
9594,Customer_9594,India,2024-02-22,0
9595,Customer_9595,Pakistan,2023-02-28,0
9596,Customer_9596,India,2022-07-11,1
9597,Customer_9597,India,2024-01-19,
9598,Customer_9598,Pakistan,2024-02-17,0
9599,Customer_9599,Pakistan,2022-03-25,1
9600,Customer_9600,India,2022-12-16,1
9601,Customer_9601,Pakistan,2022-10-24,0
9602,Customer_9602,UK,2023-01-29,0
9603,Customer_9603,Pakistan,2023-12-29,1
9604,Customer_9604,Pakistan,2023-08-07,1
9605,Customer_9605,UAE,2022-05-06,
9606,Customer_9606,UK,2024-05-27,0
9607,Customer_9607,UK,2023-02-16,1
9608,Customer_9608,India,2023-11-24,0
9609,Customer_9609,Pakistan,2022-07-10,1
9610,Customer_9610,UAE,2023-12-22,1
9611,Customer_9611,UAE,2022-08-21,0
9612,Customer_9612,Pakistan,2023-05-06,0
9613,Customer_9613,USA,2024-02-23,0
9614,Customer_9614,Pakistan,2023-10-15,0
9615,Customer_9615,,2022-08-24,1
9616,Customer_9616,USA,2023-02-07,0
9617,Customer_9617,UAE,2022-08-20,1
9618,Customer_9618,USA,2023-09-19,0
9619,Customer_9619,UAE,2022-11-07,1
9620,Customer_9620,Pakistan,2024-01-18,1
9621,Customer_9621,India,2022-06-22,1
9622,Customer_9622,Pakistan,2022-10-10,1
9623,Customer_9623,India,2022-03-02,0
9624,Customer_9624,UAE,2023-10-29,1
9625,Customer_9625,India,2023-07-02,0
9626,Customer_9626,Pakistan,2024-02-11,0
9627,Customer_9627,India,2023-05-04,0
9628,Customer_9628,USA,2022-06-20,1
9629,Customer_9629,Pakistan,2023-11-16,1
9630,Customer_9630,India,2022-09-17,1
9631,Customer_9631,Pakistan,2023-09-20,0
9632,Customer_9632,UAE,2022-01-21,0
9633,Customer_9633,Pakistan,2022-02-18,
9634,Customer_9634,UAE,2023-05-01,1
9635,Customer_9635,Pakistan,2022-01-27,0
9636,Customer_9636,Pakistan,2023-01-18,1
9637,Customer_9637,USA,2022-05-16,0
9638,Customer_9638,Pakistan,2023-02-15,0
9639,Customer_9639,India,2023-08-30,0
9640,Customer_9640,Pakistan,2024-06-13,0
9641,Customer_9641,India,2023-12-18,0
9642,Customer_9642,India,2023-11-06,1
9643,Customer_9643,Pakistan,2023-04-07,1
9644,Customer_9644,Pakistan,2024-05-16,1
9645,Customer_9645,India,2024-01-05,1
9646,Customer_9646,UAE,2023-08-08,
9647,Customer_9647,UK,2024-01-28,0
9648,Customer_9648,India,2022-03-31,1
9649,Customer_9649,India,2023-10-07,1
9650,Customer_9650,Pakistan,2022-01-28,0
9651,Customer_9651,Pakistan,2023-11-28,0
9652,Customer_9652,Pakistan,2023-12-10,1
9653,Customer_9653,Pakistan,2022-02-20,1
9654,Customer_9654,Pakistan,2022-10-26,0
9655,Customer_9655,India,2023-07-05,1
9656,Customer_9656,India,2022-02-15,1
9657,Customer_9657,USA,2023-12-10,0
9658,Customer_9658,Pakistan,2024-03-25,1
9659,Customer_9659,UAE,2022-04-23,1
9660,Customer_9660,UK,2023-11-07,1
9661,Customer_9661,India,2023-05-20,
9662,Customer_9662,Pakistan,2023-06-18,0
9663,Customer_9663,Pakistan,2023-02-09,0
9664,Customer_9664,Pakistan,2022-01-01,0
9665,Customer_9665,Pakistan,2023-10-06,1
9666,Customer_9666,UAE,2023-06-19,1
9667,Customer_9667,Pakistan,2024-03-26,1
9668,Customer_9668,Pakistan,2024-02-05,0
9669,Customer_9669,UAE,2022-11-20,0
9670,Customer_9670,UK,2023-08-02,1
9671,Customer_9671,India,2023-03-17,1
9672,Customer_9672,UAE,2022-07-14,1
9673,Customer_9673,India,2024-03-24,1
9674,Customer_9674,Pakistan,2024-03-13,1
9675,Customer_9675,India,2022-05-04,0
9676,Customer_9676,India,2024-04-12,0
9677,Customer_9677,USA,2022-03-11,1
9678,Customer_9678,Pakistan,2022-01-28,1
9679,Customer_9679,India,2024-05-28,0
9680,Customer_9680,Pakistan,2024-02-21,
9681,Customer_9681,India,2023-03-07,1
9682,Customer_9682,Pakistan,2024-03-26,0
9683,Customer_9683,Pakistan,2022-04-23,1
9684,Customer_9684,UK,2023-03-20,
9685,Customer_9685,India,2023-03-29,0
9686,Customer_9686,India,2022-11-28,1
9687,Customer_9687,Pakistan,2022-04-15,1
9688,Customer_9688,Pakistan,2024-02-19,0
9689,Customer_9689,India,2023-02-02,1
9690,Customer_9690,UK,2024-05-31,0
9691,Customer_9691,,2023-09-11,0
9692,Customer_9692,India,2023-01-05,0
9693,Customer_9693,India,2023-10-17,0
9694,Customer_9694,UK,2022-03-19,0
9695,Customer_9695,India,2023-04-21,1
9696,Customer_9696,India,2024-01-31,0
9697,Customer_9697,Pakistan,2022-07-12,1
9698,Customer_9698,UAE,2022-02-01,1
9699,Customer_9699,India,2024-04-03,0
9700,Customer_9700,UK,2022-11-16,1
9701,Customer_9701,UK,2024-01-31,1
9702,Customer_9702,Pakistan,2023-11-13,1
9703,Customer_9703,UAE,2022-09-15,0
9704,Customer_9704,UK,2022-03-13,1
9705,Customer_9705,Pakistan,2023-02-13,
9706,Customer_9706,Pakistan,2022-08-18,0
9707,Customer_9707,Pakistan,2022-09-15,0
9708,Customer_9708,India,2022-08-09,1
9709,Customer_9709,India,2022-09-30,0
9710,Customer_9710,India,2022-08-07,1
9711,Customer_9711,Pakistan,2023-02-06,0
9712,Customer_9712,USA,2022-01-17,0
9713,Customer_9713,Pakistan,2022-04-11,1
9714,Customer_9714,Pakistan,2023-06-28,0
9715,Customer_9715,India,2022-04-18,0
9716,Customer_9716,India,2022-04-22,0
9717,Customer_9717,Pakistan,2022-09-14,0
9718,Customer_9718,Pakistan,2023-05-08,1
9719,Customer_9719,Pakistan,2023-10-08,
9720,Customer_9720,UAE,2023-08-14,0
9721,Customer_9721,UK,2022-11-21,1
9722,Customer_9722,India,2023-12-11,0
9723,Customer_9723,UAE,2022-02-12,1
9724,Customer_9724,UAE,2022-09-20,0
9725,Customer_9725,Pakistan,2024-01-13,0
9726,Customer_9726,,2022-02-05,1
9727,Customer_9727,UK,2022-01-22,0
9728,Customer_9728,Pakistan,2024-01-18,0
9729,Customer_9729,Pakistan,2024-02-16,1
9730,Customer_9730,Pakistan,2024-04-19,1
9731,Customer_9731,Pakistan,2024-02-03,1
9732,Customer_9732,UAE,2023-03-08,1
9733,Customer_9733,India,2022-12-20,1
9734,Customer_9734,UK,2024-01-30,0
9735,Customer_9735,UAE,2022-07-06,0
9736,Customer_9736,UAE,2023-11-17,1
9737,Customer_9737,UAE,2023-06-07,1
9738,Customer_9738,Pakistan,2022-08-02,1
9739,Customer_9739,Pakistan,2023-05-18,1
9740,Customer_9740,UAE,2023-03-11,0
9741,Customer_9741,Pakistan,2023-12-07,0
9742,Customer_9742,Pakistan,2023-07-07,0
9743,Customer_9743,USA,2023-02-14,1
9744,Customer_9744,UAE,2024-04-16,1
9745,Customer_9745,Pakistan,2022-01-14,1
9746,Customer_9746,UAE,2024-03-07,1
9747,Customer_9747,UK,2024-04-29,1
9748,Customer_9748,Pakistan,2024-01-14,1
9749,Customer_9749,Pakistan,2022-12-22,
9750,Customer_9750,USA,2023-09-01,1
9751,Customer_9751,Pakistan,2022-01-12,
9752,Customer_9752,Pakistan,2023-05-10,0
9753,Customer_9753,India,2024-01-15,0
9754,Customer_9754,UK,2022-09-08,1
9755,Customer_9755,Pakistan,2022-08-11,
9756,Customer_9756,Pakistan,2022-09-26,0
9757,Customer_9757,Pakistan,2023-12-24,0
9758,Customer_9758,,2024-01-21,1
9759,Customer_9759,Pakistan,2022-05-08,1
9760,Customer_9760,India,2024-03-03,0
9761,Customer_9761,USA,2023-11-16,1
9762,Customer_9762,Pakistan,2022-12-29,
9763,Customer_9763,,2024-05-28,1
9764,Customer_9764,USA,2023-09-15,0
9765,Customer_9765,USA,2023-01-10,0
9766,Customer_9766,Pakistan,2022-09-28,0
9767,Customer_9767,UAE,2024-03-22,0
9768,Customer_9768,UK,2023-10-10,0
9769,Customer_9769,,2024-05-23,1
9770,Customer_9770,Pakistan,2022-07-10,0
9771,Customer_9771,UK,2022-09-26,1
9772,Customer_9772,Pakistan,2023-08-20,
9773,Customer_9773,Pakistan,2023-05-26,0
9774,Customer_9774,India,2022-12-28,
9775,Customer_9775,UK,2024-04-08,1
9776,Customer_9776,India,2023-02-19,1
9777,Customer_9777,India,2022-09-10,0
9778,Customer_9778,,2022-05-21,1
9779,Customer_9779,India,2024-02-24,0
9780,Customer_9780,UAE,2024-04-04,1
9781,Customer_9781,India,2022-07-20,0
9782,Customer_9782,India,2024-04-11,1
9783,Customer_9783,UAE,2022-05-18,0
9784,Customer_9784,USA,2023-04-05,0
9785,Customer_9785,India,2023-10-31,1
9786,Customer_9786,UK,2024-02-24,1
9787,Customer_9787,Pakistan,2022-09-11,0
9788,Customer_9788,Pakistan,2023-12-02,0
9789,Customer_9789,India,2024-02-22,1
9790,Customer_9790,Pakistan,2022-05-26,1
9791,Customer_9791,Pakistan,2023-01-16,0
9792,Customer_9792,India,2022-09-20,1
9793,Customer_9793,Pakistan,2022-02-23,1
9794,Customer_9794,Pakistan,2024-02-07,0
9795,Customer_9795,India,2022-08-29,1
9796,Customer_9796,India,2024-04-27,1
9797,Customer_9797,USA,2023-07-23,1
9798,Customer_9798,UAE,2022-05-30,0
9799,Customer_9799,India,2022-01-06,1
9800,Customer_9800,USA,2024-06-12,0
9801,Customer_9801,UK,2023-02-23,
9802,Customer_9802,Pakistan,2022-09-01,0
9803,Customer_9803,Pakistan,2023-04-02,1
9804,Customer_9804,UAE,2022-03-17,1
9805,Customer_9805,India,2022-05-27,0
9806,Customer_9806,UK,2022-03-14,1
9807,Customer_9807,UAE,2023-12-16,1
9808,Customer_9808,UAE,2022-05-19,0
9809,Customer_9809,,2022-10-06,1
9810,Customer_9810,India,2024-01-21,1
9811,Customer_9811,Pakistan,2022-01-14,0
9812,Customer_9812,UK,2023-07-14,
9813,Customer_9813,Pakistan,2023-08-22,1
9814,Customer_9814,UK,2024-05-03,0
9815,Customer_9815,,2023-11-01,1
9816,Customer_9816,UAE,2024-02-14,0
9817,Customer_9817,India,2022-06-09,1
9818,Customer_9818,India,2022-06-25,
9819,Customer_9819,India,2023-09-16,0
9820,Customer_9820,India,2023-06-07,1
9821,Customer_9821,UAE,2023-06-02,1
9822,Customer_9822,UK,2022-07-10,0
9823,Customer_9823,UAE,2023-05-16,
9824,Customer_9824,Pakistan,2024-02-10,1
9825,Customer_9825,India,2022-06-01,1
9826,Customer_9826,UK,2022-01-01,1
9827,Customer_9827,India,2022-11-12,0
9828,Customer_9828,India,2023-02-23,0
9829,Customer_9829,UK,2024-02-01,
9830,Customer_9830,UAE,2022-04-26,1
9831,Customer_9831,India,2024-06-13,1
9832,Customer_9832,USA,2023-03-08,0
9833,Customer_9833,Pakistan,2022-03-16,1
9834,Customer_9834,,2023-09-16,
9835,Customer_9835,Pakistan,2023-02-02,0
9836,Customer_9836,Pakistan,2022-10-30,0
9837,Customer_9837,USA,2023-10-16,1
9838,Customer_9838,Pakistan,2023-01-28,0
9839,Customer_9839,UAE,2022-08-15,0
9840,Customer_9840,UK,2023-04-16,1
9841,Customer_9841,USA,2024-05-25,
9842,Customer_9842,,2022-04-03,1
9843,Customer_9843,Pakistan,2023-01-27,1
9844,Customer_9844,UAE,2022-01-08,1
9845,Customer_9845,Pakistan,2023-06-01,1
9846,Customer_9846,India,2023-07-22,0
9847,Customer_9847,UK,2023-09-01,0
9848,Customer_9848,India,2024-02-10,0
9849,Customer_9849,India,2023-04-18,0
9850,Customer_9850,India,2023-04-01,0
9851,Customer_9851,UAE,2022-07-28,0
9852,Customer_9852,,2022-12-01,0
9853,Customer_9853,Pakistan,2024-06-01,0
9854,Customer_9854,India,2023-04-25,1
9855,Customer_9855,USA,2023-04-18,0
9856,Customer_9856,India,2022-10-21,1
9857,Customer_9857,Pakistan,2022-04-02,0
9858,Customer_9858,India,2023-12-03,1
9859,Customer_9859,Pakistan,2022-03-09,
9860,Customer_9860,Pakistan,2024-03-22,1
9861,Customer_9861,UK,2023-10-04,1
9862,Customer_9862,India,2022-06-05,
9863,Customer_9863,USA,2023-02-09,0
9864,Customer_9864,UK,2022-11-08,
9865,Customer_9865,UAE,2024-03-31,1
9866,Customer_9866,Pakistan,2023-09-19,1
9867,Customer_9867,India,2023-07-21,0
9868,Customer_9868,Pakistan,2023-05-09,1
9869,Customer_9869,USA,2022-04-22,1
9870,Customer_9870,Pakistan,2023-04-09,1
9871,Customer_9871,Pakistan,2022-10-18,1
9872,Customer_9872,India,2022-11-16,0
9873,Customer_9873,Pakistan,2024-05-28,0
9874,Customer_9874,Pakistan,2022-08-20,0
9875,Customer_9875,India,2023-04-12,0
9876,Customer_9876,Pakistan,2023-11-03,0
9877,Customer_9877,Pakistan,2022-07-02,0
9878,Customer_9878,India,2022-09-05,0
9879,Customer_9879,UAE,2024-04-14,1
9880,Customer_9880,India,2022-08-30,0
9881,Customer_9881,India,2023-02-05,
9882,Customer_9882,India,2024-02-17,1
9883,Customer_9883,India,2023-11-30,1
9884,Customer_9884,USA,2022-05-31,0
9885,Customer_9885,Pakistan,2022-11-01,1
9886,Customer_9886,UAE,2023-10-07,1
9887,Customer_9887,USA,2022-11-30,
9888,Customer_9888,UK,2023-10-25,1
9889,Customer_9889,Pakistan,2023-10-27,1
9890,Customer_9890,Pakistan,2022-10-17,1
9891,Customer_9891,UAE,2023-09-09,0
9892,Customer_9892,Pakistan,2024-03-26,0
9893,Customer_9893,UK,2023-04-12,1
9894,Customer_9894,UAE,2023-09-03,0
9895,Customer_9895,UAE,2022-02-14,0
9896,Customer_9896,Pakistan,2024-03-14,1
9897,Customer_9897,UAE,2023-06-01,0
9898,Customer_9898,UAE,2023-03-29,1
9899,Customer_9899,UK,2024-02-09,
9900,Customer_9900,Pakistan,2023-05-04,0
9901,Customer_9901,Pakistan,2023-04-11,0
9902,Customer_9902,India,2023-11-30,0
9903,Customer_9903,Pakistan,2024-01-13,0
9904,Customer_9904,India,2022-03-28,0
9905,Customer_9905,USA,2023-11-14,0
9906,Customer_9906,India,2022-12-25,0
9907,Customer_9907,UK,2023-04-23,0
9908,Customer_9908,Pakistan,2023-12-05,1
9909,Customer_9909,Pakistan,2022-06-22,1
9910,Customer_9910,Pakistan,2022-07-08,1
9911,Customer_9911,Pakistan,2023-03-19,1
9912,Customer_9912,USA,2023-03-22,0
9913,Customer_9913,Pakistan,2022-09-20,1
9914,Customer_9914,UAE,2024-01-18,0
9915,Customer_9915,India,2022-01-30,0
9916,Customer_9916,USA,2023-09-21,1
9917,Customer_9917,Pakistan,2023-08-23,0
9918,Customer_9918,Pakistan,2022-03-10,0
9919,Customer_9919,Pakistan,2023-03-04,1
9920,Customer_9920,India,2022-09-07,
9921,Customer_9921,Pakistan,2024-05-13,0
9922,Customer_9922,USA,2023-02-05,0
9923,Customer_9923,UAE,2022-02-09,1
9924,Customer_9924,UAE,2024-05-04,1
9925,Customer_9925,India,2022-02-06,0
9926,Customer_9926,Pakistan,2023-03-12,1
9927,Customer_9927,India,2022-11-17,
9928,Customer_9928,,2022-05-25,0
9929,Customer_9929,UK,2022-09-25,
9930,Customer_9930,USA,2022-06-29,
9931,Customer_9931,UK,2024-02-27,0
9932,Customer_9932,Pakistan,2022-02-02,1
9933,Customer_9933,Pakistan,2022-10-19,0
9934,Customer_9934,Pakistan,2024-04-11,1
9935,Customer_9935,Pakistan,2022-10-02,1
9936,Customer_9936,Pakistan,2022-09-30,0
9937,Customer_9937,India,2023-01-17,1
9938,Customer_9938,UAE,2022-02-23,1
9939,Customer_9939,USA,2022-02-17,0
9940,Customer_9940,UAE,2023-07-28,0
9941,Customer_9941,USA,2024-06-09,0
9942,Customer_9942,Pakistan,2022-06-05,1
9943,Customer_9943,Pakistan,2023-02-20,
9944,Customer_9944,UAE,2023-05-17,1
9945,Customer_9945,Pakistan,2022-04-04,0
9946,Customer_9946,Pakistan,2022-04-25,1
9947,Customer_9947,Pakistan,2022-07-09,0
9948,Customer_9948,Pakistan,2024-02-29,0
9949,Customer_9949,India,2022-07-12,1
9950,Customer_9950,India,2023-02-23,1
9951,Customer_9951,India,2023-10-21,1
9952,Customer_9952,UAE,2022-03-31,
9953,Customer_9953,India,2024-01-30,1
9954,Customer_9954,Pakistan,2022-03-25,1
9955,Customer_9955,Pakistan,2023-01-31,0
9956,Customer_9956,Pakistan,2024-04-06,
9957,Customer_9957,UAE,2022-09-23,1
9958,Customer_9958,UK,2022-02-27,1
9959,Customer_9959,UAE,2022-11-19,0
9960,Customer_9960,Pakistan,2023-02-07,1
9961,Customer_9961,India,2024-01-16,1
9962,Customer_9962,India,2024-05-01,0
9963,Customer_9963,India,2022-10-09,1
9964,Customer_9964,India,2022-03-08,
9965,Customer_9965,India,2022-09-06,0
9966,Customer_9966,India,2023-02-12,0
9967,Customer_9967,UAE,2024-01-15,1
9968,Customer_9968,Pakistan,2023-08-20,0
9969,Customer_9969,UAE,2022-04-13,1
9970,Customer_9970,Pakistan,2022-07-17,1
9971,Customer_9971,Pakistan,2022-05-17,0
9972,Customer_9972,,2022-10-23,1
9973,Customer_9973,,2023-02-13,1
9974,Customer_9974,Pakistan,2023-05-19,1
9975,Customer_9975,India,2023-06-25,1
9976,Customer_9976,Pakistan,2022-03-27,1
9977,Customer_9977,India,2023-05-18,0
9978,Customer_9978,UK,2023-02-12,0
9979,Customer_9979,,2023-10-21,0
9980,Customer_9980,UAE,2023-01-13,0
9981,Customer_9981,India,2023-07-18,1
9982,Customer_9982,UAE,2022-03-29,1
9983,Customer_9983,Pakistan,2023-06-13,1
9984,Customer_9984,USA,2023-06-11,0
9985,Customer_9985,USA,2023-12-06,0
9986,Customer_9986,India,2024-02-29,1
9987,Customer_9987,Pakistan,2022-07-06,0
9988,Customer_9988,Pakistan,2022-06-01,1
9989,Customer_9989,Pakistan,2023-12-09,0
9990,Customer_9990,UK,2023-03-10,
9991,Customer_9991,India,2023-12-11,1
9992,Customer_9992,Pakistan,2023-01-01,1
9993,Customer_9993,India,2022-06-05,0
9994,Customer_9994,UK,2023-05-19,1
9995,Customer_9995,Pakistan,2023-02-01,
9996,Customer_9996,USA,2023-12-16,1
9997,Customer_9997,USA,2022-05-12,0
9998,Customer_9998,USA,2023-11-14,0
9999,Customer_9999,India,2022-05-13,0
10000,Customer_10000,Pakistan,2023-12-08,0
