order_id,customer_id,product_id,order_date,quantity,order_status
1,5871,58,2024-08-01,1,Completed
2,1309,3,2023-06-01,1,Returned
3,718,7,2024-07-06,4,Cancelled
4,9162,52,2024-05-15,2,Pending
5,3346,62,2024-01-26,3,Completed
6,7215,2,2024-06-21,4,Pending
7,7683,33,2024-03-23,1,Completed
8,2719,12,2023-04-27,1,Completed
9,9096,48,2024-04-13,4,Completed
10,9643,76,2023-11-15,1,Completed
11,1456,53,2024-01-24,1,Returned
12,7298,74,2023-08-01,1,Completed
13,7036,41,2023-04-06,2,Completed
14,4231,91,2024-02-02,1,Cancelled
15,532,82,2023-11-03,3,Returned
16,2268,58,2023-10-02,,Returned
17,333,68,2024-02-06,1,Cancelled
18,5250,23,2023-01-08,4,Completed
19,7200,85,2023-01-18,1,Completed
20,5722,36,2024-08-10,1,Completed
21,9514,94,2023-11-09,2,Returned
22,8013,85,2023-09-06,,Cancelled
23,7929,87,2023-10-27,,Completed
24,9901,21,2023-09-26,1,Cancelled
25,6501,72,2023-10-30,1,Completed
26,401,55,2023-12-01,,Returned
27,7040,56,2023-08-23,1,Returned
28,3992,13,2024-06-16,3,Completed
29,9671,22,2023-06-16,1,Returned
30,1058,7,2023-03-15,3,Pending
31,7934,24,2024-04-16,2,Completed
32,2994,61,2024-07-16,2,Completed
33,8234,5,2023-04-08,4,Completed
34,27,50,2024-03-18,1,Completed
35,3534,62,2024-08-14,2,Completed
36,2619,55,2023-09-13,2,Completed
37,9363,26,2024-07-10,1,Completed
38,6640,10,2023-09-01,1,Completed
39,6630,11,2023-10-15,1,Cancelled
40,7628,40,2024-07-28,1,Completed
41,7043,11,2024-04-23,,Completed
42,8903,94,2023-12-26,2,Completed
43,2019,4,2024-07-21,2,Completed
44,4879,2,2024-06-16,3,Cancelled
45,2899,77,2023-07-30,3,Completed
46,6076,39,2024-08-21,2,
47,2048,81,2023-09-04,2,Completed
48,5203,23,2023-12-18,2,Cancelled
49,1559,45,2023-07-31,1,Pending
50,1723,74,2023-08-26,4,Completed
51,4053,77,2023-06-29,4,Cancelled
52,1652,42,2024-01-06,3,Completed
53,5223,42,2023-02-04,2,Completed
54,1779,29,2024-03-31,3,Cancelled
55,684,16,2024-05-11,2,Completed
56,9472,67,2024-03-01,1,Cancelled
57,2011,100,2023-10-17,1,Completed
58,9408,60,2023-11-28,4,Returned
59,2583,4,2023-01-10,3,Pending
60,8506,100,2024-04-22,1,Pending
61,7444,16,2023-09-23,2,Completed
62,5493,41,2024-05-20,2,Completed
63,444,6,2024-03-26,3,
64,1672,42,2024-02-02,3,Cancelled
65,3267,57,2023-11-14,2,Completed
66,7426,28,2023-02-20,,Completed
67,5910,100,2024-05-06,4,Completed
68,7015,23,2023-05-19,4,Completed
69,5480,76,2023-06-30,2,Completed
70,7820,42,2023-07-05,2,Completed
71,5142,95,2023-01-18,2,Completed
72,716,12,2023-05-25,2,Pending
73,892,96,2023-11-09,4,Cancelled
74,3808,89,2023-07-02,1,Completed
75,501,64,2024-08-18,4,Completed
76,2641,58,2024-01-16,2,Cancelled
77,9546,51,2024-02-19,1,Completed
78,8895,29,2023-11-12,2,Completed
79,2334,19,2024-07-15,1,Cancelled
80,2195,86,2023-06-18,1,Completed
81,6938,88,2024-01-22,4,Completed
82,8576,97,2023-11-04,3,Returned
83,9078,100,2023-10-31,1,Completed
84,1592,45,2023-09-15,,Completed
85,5060,54,2024-06-30,1,Completed
86,4399,80,2023-08-09,2,Completed
87,4441,66,2024-03-14,1,Returned
88,1784,72,2023-03-13,1,Returned
89,5386,13,2023-01-18,1,Cancelled
90,4118,94,2023-09-05,4,Pending
91,6983,65,2023-07-15,,Completed
92,2584,12,2024-08-20,4,Completed
93,9922,71,2023-05-07,3,Completed
94,8455,14,2024-08-10,3,Completed
95,2431,42,2024-08-08,2,Completed
96,5670,99,2023-03-08,2,Returned
97,7061,92,2024-01-18,3,Completed
98,8584,76,2023-01-14,,Completed
99,2937,48,2023-06-27,1,Returned
100,8732,24,2023-11-08,2,Completed
101,9308,65,2023-04-30,2,
102,6710,17,2024-04-16,2,Completed
103,9076,38,2024-05-21,3,Completed
104,4324,28,2023-05-10,2,Pending
105,6617,33,2023-08-03,1,Pending
106,2420,24,2024-01-01,2,Completed
107,1400,70,2023-07-30,3,Completed
108,9769,85,2024-02-10,2,Completed
109,2085,4,2024-05-27,4,Completed
110,7805,33,2024-04-15,2,Cancelled
111,6988,10,2023-09-29,1,Completed
112,5157,36,2023-03-13,1,Completed
113,5310,77,2024-08-23,1,Returned
114,1536,100,2024-02-22,1,
115,4754,73,2024-04-04,2,Completed
116,8282,31,2023-11-29,3,Completed
117,7049,4,2024-04-04,2,Completed
118,4191,84,2024-03-06,4,Returned
119,1655,8,2024-06-28,1,Completed
120,7554,27,2023-02-05,1,Completed
121,7453,36,2023-09-28,1,Completed
122,8558,9,2024-06-13,,Completed
123,3961,43,2023-10-02,2,Completed
124,6835,24,2023-08-30,2,Completed
125,5092,37,2024-02-18,1,Cancelled
126,519,41,2023-08-20,3,Completed
127,3711,94,2024-06-05,3,Pending
128,830,26,2024-05-20,2,Completed
129,6628,4,2023-07-23,3,Completed
130,8463,1,2023-09-08,2,Completed
131,7989,20,2023-01-23,1,Completed
132,2987,92,2024-03-10,3,Completed
133,6776,45,2023-08-28,,Completed
134,6691,88,2023-12-21,3,Completed
135,4815,92,2023-12-27,1,Completed
136,9200,92,2023-04-27,1,Cancelled
137,8797,69,2023-02-26,,Returned
138,177,96,2023-04-02,2,Completed
139,9907,52,2023-05-16,4,Cancelled
140,8829,94,2024-02-16,3,Returned
141,6171,64,2024-07-24,3,Returned
142,2624,21,2024-03-01,1,Completed
143,2779,80,2023-10-02,1,Completed
144,3753,72,2023-11-29,2,Completed
145,8853,76,2023-07-24,,Completed
146,4366,96,2024-08-17,1,Completed
147,4341,25,2023-05-30,2,Completed
148,4756,67,2024-07-04,3,Completed
149,8277,26,2024-07-22,2,Completed
150,3671,100,2023-05-31,2,Cancelled
151,9099,81,2023-12-14,3,Completed
152,3522,27,2023-11-24,4,Completed
153,1876,52,2023-01-30,2,Pending
154,3959,63,2024-05-29,4,Completed
155,2137,86,2023-03-07,2,Pending
156,9046,45,2023-10-09,3,Returned
157,507,58,2023-12-26,1,Completed
158,8600,38,2023-09-20,2,Completed
159,5391,35,2023-08-04,1,Completed
160,8716,46,2023-06-09,2,Pending
161,5614,71,2024-07-25,1,
162,6751,3,2023-07-30,4,Completed
163,3051,6,2023-02-07,3,Completed
164,7093,13,2023-01-23,4,Completed
165,2398,46,2023-05-01,2,Completed
166,7913,79,2024-05-05,4,
167,8520,90,2023-04-12,4,
168,1310,33,2023-12-19,2,Completed
169,7203,79,2023-09-11,2,Completed
170,7701,62,2024-04-16,2,Completed
171,4719,63,2023-01-18,1,Completed
172,5951,56,2023-05-29,,Pending
173,756,39,2023-12-28,2,Returned
174,146,60,2024-02-10,2,Completed
175,5117,78,2023-01-22,4,Completed
176,3575,83,2023-11-24,1,
177,9820,92,2023-03-05,1,Cancelled
178,4924,24,2024-06-11,1,Completed
179,1859,50,2024-01-06,2,Completed
180,4723,33,2023-02-02,1,Completed
181,3599,76,2024-04-24,3,Completed
182,630,74,2024-03-22,2,Completed
183,3519,7,2023-02-27,2,Completed
184,6559,46,2024-02-03,1,Cancelled
185,4353,62,2023-06-19,1,Returned
186,7430,1,2023-01-04,3,Completed
187,9097,79,2024-06-28,1,Completed
188,5556,65,2023-11-24,4,Cancelled
189,7998,45,2023-07-06,1,Completed
190,108,84,2023-11-08,3,Pending
191,9235,55,2024-04-01,3,Completed
192,9581,66,2024-05-12,2,Completed
193,9869,67,2023-09-04,,Completed
194,5499,100,2023-10-15,2,Returned
195,4256,80,2023-05-26,4,Completed
196,4196,54,2023-10-04,1,Pending
197,8457,93,2023-07-14,2,Cancelled
198,3822,100,2023-01-11,1,Pending
199,677,63,2024-05-27,3,
200,5179,54,2024-06-13,3,Completed
201,5567,52,2023-04-02,2,Completed
202,3970,54,2024-08-04,3,Completed
203,5421,67,2023-12-03,4,Completed
204,608,37,2024-01-01,4,Completed
205,5675,12,2023-05-24,1,Pending
206,5889,59,2023-04-05,2,
207,5333,20,2023-09-16,2,Cancelled
208,7357,87,2024-01-13,1,Completed
209,6787,86,2023-02-12,2,Returned
210,2395,32,2023-01-06,1,Cancelled
211,8071,71,2023-01-27,,Completed
212,9353,86,2023-09-10,4,Completed
213,5150,44,2024-04-14,4,Completed
214,6290,66,2024-06-07,,Completed
215,9684,78,2024-02-09,3,Completed
216,2022,55,2023-07-16,1,Cancelled
217,7785,16,2024-06-03,4,Completed
218,4599,88,2023-03-15,1,Pending
219,3016,71,2023-07-15,1,Pending
220,5311,68,2023-02-03,1,Completed
221,2049,52,2023-09-21,1,Completed
222,5970,37,2023-08-25,4,Cancelled
223,894,46,2023-10-22,4,Completed
224,9280,41,2024-01-06,1,Completed
225,6088,5,2024-03-28,1,Completed
226,2934,66,2023-03-12,1,
227,2282,5,2024-06-07,3,Completed
228,8265,63,2023-01-31,2,Completed
229,1381,3,2024-02-25,,Completed
230,484,8,2024-08-22,1,Returned
231,9222,26,2023-08-22,,Completed
232,3780,74,2023-08-15,1,Cancelled
233,6102,98,2024-02-19,2,Completed
234,4955,100,2023-06-02,1,Returned
235,5954,53,2024-05-08,3,Cancelled
236,6281,76,2023-02-07,1,Completed
237,779,84,2023-06-17,4,Returned
238,3476,29,2023-01-18,1,Cancelled
239,4724,14,2024-01-21,3,Returned
240,6887,5,2023-12-12,1,Completed
241,6714,27,2024-07-27,2,Cancelled
242,8602,68,2023-02-02,1,Completed
243,1060,29,2024-04-13,,Returned
244,6374,3,2023-07-17,1,Completed
245,7395,97,2023-07-16,2,Returned
246,2310,30,2024-02-19,2,Completed
247,1601,100,2024-04-05,3,Completed
248,2234,9,2024-02-11,1,Cancelled
249,9845,1,2024-03-30,4,Completed
250,7354,23,2023-06-30,2,Completed
251,9490,67,2024-06-10,2,Pending
252,352,32,2023-10-10,1,Completed
253,6470,88,2023-07-01,2,Completed
254,8657,6,2024-06-24,2,Pending
255,3167,77,2024-05-01,1,Completed
256,5254,49,2024-03-13,1,Completed
257,2210,15,2023-07-30,3,Returned
258,8748,58,2023-09-13,1,Pending
259,300,53,2023-05-23,1,Cancelled
260,3867,30,2024-08-18,3,Pending
261,8548,76,2024-03-07,1,Completed
262,564,40,2023-04-27,2,Completed
263,4889,59,2024-01-09,3,Cancelled
264,9215,63,2023-07-24,1,Returned
265,1191,48,2024-03-01,2,Cancelled
266,3211,99,2023-09-11,1,Cancelled
267,6379,92,2024-04-16,2,Pending
268,9219,68,2023-02-24,,Completed
269,8448,7,2023-01-10,2,Pending
270,2419,47,2023-01-15,3,Cancelled
271,2564,43,2023-12-10,3,Completed
272,2952,16,2023-04-16,4,Completed
273,7384,22,2024-02-13,3,Returned
274,270,63,2024-03-28,1,Cancelled
275,6620,46,2024-03-25,2,Returned
276,5648,45,2024-03-05,4,Returned
277,9120,41,2023-06-09,2,Completed
278,8256,25,2023-06-26,1,Pending
279,4556,50,2024-06-28,1,Cancelled
280,1043,67,2024-01-31,1,Completed
281,5445,52,2023-11-27,4,Cancelled
282,5004,86,2023-07-13,3,Completed
283,4189,31,2023-05-19,3,Completed
284,9002,37,2024-05-26,2,Returned
285,3089,22,2023-08-21,1,Returned
286,1647,27,2023-01-31,1,Cancelled
287,488,2,2024-01-05,2,Returned
288,3082,22,2023-09-16,1,Completed
289,1748,53,2024-07-09,1,Completed
290,8941,17,2023-09-15,1,Pending
291,528,56,2023-09-15,3,Completed
292,1168,84,2023-08-24,1,Completed
293,4611,88,2023-07-24,2,Returned
294,4473,31,2023-01-07,4,Completed
295,7662,43,2024-02-21,1,
296,5805,72,2023-10-07,2,Completed
297,484,53,2023-10-25,4,Cancelled
298,452,5,2024-05-12,3,Cancelled
299,4070,2,2024-05-08,4,Completed
300,5656,59,2024-05-26,1,Returned
301,7208,4,2024-03-07,,Completed
302,4398,99,2023-05-12,1,Completed
303,5672,34,2024-05-29,,Pending
304,3134,67,2023-03-23,,Cancelled
305,1774,84,2024-02-27,3,Returned
306,5623,73,2023-04-08,3,
307,9191,6,2023-03-28,4,Completed
308,7413,58,2023-08-26,2,Cancelled
309,2066,47,2023-04-06,2,Returned
310,8590,5,2024-04-23,,Pending
311,6333,61,2024-03-06,1,Completed
312,7914,56,2023-12-15,,Pending
313,9996,35,2024-01-28,3,Cancelled
314,1947,95,2023-11-04,4,Completed
315,3416,13,2023-10-30,1,Completed
316,1395,26,2024-05-28,1,Completed
317,2422,86,2023-04-22,,Returned
318,3920,96,2024-04-03,1,Completed
319,7346,64,2024-03-19,3,Pending
320,3084,79,2023-03-13,4,Completed
321,8031,11,2023-04-15,1,Completed
322,8121,62,2023-06-12,3,
323,1845,80,2024-04-25,1,Completed
324,1805,47,2024-06-08,2,Cancelled
325,9082,70,2024-02-04,2,Completed
326,2504,75,2023-10-10,3,Completed
327,1894,58,2024-06-03,4,Completed
328,1667,10,2024-08-16,1,Pending
329,4345,16,2023-05-06,2,Completed
330,6592,12,2024-04-29,2,Returned
331,3066,71,2023-01-04,2,Completed
332,5076,91,2023-05-31,2,Completed
333,3076,88,2024-04-14,4,Pending
334,1260,50,2024-04-22,,Completed
335,2221,15,2023-01-14,1,
336,5442,59,2023-08-30,3,Pending
337,8979,70,2023-11-20,3,Completed
338,4936,62,2023-03-13,,Completed
339,2448,83,2024-03-17,1,Completed
340,3130,72,2023-02-21,4,Completed
341,1899,62,2023-03-27,,Completed
342,7698,100,2023-11-27,,Pending
343,6692,50,2024-01-23,3,Completed
344,4504,77,2023-05-29,2,Completed
345,3950,54,2024-06-26,3,Cancelled
346,8011,54,2024-05-30,2,Cancelled
347,7440,97,2024-03-25,2,Completed
348,17,96,2024-04-01,2,Completed
349,7960,28,2024-04-06,2,Completed
350,6242,51,2024-04-09,2,Completed
351,7907,74,2023-05-13,1,Completed
352,3023,33,2024-06-20,1,Cancelled
353,1267,1,2023-11-28,2,Completed
354,479,85,2024-05-12,1,Returned
355,4297,69,2024-08-11,4,Completed
356,3978,1,2023-03-18,2,Cancelled
357,6069,55,2023-01-05,4,Completed
358,4275,85,2024-07-30,1,Completed
359,6414,89,2024-02-08,4,Completed
360,7792,84,2024-04-17,,Completed
361,486,45,2024-05-14,2,Cancelled
362,4674,73,2023-02-02,1,Returned
363,338,80,2023-12-16,3,
364,9053,92,2023-12-26,3,Completed
365,6901,40,2023-03-11,1,Pending
366,2004,61,2023-05-28,,Completed
367,1472,36,2024-02-25,2,Completed
368,6728,24,2023-01-01,4,Completed
369,2043,80,2024-03-25,2,Completed
370,1520,14,2023-12-30,1,Completed
371,6490,98,2023-02-12,1,Pending
372,8894,88,2023-07-16,1,Completed
373,4389,75,2023-09-07,,Completed
374,7857,100,2023-01-20,3,Completed
375,9366,1,2023-06-16,4,Completed
376,1606,47,2023-02-27,,Pending
377,5665,76,2023-11-22,1,Completed
378,6940,21,2023-09-08,1,Completed
379,5118,73,2023-04-22,,Pending
380,5380,39,2023-07-26,3,Completed
381,2125,3,2023-12-27,3,Completed
382,4992,16,2023-03-23,2,Cancelled
383,6795,68,2023-01-22,4,Completed
384,1447,26,2024-04-25,2,Returned
385,3307,54,2023-06-26,4,Completed
386,2373,13,2023-02-26,,Completed
387,151,61,2024-03-30,3,Completed
388,1660,20,2023-02-23,2,Pending
389,6140,83,2023-12-20,2,Completed
390,9071,27,2024-03-01,1,
391,7200,2,2023-07-07,3,Completed
392,2320,10,2023-06-05,1,Returned
393,2884,60,2023-05-10,,Returned
394,7804,89,2024-05-04,3,Completed
395,1516,19,2024-05-16,,Completed
396,590,15,2023-09-05,1,Cancelled
397,588,47,2023-02-01,,Completed
398,2620,24,2023-12-27,3,Cancelled
399,5488,16,2023-08-26,4,Completed
400,6224,81,2023-04-06,1,Completed
401,9388,60,2023-04-02,2,Completed
402,4354,80,2023-09-01,3,Completed
403,2606,82,2023-04-27,2,Completed
404,2539,49,2024-05-06,1,Completed
405,8758,4,2023-03-24,,Pending
406,1757,66,2023-07-16,1,Completed
407,1361,49,2024-03-05,1,Completed
408,2374,31,2024-05-18,2,Cancelled
409,1196,66,2024-06-16,,Completed
410,2132,54,2023-04-04,3,Pending
411,8010,2,2023-10-01,2,Completed
412,5644,61,2024-01-25,2,Pending
413,9760,15,2023-04-20,4,Completed
414,3411,60,2023-09-16,1,Completed
415,2368,43,2024-08-16,1,Returned
416,3344,93,2024-03-11,1,Completed
417,7282,98,2024-04-02,2,Cancelled
418,3098,40,2024-06-22,3,Completed
419,9453,96,2024-04-29,3,Completed
420,1334,85,2024-03-18,3,Completed
421,7166,30,2024-06-09,1,Completed
422,3337,63,2023-06-15,1,Completed
423,8158,24,2024-03-09,1,Returned
424,3085,44,2024-01-15,1,Returned
425,3388,14,2024-01-18,1,Pending
426,4714,28,2023-10-13,3,Completed
427,7806,14,2023-07-18,2,Completed
428,5102,56,2024-08-16,4,Completed
429,2432,34,2024-06-10,2,Pending
430,1017,78,2024-02-12,1,Completed
431,642,89,2024-01-23,2,Completed
432,4063,12,2024-06-08,3,Completed
433,8508,56,2023-10-09,4,Completed
434,441,61,2024-07-26,4,Returned
435,1139,61,2024-06-30,2,Cancelled
436,9107,40,2024-02-20,3,
437,5244,20,2024-04-06,1,Completed
438,2304,42,2023-07-01,3,Completed
439,5951,7,2024-03-06,,Completed
440,7047,79,2023-01-21,3,Completed
441,6607,73,2023-01-04,2,Pending
442,3422,68,2024-03-25,3,Completed
443,2079,31,2024-03-25,,Returned
444,6104,87,2023-08-25,1,
445,4151,70,2024-08-13,2,Completed
446,2201,92,2023-06-07,2,Completed
447,4552,76,2023-03-11,1,Completed
448,6430,47,2024-02-07,2,Completed
449,8228,51,2024-02-20,2,Completed
450,9010,58,2024-03-11,1,Completed
451,1947,22,2023-11-17,2,Completed
452,3957,24,2024-06-04,3,Cancelled
453,2226,34,2023-10-06,1,Returned
454,7716,63,2024-02-12,,Completed
455,3326,60,2024-01-22,1,Completed
456,8700,19,2023-08-13,3,Completed
457,3746,24,2023-02-01,1,Completed
458,8161,64,2023-04-14,2,Pending
459,4815,20,2024-07-20,2,
460,8652,98,2023-10-27,3,Completed
461,6104,27,2023-02-12,4,Completed
462,1406,58,2024-04-11,4,Completed
463,6091,44,2023-01-28,2,Completed
464,7288,93,2024-01-13,1,Returned
465,2037,65,2023-05-19,3,Returned
466,6035,46,2023-06-23,2,Pending
467,2678,100,2024-08-20,1,Pending
468,6145,54,2023-05-19,1,Completed
469,1745,39,2023-07-24,2,Completed
470,9424,7,2023-04-25,1,Completed
471,1178,54,2023-09-18,2,Cancelled
472,762,43,2023-11-06,4,Completed
473,4779,20,2023-09-04,2,Completed
474,6459,84,2023-03-16,,Completed
475,5624,25,2023-08-27,1,Completed
476,4715,43,2023-02-07,1,Completed
477,3727,85,2024-06-02,3,Pending
478,9736,73,2024-08-16,4,Cancelled
479,1934,27,2024-03-25,3,Completed
480,3562,92,2024-02-09,3,Completed
481,7180,25,2024-03-08,4,Returned
482,4445,36,2023-02-01,3,Completed
483,2965,98,2024-08-09,4,Cancelled
484,9223,66,2023-11-22,4,Completed
485,7225,9,2023-08-05,1,Returned
486,8782,83,2024-06-10,4,Returned
487,3102,79,2023-05-10,1,Pending
488,3898,53,2024-05-28,,Completed
489,3679,21,2023-05-02,1,Completed
490,1844,50,2023-06-11,2,Completed
491,1939,16,2023-09-03,,Completed
492,8445,66,2024-04-06,1,Completed
493,7867,26,2023-02-24,3,Completed
494,7084,44,2023-01-14,2,Completed
495,5373,29,2023-12-12,1,Pending
496,1467,97,2023-12-21,,Completed
497,736,98,2023-05-17,1,Returned
498,340,46,2023-06-21,4,Completed
499,1377,91,2024-01-24,2,Completed
500,4720,71,2023-11-18,4,Completed
501,705,49,2024-03-21,4,Returned
502,3725,15,2024-08-03,3,Completed
503,8190,17,2024-02-03,,Completed
504,4419,9,2023-02-10,1,Completed
505,5260,77,2023-04-13,4,Cancelled
506,9661,32,2023-09-27,3,Completed
507,553,66,2024-04-30,2,Completed
508,3492,59,2023-02-14,2,Completed
509,790,32,2024-03-30,3,Cancelled
510,1174,84,2023-05-11,3,Completed
511,553,43,2023-11-27,1,Cancelled
512,3423,83,2024-03-17,1,Completed
513,4212,91,2023-04-21,1,
514,8824,100,2023-08-18,1,Cancelled
515,270,59,2024-05-24,1,Cancelled
516,861,30,2024-04-04,2,Completed
517,291,11,2023-04-22,2,Completed
518,9650,80,2023-08-26,4,Returned
519,5871,26,2023-11-29,3,Cancelled
520,630,94,2024-05-29,1,Returned
521,7008,2,2023-02-17,1,Completed
522,5944,34,2023-03-21,3,Completed
523,475,41,2024-02-01,4,Completed
524,4633,86,2024-06-11,3,Completed
525,4081,31,2023-10-03,3,Completed
526,1761,63,2024-05-10,1,Completed
527,4709,55,2023-04-13,2,Completed
528,6921,61,2023-07-05,3,Returned
529,3399,85,2023-03-07,1,Cancelled
530,3562,36,2023-12-17,2,Completed
531,3845,40,2023-06-19,1,Cancelled
532,3805,23,2024-06-21,2,Cancelled
533,9817,26,2023-02-25,3,Cancelled
534,1509,18,2023-05-21,2,Completed
535,4111,79,2023-06-05,2,Pending
536,4854,34,2024-03-21,3,Cancelled
537,6832,86,2024-01-03,,Cancelled
538,8196,28,2024-05-05,3,Completed
539,3448,49,2024-01-18,4,Completed
540,5585,64,2023-05-07,1,Pending
541,3792,71,2023-11-02,2,
542,5082,63,2024-08-18,1,Returned
543,9353,62,2023-01-30,1,Pending
544,834,42,2023-12-09,2,Completed
545,5336,24,2023-03-25,2,Completed
546,5488,35,2024-07-04,3,Pending
547,6261,77,2023-11-05,4,Completed
548,9395,55,2024-02-18,4,Completed
549,2176,49,2023-09-23,1,Returned
550,9574,77,2023-02-11,3,Completed
551,4174,95,2023-06-06,2,Completed
552,2789,59,2024-01-09,4,Completed
553,7461,83,2024-05-25,2,Pending
554,8534,93,2023-03-29,1,Returned
555,9554,22,2024-03-29,3,Cancelled
556,6722,85,2023-12-12,3,
557,4192,61,2023-01-15,,Completed
558,7313,80,2024-08-20,1,Completed
559,8188,30,2024-02-28,3,Completed
560,4617,69,2024-02-24,2,Completed
561,996,60,2024-02-09,2,Completed
562,357,6,2023-10-01,4,Completed
563,8378,85,2024-05-02,4,Completed
564,1694,11,2024-04-27,3,Completed
565,2591,24,2024-02-27,1,Completed
566,9535,92,2023-03-08,2,Completed
567,7922,79,2024-07-29,1,Completed
568,1692,51,2024-04-08,2,Completed
569,9275,19,2024-07-16,3,Completed
570,2058,50,2023-10-10,2,Completed
571,2905,81,2023-11-29,3,Completed
572,4452,3,2024-08-14,3,Completed
573,6938,3,2023-06-25,3,Completed
574,2381,92,2024-02-04,2,Returned
575,8209,31,2023-02-17,2,Completed
576,8516,47,2023-08-16,2,Completed
577,2071,8,2023-05-19,1,Completed
578,931,17,2023-07-03,4,Pending
579,1445,99,2023-04-17,4,
580,8595,100,2024-06-02,4,Completed
581,3403,91,2023-02-20,3,Completed
582,4553,45,2024-07-04,3,Completed
583,9699,97,2023-09-18,2,Completed
584,1522,60,2024-07-07,1,Completed
585,3099,75,2023-06-28,2,
586,8121,21,2024-06-05,,Pending
587,7356,70,2024-07-31,1,Completed
588,2188,21,2023-06-04,2,Completed
589,2569,58,2023-06-25,4,Completed
590,8284,55,2023-07-24,2,Completed
591,4948,28,2023-10-21,3,Cancelled
592,4941,81,2024-07-02,4,Completed
593,4763,82,2023-10-26,2,Completed
594,1754,75,2024-06-21,3,Cancelled
595,5055,46,2023-04-03,2,Completed
596,4893,44,2024-07-14,3,Completed
597,5782,89,2023-01-16,1,Cancelled
598,88,94,2023-12-30,1,Completed
599,1642,25,2023-08-27,3,Completed
600,2963,71,2023-12-13,2,Pending
601,5414,49,2023-11-17,4,Cancelled
602,7421,46,2023-03-14,2,Completed
603,8743,91,2023-12-31,4,Completed
604,6911,90,2024-01-29,1,Completed
605,5174,63,2023-10-26,,Completed
606,5230,77,2024-07-13,2,Completed
607,8816,88,2023-04-04,1,Pending
608,3758,12,2023-11-09,4,Completed
609,4797,78,2023-12-01,,Completed
610,3293,57,2024-06-30,,Completed
611,3833,73,2024-01-10,1,Completed
612,2612,64,2023-08-23,3,Pending
613,8354,31,2023-10-29,2,Completed
614,8229,4,2023-01-02,3,Completed
615,9038,54,2023-12-22,2,Completed
616,6767,83,2024-04-11,2,Completed
617,7538,65,2023-01-11,4,Completed
618,5297,93,2023-01-12,4,Cancelled
619,3347,6,2023-09-10,4,Cancelled
620,4055,65,2023-08-29,3,Completed
621,4201,89,2023-06-20,3,Completed
622,8528,91,2024-01-07,1,Completed
623,1561,22,2023-03-24,3,Returned
624,7523,17,2023-07-22,3,Completed
625,4165,59,2023-06-22,2,Completed
626,6721,29,2023-06-23,4,Completed
627,8854,67,2023-05-19,4,Completed
628,5440,17,2024-08-09,,Completed
629,4853,2,2023-07-05,2,Pending
630,6596,32,2023-02-06,3,Completed
631,6714,22,2023-07-09,,
632,3184,97,2024-08-09,2,Cancelled
633,9678,58,2024-07-31,4,Returned
634,8033,53,2023-11-09,,Completed
635,2410,86,2023-02-03,3,Completed
636,4299,47,2023-01-07,,Cancelled
637,2535,4,2023-07-19,2,Completed
638,5600,38,2023-03-11,1,Pending
639,4,13,2023-03-20,1,Completed
640,27,61,2024-06-18,3,Cancelled
641,5162,87,2024-01-15,1,Pending
642,965,64,2023-04-19,3,Completed
643,6208,77,2023-05-07,1,
644,3097,84,2023-08-26,,Completed
645,72,33,2024-08-11,1,Completed
646,5602,98,2023-08-05,3,Returned
647,2948,38,2023-08-30,3,Completed
648,6239,29,2023-05-01,4,Completed
649,4491,61,2023-04-08,2,Completed
650,2412,32,2023-08-05,,Completed
651,8309,11,2023-12-09,2,Completed
652,2925,18,2023-11-18,1,Completed
653,2838,45,2024-02-06,3,Completed
654,577,21,2023-03-14,3,Completed
655,8964,12,2023-04-26,2,
656,7908,20,2023-12-05,3,Cancelled
657,8392,7,2024-06-14,2,Completed
658,1756,91,2023-10-24,1,Cancelled
659,8372,71,2024-07-17,1,Returned
660,2406,2,2023-03-29,,Completed
661,6884,43,2024-05-22,4,Returned
662,8164,97,2024-02-29,1,Cancelled
663,6140,21,2024-04-04,1,Returned
664,2989,29,2023-04-22,2,Cancelled
665,5785,32,2023-02-22,4,Cancelled
666,9795,45,2023-03-31,1,Completed
667,1120,76,2023-12-06,2,Completed
668,2215,77,2024-07-23,1,Completed
669,8001,59,2023-02-08,3,Completed
670,8066,3,2024-05-08,1,Completed
671,2902,39,2023-05-13,1,Completed
672,1086,51,2024-02-21,3,Completed
673,174,8,2024-05-13,2,Completed
674,3533,46,2023-04-27,4,Completed
675,1239,66,2023-01-25,1,Cancelled
676,4835,6,2023-05-31,2,Completed
677,3814,58,2023-05-01,1,Completed
678,7085,41,2024-02-10,3,Completed
679,8013,79,2023-01-19,1,Returned
680,1974,54,2024-08-10,1,Cancelled
681,3783,76,2023-02-14,2,Completed
682,2245,41,2023-12-09,2,Completed
683,9850,48,2024-06-26,2,Cancelled
684,8605,96,2023-08-08,3,Pending
685,7222,70,2024-01-31,2,Completed
686,7815,27,2024-02-11,1,Cancelled
687,1383,47,2023-01-29,2,Completed
688,1124,77,2023-10-07,1,Completed
689,5182,23,2023-11-15,1,Cancelled
690,4013,74,2024-04-26,1,Completed
691,2244,14,2023-06-09,1,Cancelled
692,2590,61,2023-07-25,4,Completed
693,9971,67,2023-03-13,3,Completed
694,1130,76,2024-02-02,2,Completed
695,8837,25,2023-06-23,3,Completed
696,9750,65,2023-11-01,,Completed
697,6300,96,2023-06-21,2,Completed
698,4502,24,2023-08-10,2,Completed
699,7040,53,2024-03-05,,Completed
700,2774,73,2024-05-02,4,Completed
701,2786,50,2024-03-12,4,Returned
702,6941,1,2024-07-09,3,Cancelled
703,1707,39,2023-03-29,2,Completed
704,2602,74,2023-06-13,3,Completed
705,8567,44,2023-02-22,3,Cancelled
706,1613,94,2023-09-05,2,Pending
707,455,5,2024-04-09,4,Completed
708,4298,68,2024-03-27,,Completed
709,1476,72,2023-09-07,3,Cancelled
710,9046,80,2023-06-05,2,Completed
711,8916,65,2024-02-05,3,Completed
712,1392,79,2023-04-29,1,Cancelled
713,8454,88,2023-01-14,,Completed
714,8009,15,2024-02-03,3,Completed
715,8735,50,2023-10-19,1,Cancelled
716,8743,6,2023-05-18,2,Completed
717,5426,66,2023-08-17,4,Cancelled
718,638,69,2023-09-25,1,Pending
719,8357,39,2024-05-21,1,Completed
720,2806,98,2023-09-03,2,Completed
721,8813,96,2023-07-06,4,Completed
722,1224,29,2023-05-17,1,Returned
723,3343,93,2023-06-23,3,Completed
724,8243,88,2024-07-25,2,Completed
725,489,46,2023-09-16,1,Pending
726,5143,31,2024-05-06,2,Cancelled
727,8857,24,2023-01-24,2,Completed
728,1247,15,2023-03-07,,Returned
729,6062,76,2023-04-24,,Completed
730,2711,20,2023-07-18,1,Cancelled
731,4362,4,2023-06-18,2,
732,3953,58,2023-08-14,,Completed
733,881,77,2023-12-02,2,Returned
734,435,61,2023-08-19,2,Cancelled
735,6125,10,2023-07-03,1,Pending
736,8105,41,2023-03-23,4,
737,5185,53,2023-11-08,2,Completed
738,1985,87,2023-11-02,3,Completed
739,9985,71,2023-02-03,2,Completed
740,2799,76,2024-05-29,1,
741,7604,48,2024-08-13,1,Completed
742,1494,15,2023-04-15,,Returned
743,2680,7,2023-06-11,4,Returned
744,1626,72,2023-02-16,3,Completed
745,3018,71,2023-10-11,1,Completed
746,1848,43,2024-02-06,2,Completed
747,3247,4,2023-06-21,2,Completed
748,9731,51,2023-01-01,2,Pending
749,1317,71,2023-08-26,,Completed
750,9912,59,2024-03-11,1,Pending
751,1951,41,2024-04-16,3,Completed
752,224,61,2023-10-06,2,Completed
753,2027,30,2024-01-20,3,Completed
754,1548,18,2024-05-18,3,Pending
755,3779,30,2023-04-22,2,Completed
756,6512,7,2023-02-11,1,Cancelled
757,5786,52,2024-03-10,2,Completed
758,7758,48,2023-03-16,,Completed
759,3724,23,2024-03-22,2,Completed
760,1524,37,2024-04-26,1,Completed
761,1973,71,2023-06-10,4,Completed
762,4605,93,2024-02-20,1,Completed
763,617,98,2024-06-20,2,Completed
764,4516,53,2023-04-02,2,Completed
765,5192,45,2024-03-03,2,Completed
766,5775,49,2023-05-13,2,Completed
767,2622,49,2023-02-17,4,Cancelled
768,2094,82,2023-04-17,1,Completed
769,9957,47,2024-02-20,2,Completed
770,3177,25,2023-04-06,1,Returned
771,9325,91,2023-12-25,2,Completed
772,7485,27,2024-01-17,1,Completed
773,3571,12,2024-04-14,1,Completed
774,1067,23,2023-09-19,2,Returned
775,2147,17,2024-06-20,1,Completed
776,706,44,2023-07-08,2,Completed
777,2359,71,2024-01-12,2,Completed
778,3535,24,2023-01-21,2,Completed
779,3813,71,2023-11-16,1,Pending
780,3769,93,2024-07-30,1,Returned
781,5979,60,2023-06-16,3,Completed
782,2320,53,2023-05-25,3,Completed
783,8164,92,2024-07-20,3,Completed
784,5222,87,2023-10-15,,Pending
785,210,74,2024-02-01,,Completed
786,4835,16,2024-05-09,1,Returned
787,2808,98,2023-04-04,1,Completed
788,3963,25,2024-02-10,4,Returned
789,2391,66,2024-07-08,1,Completed
790,5520,50,2024-07-29,3,Completed
791,4795,69,2023-09-12,,Completed
792,2445,78,2024-05-29,3,
793,8333,95,2024-03-20,1,Completed
794,8484,40,2024-06-30,3,Completed
795,2865,6,2023-10-26,2,Returned
796,4178,64,2024-01-13,,Pending
797,2608,28,2023-08-14,1,Pending
798,3937,9,2023-06-03,2,Completed
799,2918,6,2023-03-21,3,Pending
800,2219,17,2023-01-12,1,Cancelled
801,1798,40,2023-05-31,1,Pending
802,9169,99,2024-05-26,1,Pending
803,8772,76,2024-03-27,2,Completed
804,2574,45,2024-05-06,,Completed
805,2590,82,2023-11-10,1,Completed
806,3284,43,2024-08-23,1,Returned
807,9992,98,2024-08-11,3,Completed
808,1462,46,2023-12-16,1,Completed
809,4418,63,2024-06-03,2,Cancelled
810,714,1,2023-08-03,2,Completed
811,2424,59,2023-12-03,2,Pending
812,7221,63,2023-12-21,1,Cancelled
813,1891,79,2024-06-01,1,Completed
814,3568,18,2024-04-29,3,
815,5376,86,2024-05-15,1,Completed
816,9871,82,2023-11-12,4,Completed
817,2148,65,2024-08-07,4,Pending
818,9110,20,2024-04-19,1,Cancelled
819,1807,56,2024-04-17,,Completed
820,4052,54,2023-02-09,1,Completed
821,8752,48,2023-11-24,4,
822,8821,100,2024-04-17,2,Completed
823,3763,54,2023-12-31,1,Completed
824,9199,89,2024-03-10,,Returned
825,8241,16,2024-05-12,,Completed
826,6911,20,2023-06-30,2,Completed
827,6174,47,2024-06-08,2,Completed
828,2133,97,2023-12-18,,
829,6933,7,2023-04-03,3,Completed
830,1526,23,2024-01-03,1,Completed
831,329,75,2024-03-14,2,Pending
832,2658,33,2023-12-11,4,Completed
833,8780,40,2023-11-23,4,Completed
834,5973,5,2024-02-29,,Completed
835,5369,45,2023-07-04,1,Cancelled
836,5972,41,2023-02-05,3,Completed
837,3206,8,2023-07-24,1,Completed
838,6834,81,2023-02-08,3,Completed
839,6142,82,2023-08-20,3,Completed
840,7533,50,2023-04-29,1,
841,7908,91,2023-05-05,3,Completed
842,1599,31,2024-04-14,1,Cancelled
843,3852,4,2023-04-04,2,Cancelled
844,7583,66,2024-06-10,2,Cancelled
845,7824,56,2023-12-17,4,Completed
846,4608,5,2023-12-24,2,Completed
847,9601,81,2023-01-07,1,
848,5508,54,2024-02-17,1,Completed
849,5935,96,2023-02-05,3,Returned
850,9204,93,2023-09-07,1,Completed
851,5569,80,2024-06-05,4,Completed
852,4660,1,2023-09-03,,Completed
853,4399,76,2023-11-26,2,Completed
854,6243,83,2024-05-22,3,
855,9522,73,2024-06-16,2,Returned
856,6612,61,2024-07-31,2,Pending
857,6713,7,2024-04-17,1,Cancelled
858,2024,30,2023-11-05,2,Completed
859,6177,15,2023-07-12,,Completed
860,4508,4,2024-03-30,4,Returned
861,3186,63,2023-09-01,,Completed
862,7724,70,2023-11-05,,Pending
863,196,38,2024-05-20,1,Cancelled
864,9983,47,2023-10-23,1,Cancelled
865,1107,60,2023-07-02,2,Cancelled
866,2790,99,2023-01-22,3,Returned
867,8731,2,2023-04-21,2,Completed
868,4785,69,2023-09-05,4,Completed
869,719,8,2023-01-26,3,Completed
870,7077,51,2023-03-21,3,Completed
871,3996,94,2024-08-08,1,Pending
872,306,19,2024-01-11,1,Completed
873,5431,94,2023-05-17,2,Pending
874,8580,31,2024-04-29,,Completed
875,8917,80,2023-12-12,2,Completed
876,8187,22,2024-02-28,3,Completed
877,2597,33,2024-02-05,,Cancelled
878,2436,86,2024-03-22,1,Cancelled
879,8371,72,2024-03-07,1,Completed
880,1904,37,2023-10-02,2,Cancelled
881,9897,12,2024-04-25,3,Completed
882,3384,69,2023-06-16,,Cancelled
883,4176,64,2024-02-10,1,Cancelled
884,7182,25,2024-02-19,2,Cancelled
885,4543,54,2023-04-22,2,Completed
886,5492,29,2023-09-28,3,Completed
887,8288,13,2024-08-09,1,Returned
888,1284,26,2024-03-07,3,Completed
889,248,22,2023-10-26,2,Returned
890,6643,93,2023-10-19,3,Completed
891,982,76,2023-05-05,2,Returned
892,4364,92,2023-11-01,2,Completed
893,1566,73,2023-01-04,4,Completed
894,2142,10,2024-06-02,1,Pending
895,736,48,2023-01-05,1,Completed
896,449,42,2023-11-27,3,Completed
897,7535,90,2024-07-04,3,Completed
898,1836,100,2023-07-24,2,Pending
899,4716,59,2023-08-05,2,Completed
900,614,53,2023-04-04,1,Returned
901,9626,40,2024-06-07,1,Cancelled
902,6235,75,2024-03-17,1,Completed
903,5629,62,2023-05-07,,Completed
904,877,6,2023-11-25,4,Completed
905,9326,4,2024-08-06,1,Cancelled
906,672,91,2024-02-21,1,Completed
907,1631,55,2023-01-11,1,Completed
908,7440,88,2024-01-05,1,Cancelled
909,361,69,2023-06-03,4,Completed
910,7374,3,2023-08-11,2,Completed
911,3902,7,2023-02-16,1,
912,798,88,2023-10-04,2,Returned
913,1784,86,2023-09-09,1,Completed
914,7052,12,2023-08-23,2,Pending
915,67,99,2024-03-17,3,Pending
916,5678,17,2024-03-08,2,Completed
917,2091,67,2023-12-29,1,Completed
918,6071,75,2023-10-11,2,Cancelled
919,5933,70,2024-05-02,4,Pending
920,8426,36,2024-02-15,1,Returned
921,9415,17,2023-03-09,1,Completed
922,1056,86,2024-03-08,2,Completed
923,6257,1,2024-05-29,2,Completed
924,3348,67,2024-04-05,1,Completed
925,9362,80,2024-08-08,1,Completed
926,4102,99,2024-04-14,1,Cancelled
927,7508,78,2023-08-22,2,Completed
928,8686,49,2023-03-01,1,Completed
929,3180,51,2024-08-16,3,Pending
930,6215,71,2023-07-28,3,Completed
931,1364,90,2023-09-11,2,Completed
932,7268,43,2024-03-14,2,Completed
933,1057,31,2024-04-08,3,Completed
934,143,24,2023-03-27,,Cancelled
935,4832,83,2024-02-03,4,Pending
936,7800,37,2023-01-02,2,Completed
937,2265,65,2023-08-18,4,Returned
938,1925,89,2023-04-01,2,Completed
939,2482,63,2023-08-08,2,Completed
940,6978,56,2023-02-08,1,Completed
941,7897,74,2023-10-14,2,Pending
942,3126,18,2023-03-20,1,Completed
943,9134,65,2023-11-10,1,Completed
944,9808,29,2023-05-08,1,Cancelled
945,7051,77,2023-01-26,,Completed
946,6012,4,2023-09-06,1,Cancelled
947,4151,12,2023-12-07,2,Completed
948,9664,56,2024-01-31,,Completed
949,9251,48,2023-01-08,3,Cancelled
950,7005,19,2023-04-27,2,Completed
951,9199,26,2024-03-26,3,Pending
952,1221,38,2024-05-25,2,Completed
953,4662,80,2023-08-06,1,Completed
954,4867,25,2023-01-22,4,Completed
955,1798,56,2023-03-16,1,Pending
956,5975,74,2023-01-01,4,Completed
957,2872,28,2023-02-20,1,Pending
958,8706,61,2023-09-25,3,Cancelled
959,1618,92,2023-05-15,2,Returned
960,7006,89,2023-05-20,,Pending
961,6072,89,2023-04-14,2,Completed
962,4613,51,2023-05-06,,Cancelled
963,3758,12,2023-12-14,2,Completed
964,2033,8,2023-11-23,3,Returned
965,8897,100,2024-08-15,3,Completed
966,9866,58,2023-03-22,1,Returned
967,4954,88,2023-02-10,3,Cancelled
968,4315,23,2023-01-26,1,Cancelled
969,4664,37,2024-05-06,2,Completed
970,9970,11,2023-06-17,4,Returned
971,7052,17,2023-10-12,,Completed
972,5633,92,2024-03-15,3,
973,5497,56,2023-10-19,2,Completed
974,893,53,2023-04-16,2,Cancelled
975,972,67,2023-07-28,4,Completed
976,103,2,2023-07-30,,Cancelled
977,9300,29,2024-01-06,3,Completed
978,6052,57,2023-02-18,2,Cancelled
979,5146,34,2023-10-31,1,Completed
980,3247,78,2023-05-06,1,
981,5855,97,2024-01-03,4,Completed
982,3713,82,2023-11-15,,Pending
983,3418,93,2023-06-19,3,Completed
984,6446,2,2023-02-04,,Completed
985,5418,75,2023-09-27,2,Cancelled
986,4152,31,2023-09-03,3,Cancelled
987,6518,77,2024-07-22,2,Cancelled
988,3660,44,2024-01-13,2,Completed
989,9112,90,2023-03-14,3,
990,7507,56,2023-09-07,2,Cancelled
991,4553,98,2023-03-04,3,Completed
992,5674,54,2023-09-19,3,Completed
993,2158,53,2024-06-29,4,Completed
994,582,74,2023-01-24,3,Completed
995,796,76,2023-09-19,2,Completed
996,1884,86,2023-05-25,2,Pending
997,6045,46,2023-10-07,1,Completed
998,9002,54,2024-03-22,1,Cancelled
999,5221,31,2023-03-20,2,Completed
1000,573,83,2024-04-05,1,Completed
1001,1207,24,2024-08-06,3,Completed
1002,3081,25,2023-09-10,2,Pending
1003,2461,35,2023-07-28,1,Completed
1004,9934,57,2023-09-20,2,Completed
1005,4006,72,2023-12-23,1,Completed
1006,4926,69,2023-02-17,1,Completed
1007,2614,86,2024-01-28,1,Pending
1008,1716,28,2024-01-28,1,Pending
1009,5246,76,2023-09-09,2,Completed
1010,1570,33,2024-02-05,2,Completed
1011,677,53,2023-09-27,2,Returned
1012,2514,16,2023-08-16,1,Completed
1013,8993,26,2023-05-02,1,Returned
1014,9334,12,2024-07-06,3,Completed
1015,3053,87,2023-07-16,2,Completed
1016,2032,90,2024-02-12,3,Completed
1017,1509,77,2023-08-14,2,Pending
1018,9303,87,2023-06-20,,Completed
1019,4330,31,2023-02-24,2,Completed
1020,913,100,2023-05-11,3,Completed
1021,5244,27,2023-07-23,1,Completed
1022,5323,36,2023-04-13,2,Completed
1023,1056,59,2024-06-08,3,Completed
1024,7631,87,2023-12-27,1,
1025,7108,3,2023-11-25,1,Completed
1026,5671,94,2023-05-30,,Completed
1027,1751,32,2024-07-02,4,Pending
1028,7576,15,2023-11-05,3,Returned
1029,6388,75,2023-03-13,4,Cancelled
1030,3013,66,2023-04-03,1,Cancelled
1031,3429,90,2023-01-14,3,Returned
1032,6464,63,2024-03-09,1,Completed
1033,5139,98,2023-09-10,2,Cancelled
1034,8549,1,2023-09-04,4,Completed
1035,6261,75,2023-02-04,1,Completed
1036,5256,5,2023-05-17,3,Completed
1037,4392,90,2024-08-20,2,Cancelled
1038,7548,6,2023-05-24,2,Pending
1039,7323,99,2024-01-02,,Cancelled
1040,9810,5,2024-04-21,4,Completed
1041,9816,73,2024-05-10,1,Completed
1042,5225,28,2023-12-30,3,Cancelled
1043,9858,83,2024-05-25,2,Cancelled
1044,7952,69,2023-05-12,1,Completed
1045,9788,87,2023-05-15,4,Completed
1046,1990,44,2024-07-18,1,Cancelled
1047,8721,16,2024-07-17,1,Completed
1048,2605,71,2023-05-11,1,Completed
1049,2408,78,2023-04-15,2,Returned
1050,64,22,2023-06-22,1,Completed
1051,2813,73,2024-07-28,3,Completed
1052,4028,23,2024-08-07,2,
1053,102,43,2024-01-05,2,Returned
1054,3136,68,2023-04-12,1,Completed
1055,1181,43,2023-07-27,2,Completed
1056,5510,26,2023-01-17,2,Completed
1057,7531,41,2023-04-06,2,Completed
1058,2729,70,2024-06-28,1,Returned
1059,7632,31,2023-07-11,1,Completed
1060,8591,17,2023-03-13,1,Cancelled
1061,405,9,2023-04-02,3,Pending
1062,2874,91,2023-11-29,1,Completed
1063,3269,55,2023-01-10,2,Completed
1064,2695,6,2023-07-22,2,Returned
1065,2468,70,2024-08-10,,Cancelled
1066,4316,64,2023-08-11,4,Completed
1067,1922,4,2023-06-30,,Completed
1068,3960,67,2023-12-28,4,Returned
1069,6841,88,2024-05-27,3,Completed
1070,9733,56,2023-04-06,4,Completed
1071,4849,18,2023-05-09,3,Completed
1072,7624,32,2023-05-04,2,
1073,3369,85,2024-02-21,2,Completed
1074,7873,48,2024-02-20,3,Completed
1075,680,29,2023-07-31,4,Completed
1076,7507,32,2023-09-17,1,
1077,748,25,2023-12-21,1,Completed
1078,1322,76,2023-03-17,4,Cancelled
1079,7928,63,2024-02-04,3,Completed
1080,3749,9,2023-06-02,4,Returned
1081,5863,71,2024-02-02,,Returned
1082,4790,14,2023-03-16,1,Completed
1083,534,20,2024-02-06,1,Completed
1084,1819,84,2024-08-21,2,Completed
1085,2342,10,2023-11-03,4,Completed
1086,6695,11,2023-10-13,1,Returned
1087,5007,39,2023-02-06,1,Completed
1088,4546,19,2023-06-20,1,Cancelled
1089,9661,19,2024-07-01,2,Completed
1090,7228,43,2023-11-13,2,Completed
1091,4908,61,2024-01-08,4,Completed
1092,7979,70,2024-04-08,3,Completed
1093,4486,72,2024-03-07,4,Completed
1094,1236,65,2023-12-28,2,Completed
1095,9901,23,2023-07-27,3,Completed
1096,7656,60,2024-07-21,2,Returned
1097,1146,10,2023-10-05,2,Pending
1098,7421,63,2024-08-01,1,Returned
1099,1476,2,2023-10-09,3,
1100,2922,36,2023-08-17,2,Pending
1101,5680,57,2023-06-12,1,Completed
1102,7697,66,2023-04-09,1,Completed
1103,5416,79,2024-08-11,1,Completed
1104,4939,20,2023-03-12,1,Completed
1105,1605,42,2023-10-29,2,
1106,5048,21,2023-03-09,2,Completed
1107,8744,94,2024-01-09,1,Cancelled
1108,8176,88,2024-06-11,2,Completed
1109,7620,66,2024-02-12,,
1110,6118,38,2023-04-15,1,Cancelled
1111,7930,86,2023-12-07,1,Completed
1112,1837,93,2023-07-09,2,Completed
1113,5905,78,2024-01-23,3,Pending
1114,6477,69,2023-11-07,3,Pending
1115,7274,24,2023-03-14,2,Returned
1116,9317,26,2024-04-28,3,Cancelled
1117,1383,2,2023-03-10,4,Completed
1118,9963,46,2023-07-14,,Completed
1119,3401,34,2023-01-12,2,Pending
1120,8057,62,2023-08-25,,Completed
1121,8227,87,2023-07-16,3,Completed
1122,2205,41,2024-07-20,3,Completed
1123,3345,99,2023-08-29,3,Cancelled
1124,3015,15,2024-06-08,,Cancelled
1125,7920,55,2024-04-15,,Completed
1126,9973,3,2023-03-01,1,Completed
1127,1629,76,2023-10-31,2,Completed
1128,6765,38,2023-02-14,,Returned
1129,9522,51,2023-09-22,2,
1130,5746,17,2024-03-28,1,Completed
1131,9752,91,2023-03-05,1,Completed
1132,8997,83,2024-04-23,3,Cancelled
1133,1291,49,2023-10-12,3,Completed
1134,7011,21,2023-09-27,1,Completed
1135,2587,88,2023-03-22,3,Completed
1136,6124,24,2023-06-18,4,Cancelled
1137,4931,83,2023-04-14,1,Completed
1138,2551,95,2023-01-27,1,
1139,956,40,2024-05-04,4,Completed
1140,8772,20,2023-03-22,,Completed
1141,1998,79,2023-08-02,1,Completed
1142,6984,35,2023-05-11,3,Cancelled
1143,9858,48,2024-03-04,3,Pending
1144,7130,99,2023-07-30,1,Completed
1145,2131,33,2024-07-17,4,Completed
1146,7210,56,2024-07-16,2,Completed
1147,6300,41,2024-05-09,3,Completed
1148,3741,54,2024-07-29,2,Cancelled
1149,2501,44,2024-06-09,4,Cancelled
1150,9835,82,2023-02-28,1,Completed
1151,7452,81,2023-06-29,2,
1152,5308,72,2023-11-23,2,Cancelled
1153,6768,84,2023-10-21,1,Completed
1154,1498,11,2023-05-20,4,Completed
1155,8814,94,2023-12-20,1,Completed
1156,3145,91,2023-06-14,3,Completed
1157,9652,14,2023-08-13,4,Completed
1158,8026,42,2024-01-17,3,Cancelled
1159,293,79,2023-02-10,2,Completed
1160,8847,12,2023-11-04,4,Completed
1161,2805,84,2023-03-09,2,Returned
1162,7605,17,2024-04-08,1,Returned
1163,7140,90,2024-03-27,2,Pending
1164,7829,78,2024-06-26,3,
1165,6204,25,2023-11-08,3,Completed
1166,1622,26,2023-01-29,2,Completed
1167,7872,47,2023-03-25,1,Pending
1168,4015,25,2024-04-02,3,Pending
1169,3506,89,2024-02-11,2,Completed
1170,8711,60,2023-04-16,1,Completed
1171,2686,60,2023-10-31,,Completed
1172,28,27,2024-01-25,2,Returned
1173,266,43,2023-06-07,2,Cancelled
1174,9499,76,2023-06-05,4,Returned
1175,7106,20,2023-06-22,1,Completed
1176,6907,63,2023-04-18,3,Completed
1177,5076,80,2024-06-09,4,Completed
1178,5820,25,2024-03-25,1,Completed
1179,811,27,2023-11-16,4,
1180,4677,52,2024-08-14,4,Completed
1181,3391,82,2024-02-29,2,Completed
1182,611,10,2024-05-13,1,Returned
1183,4547,50,2023-01-23,,Completed
1184,5028,30,2023-11-06,3,Pending
1185,5725,1,2023-02-10,2,Completed
1186,203,54,2023-12-10,4,Returned
1187,402,4,2024-08-20,2,Returned
1188,2028,87,2023-06-21,3,Completed
1189,9082,7,2023-01-03,4,Completed
1190,179,30,2023-08-16,2,Completed
1191,5818,90,2023-01-08,4,Completed
1192,1980,65,2023-10-11,1,Completed
1193,7186,29,2024-02-04,3,Pending
1194,3985,25,2023-12-11,2,Completed
1195,5666,40,2024-06-02,1,Completed
1196,5022,26,2023-03-31,1,Completed
1197,5523,17,2023-11-14,2,Cancelled
1198,5513,31,2023-10-26,3,Pending
1199,2984,61,2023-02-26,3,Completed
1200,8543,8,2024-05-17,4,Completed
1201,4283,69,2023-01-09,2,Completed
1202,5529,1,2023-12-26,4,Completed
1203,7989,79,2023-08-20,1,Completed
1204,7276,100,2023-02-10,2,Completed
1205,2788,71,2024-06-20,1,Pending
1206,4627,46,2024-07-18,,Completed
1207,6562,91,2024-07-07,2,Pending
1208,6353,99,2024-08-02,2,Completed
1209,4809,91,2024-02-11,2,Pending
1210,8630,20,2024-08-07,2,Pending
1211,5889,82,2023-08-24,4,
1212,5738,40,2024-04-12,2,Returned
1213,2359,2,2024-08-18,2,Completed
1214,8575,94,2023-04-05,,Completed
1215,5391,61,2023-10-01,,Cancelled
1216,4217,94,2024-01-31,1,Pending
1217,407,71,2023-03-26,3,Completed
1218,4341,77,2024-04-09,2,Pending
1219,66,97,2023-03-19,3,Cancelled
1220,228,30,2024-05-10,3,Completed
1221,2185,30,2024-07-11,2,Completed
1222,6801,87,2023-09-14,,Completed
1223,9705,45,2024-02-13,2,Completed
1224,7752,24,2023-07-12,3,Cancelled
1225,9122,84,2024-07-26,4,Completed
1226,5824,92,2023-07-31,1,Completed
1227,1181,56,2023-10-14,2,Cancelled
1228,9232,83,2023-08-31,1,Pending
1229,1102,61,2024-06-22,4,Completed
1230,2100,13,2023-04-15,4,Completed
1231,514,80,2024-08-07,1,Pending
1232,1833,56,2023-07-01,1,Completed
1233,7138,15,2023-08-17,2,Completed
1234,5808,11,2023-04-02,3,Pending
1235,3117,12,2024-01-20,3,Completed
1236,5851,86,2023-04-23,2,Completed
1237,7599,89,2023-03-24,2,Completed
1238,4344,3,2023-05-05,2,Completed
1239,4629,24,2023-11-17,1,Cancelled
1240,6185,89,2024-05-25,1,Completed
1241,8982,9,2023-11-20,1,Completed
1242,1301,92,2023-09-14,3,Returned
1243,1948,46,2023-07-25,1,Cancelled
1244,2243,94,2023-04-14,2,Cancelled
1245,9287,71,2023-04-09,3,Completed
1246,1359,60,2023-08-13,4,Completed
1247,3657,11,2023-10-21,2,Completed
1248,308,10,2023-03-08,1,Completed
1249,1451,3,2023-07-02,,Completed
1250,7367,19,2023-01-11,1,Cancelled
1251,2124,2,2023-04-19,2,Pending
1252,4883,17,2023-05-26,,Completed
1253,2843,93,2024-08-16,3,Completed
1254,1665,2,2024-06-15,3,Completed
1255,6374,53,2024-05-20,2,Completed
1256,3949,16,2023-01-13,1,Completed
1257,9587,10,2024-04-06,2,Completed
1258,4073,68,2023-03-15,2,Returned
1259,3635,43,2023-02-23,1,Completed
1260,215,90,2024-02-03,1,Completed
1261,3073,58,2023-03-19,2,Pending
1262,4473,60,2023-08-06,3,Completed
1263,2460,24,2023-06-19,,Pending
1264,3707,76,2023-04-07,3,Completed
1265,1207,85,2024-06-24,4,Completed
1266,8602,16,2023-12-20,2,Completed
1267,3470,100,2023-01-04,1,Cancelled
1268,8408,99,2024-04-12,1,Completed
1269,4848,9,2024-07-15,2,Completed
1270,349,6,2023-01-11,3,Completed
1271,3652,65,2023-02-10,,Completed
1272,2879,78,2024-07-25,4,Completed
1273,4750,24,2024-04-18,1,Cancelled
1274,3995,10,2024-05-29,4,Completed
1275,3,82,2024-05-08,2,Completed
1276,1118,73,2023-12-20,1,Completed
1277,9275,27,2024-05-24,2,Completed
1278,6884,83,2024-06-13,3,Cancelled
1279,1518,100,2024-02-16,4,Completed
1280,4847,3,2023-06-06,2,Completed
1281,3580,38,2024-01-11,1,Pending
1282,2380,73,2023-04-06,1,Completed
1283,9205,74,2024-01-27,1,Pending
1284,4265,73,2024-02-21,,Completed
1285,2824,17,2024-04-21,,Completed
1286,849,48,2024-04-24,,Completed
1287,9897,49,2023-11-01,2,Completed
1288,5037,43,2024-05-03,1,Cancelled
1289,206,84,2023-02-04,,
1290,521,7,2024-01-14,,Completed
1291,3577,68,2023-12-26,1,Completed
1292,5114,74,2023-02-05,4,Completed
1293,6259,21,2024-07-13,1,Completed
1294,6808,78,2023-01-21,,Cancelled
1295,2135,25,2023-09-20,1,Completed
1296,4839,81,2023-01-26,4,Completed
1297,2476,61,2023-03-05,1,Completed
1298,5818,28,2023-05-28,2,Completed
1299,4546,78,2023-10-16,2,Completed
1300,7794,52,2023-02-11,2,Completed
1301,786,13,2024-02-07,2,Cancelled
1302,8144,34,2023-11-25,3,Completed
1303,7709,67,2024-08-13,1,Completed
1304,4098,4,2023-01-30,3,Completed
1305,5198,44,2023-12-31,1,Cancelled
1306,2158,15,2023-12-10,1,Completed
1307,8871,84,2023-02-05,3,Completed
1308,3529,8,2024-06-14,1,Returned
1309,3560,5,2023-10-14,,Completed
1310,8135,66,2024-03-02,4,
1311,8563,92,2024-02-28,3,
1312,2938,86,2024-08-03,1,Cancelled
1313,8173,73,2023-11-29,1,Cancelled
1314,8139,92,2023-06-09,,Cancelled
1315,5142,46,2023-01-01,1,Completed
1316,722,65,2023-08-19,4,Completed
1317,924,100,2023-09-23,1,Returned
1318,5392,66,2023-03-19,2,Returned
1319,7658,26,2024-01-03,3,Pending
1320,836,31,2023-10-08,,Pending
1321,2494,51,2023-01-08,1,Completed
1322,2980,41,2023-06-29,1,Cancelled
1323,2425,51,2023-10-22,4,Cancelled
1324,4522,19,2023-09-22,1,Pending
1325,2377,95,2023-06-19,1,Completed
1326,454,73,2024-01-10,1,Cancelled
1327,3460,3,2024-01-21,2,Completed
1328,3548,38,2024-05-10,4,Completed
1329,1149,70,2023-05-04,,Completed
1330,523,45,2023-12-08,1,
1331,4578,71,2024-03-09,1,Cancelled
1332,122,41,2023-07-17,2,Completed
1333,3619,25,2023-11-01,1,Completed
1334,6631,89,2023-09-26,2,Cancelled
1335,3723,50,2023-08-13,3,Pending
1336,3084,1,2023-11-04,1,Completed
1337,5931,54,2023-06-30,3,
1338,6724,86,2024-01-05,,Completed
1339,4814,84,2023-11-18,4,
1340,3308,13,2023-08-29,2,Cancelled
1341,3643,40,2023-07-09,2,Completed
1342,2818,21,2024-05-20,2,Completed
1343,7422,87,2024-05-25,4,Completed
1344,7048,41,2023-10-20,,Completed
1345,9677,61,2024-02-13,4,Cancelled
1346,8469,33,2023-06-05,3,Completed
1347,5589,73,2024-08-08,1,
1348,7388,29,2024-02-07,,Returned
1349,9441,55,2024-02-10,4,Pending
1350,9317,32,2023-12-22,4,Cancelled
1351,9850,11,2024-03-01,2,Completed
1352,9946,52,2023-09-26,2,Completed
1353,3403,36,2023-12-31,1,Completed
1354,4333,93,2024-05-09,,Cancelled
1355,8944,31,2023-07-25,,Pending
1356,165,14,2024-01-14,1,Completed
1357,6990,63,2023-05-08,3,Completed
1358,9885,52,2023-10-11,1,Cancelled
1359,1957,54,2023-12-31,2,Completed
1360,3861,50,2023-04-16,2,Completed
1361,2776,89,2024-01-30,2,Completed
1362,1769,54,2023-04-02,2,Returned
1363,6227,90,2023-12-10,2,Returned
1364,6622,86,2023-07-30,4,Completed
1365,783,73,2023-11-14,2,
1366,7821,97,2023-07-15,4,Returned
1367,9147,87,2024-05-27,3,Cancelled
1368,9852,99,2023-12-09,4,Completed
1369,141,84,2023-08-09,,Completed
1370,720,97,2023-07-13,1,Completed
1371,1651,35,2023-01-12,2,Completed
1372,7886,30,2023-04-13,1,Completed
1373,3574,55,2023-03-21,2,Completed
1374,1016,94,2024-04-23,1,
1375,4384,86,2023-03-29,3,Completed
1376,8535,1,2023-11-30,4,Completed
1377,6293,15,2023-01-19,2,Completed
1378,6354,25,2023-10-30,2,Cancelled
1379,9168,20,2023-01-26,1,Completed
1380,3121,71,2023-12-06,1,Completed
1381,1824,16,2024-01-17,3,Completed
1382,4427,52,2024-06-14,1,Completed
1383,11,87,2024-06-03,,Completed
1384,4605,85,2024-02-03,3,Completed
1385,9661,65,2023-01-04,2,Completed
1386,9306,84,2023-12-27,1,Completed
1387,8814,83,2024-06-25,2,Cancelled
1388,901,70,2024-05-08,4,Completed
1389,3748,96,2023-08-26,,Completed
1390,1472,1,2023-10-18,1,Completed
1391,6862,94,2024-08-15,4,Completed
1392,3104,16,2024-08-13,1,Returned
1393,8519,27,2023-07-04,2,Completed
1394,74,18,2023-03-27,2,
1395,251,77,2023-11-29,,Completed
1396,2498,44,2023-10-20,1,Completed
1397,4629,50,2024-07-10,1,Returned
1398,8488,92,2023-09-05,3,
1399,298,74,2023-12-24,4,Completed
1400,8494,14,2024-05-13,3,Completed
1401,8777,52,2023-06-04,2,Completed
1402,6518,93,2023-03-05,,Completed
1403,1635,75,2023-08-28,,
1404,5006,50,2024-04-26,4,Completed
1405,6030,91,2023-12-11,4,Completed
1406,8245,17,2023-12-17,4,Cancelled
1407,5616,3,2023-05-25,1,Completed
1408,2845,62,2024-05-12,1,Completed
1409,5624,95,2023-05-10,3,Completed
1410,4591,21,2024-02-27,,Completed
1411,4949,33,2023-03-15,4,
1412,5191,1,2024-07-19,1,Completed
1413,7885,70,2023-08-26,1,Pending
1414,6333,56,2024-01-26,4,Completed
1415,663,4,2024-03-02,3,Returned
1416,8200,22,2023-12-31,2,Completed
1417,6476,77,2023-05-21,3,
1418,3088,58,2023-05-08,1,Cancelled
1419,4762,44,2024-05-10,,Completed
1420,669,57,2023-09-14,4,Completed
1421,9478,94,2023-05-06,,Pending
1422,3621,40,2023-04-14,1,Cancelled
1423,161,90,2023-05-12,4,Completed
1424,6461,56,2023-09-18,3,Cancelled
1425,18,63,2024-01-13,2,Completed
1426,2534,39,2023-08-12,2,Returned
1427,6511,7,2023-09-19,,Cancelled
1428,4447,14,2023-07-23,3,Completed
1429,5555,90,2024-03-12,2,Completed
1430,2919,18,2023-12-26,,Completed
1431,9246,55,2024-01-03,2,Pending
1432,316,56,2023-10-16,4,Completed
1433,4833,88,2023-04-08,4,Returned
1434,2212,57,2023-06-20,3,Completed
1435,7070,58,2023-11-22,3,Completed
1436,8512,25,2024-02-12,1,Returned
1437,5134,96,2024-02-02,,Completed
1438,6423,70,2024-02-13,1,Completed
1439,4528,80,2024-01-22,3,Completed
1440,2716,3,2023-10-05,1,Completed
1441,8826,21,2024-06-07,1,Completed
1442,9898,32,2023-06-06,3,Completed
1443,6666,2,2023-11-07,4,Cancelled
1444,7108,20,2023-09-08,2,Cancelled
1445,5133,75,2023-07-20,1,Completed
1446,8865,18,2023-12-18,3,Completed
1447,8663,54,2024-06-05,4,Returned
1448,6783,75,2023-10-13,1,Pending
1449,2608,99,2023-03-28,3,Completed
1450,3333,36,2023-07-24,1,Completed
1451,4698,76,2024-03-26,2,Completed
1452,9575,61,2024-01-08,2,Completed
1453,6746,60,2024-01-18,4,Completed
1454,5635,95,2024-06-16,2,Completed
1455,6261,36,2024-04-22,2,Completed
1456,1186,94,2023-05-25,3,Cancelled
1457,6996,44,2024-02-06,3,Completed
1458,6110,68,2024-02-27,2,Completed
1459,6442,66,2024-05-21,2,Completed
1460,916,44,2023-05-30,3,Completed
1461,7465,77,2023-01-08,4,Returned
1462,1618,90,2024-01-01,1,Completed
1463,9876,29,2023-10-23,2,Completed
1464,2426,48,2023-12-23,3,Cancelled
1465,426,36,2023-06-30,4,Cancelled
1466,1788,92,2024-06-20,4,Completed
1467,2585,8,2023-12-06,3,Completed
1468,4649,5,2024-04-04,2,Cancelled
1469,169,96,2024-01-06,3,
1470,515,94,2023-08-05,1,
1471,3436,78,2024-01-04,1,
1472,4526,47,2023-05-24,,Completed
1473,2617,43,2024-02-04,,Completed
1474,8883,10,2023-02-19,3,Completed
1475,3205,10,2023-02-09,2,Completed
1476,7766,6,2023-04-27,3,Completed
1477,8545,16,2023-03-28,3,Completed
1478,1118,60,2024-02-21,2,Completed
1479,1406,26,2024-04-29,3,Completed
1480,5415,21,2023-09-17,1,Cancelled
1481,6342,100,2024-07-18,1,Completed
1482,4175,58,2023-05-21,4,Completed
1483,678,41,2023-11-05,,Completed
1484,8743,30,2024-05-25,4,Completed
1485,9012,5,2023-07-12,3,Returned
1486,214,10,2024-05-10,1,
1487,1667,95,2023-08-11,2,Completed
1488,9086,11,2023-03-18,1,Completed
1489,4255,63,2023-08-10,3,Completed
1490,2787,7,2024-07-13,2,
1491,8214,59,2023-08-10,3,Completed
1492,5861,12,2023-12-04,,Returned
1493,1262,64,2023-09-19,2,Cancelled
1494,1173,41,2024-06-20,2,Returned
1495,4881,60,2023-02-25,1,
1496,2055,72,2024-07-12,1,Completed
1497,2816,28,2023-09-08,2,Completed
1498,4675,80,2024-03-14,3,Returned
1499,5197,63,2023-04-27,3,Returned
1500,4585,3,2024-03-30,4,Cancelled
1501,5022,32,2023-09-20,2,Returned
1502,6231,21,2023-09-30,3,Cancelled
1503,9980,55,2023-01-07,3,
1504,2632,18,2023-08-09,1,Completed
1505,6346,53,2024-03-19,2,Completed
1506,8097,75,2023-04-28,3,Cancelled
1507,6301,61,2023-06-20,1,Completed
1508,7349,50,2023-07-30,4,Completed
1509,5845,8,2023-12-02,1,Returned
1510,2177,12,2023-03-18,1,Completed
1511,5363,51,2024-02-11,1,Completed
1512,8098,66,2024-06-09,2,Completed
1513,5600,41,2024-05-03,2,Completed
1514,9069,22,2023-09-12,2,Cancelled
1515,4259,9,2023-12-21,1,Completed
1516,9147,78,2023-02-05,1,Returned
1517,4120,79,2023-04-19,1,Completed
1518,6641,11,2024-01-15,1,Completed
1519,4289,13,2024-02-16,3,Completed
1520,878,56,2023-05-22,3,Completed
1521,4486,28,2023-09-13,2,Returned
1522,2545,89,2024-04-04,1,Completed
1523,5060,64,2024-02-23,,Completed
1524,7165,64,2023-08-17,4,Completed
1525,2601,70,2023-06-17,4,Returned
1526,3529,55,2023-03-09,1,Cancelled
1527,2409,37,2023-06-08,1,Returned
1528,4861,33,2023-10-02,3,Completed
1529,3949,25,2023-08-25,1,Completed
1530,9431,23,2023-04-06,2,Completed
1531,2335,60,2023-07-15,1,Pending
1532,768,56,2023-10-18,1,Cancelled
1533,4884,63,2024-01-05,1,Completed
1534,4207,8,2023-09-10,3,Completed
1535,5949,17,2023-12-11,3,Completed
1536,7086,95,2024-04-01,1,Completed
1537,745,90,2023-07-23,1,Cancelled
1538,4175,57,2024-04-05,3,Completed
1539,9710,75,2023-09-02,2,Completed
1540,7199,62,2023-04-24,3,Completed
1541,2557,94,2024-04-07,4,Returned
1542,5067,11,2024-08-12,1,Pending
1543,7798,67,2023-03-13,2,Completed
1544,4162,40,2024-03-27,3,Completed
1545,9587,40,2023-12-01,2,Completed
1546,287,56,2023-05-14,1,Completed
1547,3248,53,2023-07-18,2,Completed
1548,5100,85,2023-09-03,4,Completed
1549,4,99,2023-09-14,,Returned
1550,5936,28,2024-05-15,3,Completed
1551,412,86,2023-08-04,2,Completed
1552,4346,42,2023-03-13,2,Completed
1553,3728,46,2024-05-05,1,Completed
1554,1357,18,2023-11-16,1,Completed
1555,8350,23,2023-02-17,2,Completed
1556,1601,26,2023-08-23,3,Completed
1557,7158,99,2023-04-28,1,Pending
1558,5707,29,2023-02-24,,Completed
1559,5560,52,2024-05-16,1,Cancelled
1560,7197,75,2024-05-01,3,Returned
1561,5074,46,2024-04-16,4,Completed
1562,2383,1,2024-01-23,1,Completed
1563,153,63,2024-06-13,1,Completed
1564,9822,16,2024-07-24,1,Completed
1565,2797,25,2023-11-23,,Completed
1566,7283,62,2023-05-30,2,Completed
1567,6952,82,2024-03-11,1,Completed
1568,2806,80,2023-05-03,4,Completed
1569,4081,83,2023-06-07,3,Pending
1570,9248,16,2024-05-23,1,Pending
1571,5851,69,2023-10-13,2,Completed
1572,7363,91,2024-01-31,2,Completed
1573,1329,70,2023-01-19,1,Completed
1574,2393,34,2024-06-15,2,Completed
1575,3154,80,2023-09-17,1,Completed
1576,8193,53,2024-03-30,3,Cancelled
1577,167,23,2023-10-25,1,Completed
1578,3255,43,2024-02-14,1,Completed
1579,5061,44,2024-05-28,,Cancelled
1580,1886,32,2023-02-09,2,Completed
1581,4369,23,2023-10-01,1,Completed
1582,7530,20,2023-03-04,4,Completed
1583,900,19,2024-01-29,4,Cancelled
1584,2249,93,2024-08-02,1,Pending
1585,3413,72,2024-01-10,3,Completed
1586,6450,29,2024-01-01,3,Completed
1587,9412,18,2024-03-21,3,Completed
1588,3133,69,2024-05-25,4,Completed
1589,8156,12,2023-09-05,3,Completed
1590,8137,10,2023-02-25,,Pending
1591,360,37,2024-02-11,4,Cancelled
1592,6451,81,2024-04-24,1,Completed
1593,7648,96,2023-09-17,,Cancelled
1594,8526,55,2024-07-29,2,Completed
1595,731,4,2023-12-20,3,Pending
1596,7068,95,2023-09-05,4,Completed
1597,9690,63,2023-03-01,2,Pending
1598,1418,90,2023-05-21,1,Cancelled
1599,7768,12,2023-09-13,,Completed
1600,7889,18,2023-05-04,1,Completed
1601,3764,8,2024-07-17,2,Completed
1602,9936,32,2023-11-25,3,Completed
1603,6929,84,2023-10-24,1,Completed
1604,5697,49,2024-02-14,4,Completed
1605,879,63,2024-05-31,1,Completed
1606,5483,77,2023-01-20,,Completed
1607,2885,59,2023-12-30,,Completed
1608,2298,87,2023-05-11,3,Returned
1609,8853,67,2023-06-15,3,Returned
1610,7372,99,2023-04-26,2,Pending
1611,3986,39,2023-08-12,2,Completed
1612,1270,50,2023-06-28,2,Cancelled
1613,1295,85,2023-01-02,4,Completed
1614,1010,71,2023-10-28,3,Cancelled
1615,1758,26,2023-08-19,4,Completed
1616,7777,23,2023-12-02,2,Completed
1617,9384,96,2023-10-09,2,Cancelled
1618,6579,63,2024-06-29,1,Returned
1619,8181,66,2023-02-24,2,Completed
1620,9246,39,2023-06-19,4,Completed
1621,2842,66,2023-04-25,3,Completed
1622,5717,46,2024-04-21,4,Pending
1623,2405,15,2024-03-07,4,Completed
1624,3563,16,2024-08-16,1,
1625,1272,90,2024-07-13,1,
1626,9912,72,2024-05-11,2,Returned
1627,8445,16,2024-01-26,2,Returned
1628,2769,85,2023-05-10,1,
1629,9752,39,2024-02-02,1,Completed
1630,7802,11,2023-11-09,4,Completed
1631,8929,88,2023-02-27,3,Returned
1632,6143,36,2024-05-08,2,Completed
1633,1929,18,2023-07-06,2,Completed
1634,6267,23,2023-01-28,1,Completed
1635,5414,77,2024-03-23,3,Completed
1636,6829,49,2023-12-25,1,Completed
1637,2191,42,2024-02-04,,Completed
1638,1003,44,2023-04-20,1,Completed
1639,6655,1,2023-02-20,4,Cancelled
1640,8095,7,2024-05-06,3,Pending
1641,6068,48,2023-06-01,2,Completed
1642,3753,85,2023-07-14,,Completed
1643,6201,16,2024-03-10,1,Completed
1644,4138,48,2023-12-04,1,
1645,3703,78,2023-12-31,2,Completed
1646,5944,43,2023-12-09,4,Completed
1647,4439,51,2023-06-27,1,Completed
1648,4428,66,2023-05-22,1,Completed
1649,5557,31,2023-07-02,2,Completed
1650,8533,39,2023-11-18,3,Returned
1651,2389,9,2023-09-12,1,Cancelled
1652,6993,41,2023-12-02,2,Completed
1653,6326,63,2023-01-14,2,Completed
1654,1701,14,2024-01-04,1,Completed
1655,5384,58,2023-06-27,3,Cancelled
1656,1234,74,2023-05-01,2,Completed
1657,2299,88,2024-05-09,4,Cancelled
1658,8330,97,2023-02-07,3,Completed
1659,2931,98,2023-10-22,1,Cancelled
1660,1834,84,2023-06-12,2,Completed
1661,2140,64,2023-05-21,,Cancelled
1662,8400,28,2024-06-04,2,Completed
1663,9880,4,2024-03-15,2,Completed
1664,6437,34,2024-04-12,3,Pending
1665,2209,4,2023-12-18,1,Completed
1666,7554,70,2023-05-26,3,Completed
1667,5623,58,2023-10-02,3,Pending
1668,9043,86,2023-06-04,2,Completed
1669,6287,4,2024-06-27,1,Cancelled
1670,7937,50,2023-06-04,,Completed
1671,3691,5,2023-11-05,1,Completed
1672,2610,75,2023-07-03,2,Completed
1673,6179,45,2023-02-11,4,Returned
1674,224,35,2023-03-06,1,Completed
1675,3775,83,2023-09-02,,Completed
1676,9604,75,2023-12-08,2,Completed
1677,7917,75,2023-01-04,2,Completed
1678,8515,27,2023-08-23,2,Pending
1679,5974,2,2024-05-23,4,Completed
1680,9704,54,2024-02-12,,
1681,2087,72,2023-10-01,2,Completed
1682,6897,98,2023-05-13,2,Completed
1683,7484,84,2023-08-10,2,Completed
1684,7664,87,2024-04-12,2,Pending
1685,7285,79,2023-12-01,1,Completed
1686,5462,48,2023-07-27,4,Pending
1687,2288,77,2023-08-11,,Completed
1688,8879,95,2024-06-16,4,Cancelled
1689,9661,49,2023-12-28,2,Cancelled
1690,4836,78,2023-02-23,4,Completed
1691,9189,1,2023-07-12,4,Completed
1692,2535,91,2023-12-20,2,Cancelled
1693,5531,33,2024-01-22,,Completed
1694,623,35,2023-04-04,1,Completed
1695,1076,54,2023-02-19,1,Completed
1696,6877,56,2023-11-03,1,Completed
1697,8496,15,2023-04-25,1,Completed
1698,8856,69,2024-04-07,2,Completed
1699,5238,4,2023-03-25,,Completed
1700,3995,84,2024-07-14,3,Completed
1701,2695,64,2023-06-09,3,Completed
1702,4305,22,2023-04-26,2,Completed
1703,3199,24,2024-06-20,2,Completed
1704,5413,47,2023-09-09,2,Returned
1705,8711,75,2024-04-04,2,Pending
1706,7390,6,2023-05-23,3,
1707,4434,27,2023-07-20,3,Completed
1708,5910,10,2023-02-25,2,Completed
1709,8018,39,2023-08-25,4,Cancelled
1710,3811,74,2024-02-20,1,Cancelled
1711,913,90,2024-03-13,2,Completed
1712,7443,37,2024-07-30,,Cancelled
1713,4903,54,2024-03-02,,Completed
1714,3189,97,2024-08-11,1,
1715,9508,51,2023-03-06,2,Pending
1716,3229,60,2023-05-29,2,Completed
1717,572,72,2023-09-11,1,Completed
1718,7769,51,2023-10-11,3,Completed
1719,5136,62,2024-03-03,2,Completed
1720,8290,49,2024-01-05,3,Completed
1721,4034,51,2023-01-26,1,Pending
1722,1640,28,2023-11-24,,Returned
1723,6444,36,2023-11-02,3,Cancelled
1724,4843,25,2023-08-11,3,Returned
1725,5542,36,2023-07-04,3,Completed
1726,4028,77,2023-08-10,,Cancelled
1727,261,60,2023-12-12,,Cancelled
1728,9128,7,2023-08-07,3,Returned
1729,1798,65,2023-01-19,3,Completed
1730,332,73,2023-02-23,3,Returned
1731,4211,92,2023-03-05,2,Pending
1732,8460,36,2023-05-05,1,Completed
1733,2060,94,2024-02-16,2,Completed
1734,73,73,2024-07-13,3,Pending
1735,5112,30,2023-10-30,1,Completed
1736,2922,99,2023-09-14,2,Completed
1737,3889,47,2023-09-21,2,Completed
1738,178,91,2024-06-22,2,Cancelled
1739,2000,29,2024-04-28,4,Returned
1740,8964,5,2023-03-07,1,Cancelled
1741,9138,65,2024-08-19,4,Completed
1742,7427,69,2023-12-22,3,
1743,4496,63,2024-03-12,1,Completed
1744,270,93,2023-08-16,3,
1745,1656,56,2023-03-20,2,Pending
1746,2534,17,2023-05-12,2,Completed
1747,4983,51,2024-05-15,2,Completed
1748,4362,37,2023-03-02,,Completed
1749,6119,88,2024-07-12,,Completed
1750,8697,91,2023-10-06,,Returned
1751,2405,9,2023-11-14,4,Completed
1752,2202,38,2024-04-27,1,Completed
1753,6020,53,2023-08-21,2,Cancelled
1754,5660,13,2023-01-09,4,Completed
1755,1154,90,2024-05-09,4,Cancelled
1756,4162,53,2023-03-28,2,Cancelled
1757,1337,75,2023-02-24,4,Completed
1758,8599,88,2023-03-14,1,Returned
1759,3479,97,2024-05-21,3,Cancelled
1760,277,49,2024-02-24,2,Cancelled
1761,6759,70,2023-12-09,3,Completed
1762,3481,35,2023-10-19,3,Completed
1763,2362,16,2024-06-03,,Completed
1764,5369,13,2023-05-09,1,Completed
1765,8653,11,2024-03-18,4,Returned
1766,2447,87,2023-02-02,3,Completed
1767,9775,2,2023-05-24,3,Completed
1768,7602,94,2023-09-15,2,Completed
1769,5052,19,2023-10-11,,Completed
1770,3518,45,2024-01-23,2,Completed
1771,4803,46,2023-07-22,1,Completed
1772,2376,47,2023-10-14,3,Cancelled
1773,7851,49,2024-05-25,1,Completed
1774,6745,79,2023-09-15,2,Completed
1775,6390,42,2024-08-08,1,Completed
1776,6249,33,2024-06-07,2,Completed
1777,972,41,2023-02-17,2,Cancelled
1778,7137,69,2023-08-21,1,Returned
1779,9518,86,2023-10-07,4,Completed
1780,8345,91,2023-06-15,2,Cancelled
1781,3961,99,2023-11-13,2,Pending
1782,3087,19,2024-04-27,4,Completed
1783,8922,39,2023-07-19,2,Completed
1784,3968,7,2023-11-10,3,Completed
1785,4952,39,2024-05-15,2,Cancelled
1786,4003,98,2024-06-30,3,Completed
1787,2333,34,2023-01-04,3,Completed
1788,9766,91,2024-08-06,1,Completed
1789,4376,44,2023-11-12,3,Cancelled
1790,686,69,2023-12-06,3,Completed
1791,3889,68,2024-05-17,2,Pending
1792,9772,63,2023-08-05,3,Completed
1793,969,71,2024-03-23,2,Returned
1794,7321,48,2023-03-30,3,Completed
1795,2034,3,2024-07-15,3,Pending
1796,7076,85,2023-03-21,1,Returned
1797,5262,34,2024-04-02,3,Completed
1798,8960,9,2023-05-29,4,Completed
1799,646,61,2024-02-13,2,Cancelled
1800,4122,20,2023-06-30,4,Completed
1801,8113,40,2024-02-15,2,Pending
1802,9272,12,2024-04-03,4,Completed
1803,6437,28,2024-02-28,1,Completed
1804,8829,48,2024-01-12,1,Completed
1805,7098,97,2023-09-11,1,Completed
1806,8293,74,2023-04-05,4,Completed
1807,5587,75,2024-02-06,2,Cancelled
1808,869,7,2023-12-02,3,Cancelled
1809,5915,82,2023-06-07,4,Returned
1810,8214,83,2024-08-02,1,Completed
1811,6356,14,2024-04-11,2,Returned
1812,1904,81,2023-06-23,3,Completed
1813,2577,87,2023-12-28,2,Completed
1814,4110,19,2023-10-29,1,Completed
1815,4615,54,2023-04-08,3,Pending
1816,8015,60,2024-05-05,2,Cancelled
1817,3294,67,2023-07-20,1,Completed
1818,1936,34,2023-07-09,1,Completed
1819,616,89,2023-12-12,1,Completed
1820,5058,41,2023-02-15,2,Completed
1821,8479,31,2023-08-26,1,Completed
1822,1924,39,2023-12-07,2,Completed
1823,6456,78,2024-02-24,4,Completed
1824,7605,52,2024-05-15,4,Cancelled
1825,8153,47,2023-06-21,4,Completed
1826,2774,20,2024-06-28,3,Completed
1827,5194,96,2024-05-20,2,Completed
1828,9185,97,2023-12-30,3,Completed
1829,9777,52,2024-01-01,,Cancelled
1830,1904,95,2023-07-12,4,Cancelled
1831,9068,71,2023-02-05,3,Completed
1832,144,62,2023-04-17,2,Completed
1833,7497,5,2023-12-18,3,Returned
1834,2257,57,2024-04-21,1,Returned
1835,9315,4,2023-01-17,,Completed
1836,700,11,2023-06-02,2,Cancelled
1837,6319,19,2024-04-06,2,Pending
1838,271,84,2023-06-27,1,Completed
1839,8255,27,2023-05-27,1,Pending
1840,1008,29,2024-04-07,1,Completed
1841,7204,18,2023-05-07,1,Completed
1842,3725,37,2024-05-20,2,Completed
1843,6600,61,2023-05-15,1,Completed
1844,9485,47,2023-01-10,,Pending
1845,6488,89,2023-04-08,2,Completed
1846,7918,20,2023-10-06,2,Completed
1847,4510,70,2023-01-10,2,Completed
1848,5401,100,2024-01-07,1,
1849,4321,49,2023-10-18,4,Completed
1850,9370,15,2024-03-06,2,Completed
1851,5473,18,2023-10-10,1,Completed
1852,7207,38,2023-07-14,1,Returned
1853,6873,89,2024-07-07,2,Completed
1854,7924,84,2023-06-04,3,Completed
1855,4717,22,2023-02-08,2,Completed
1856,7119,76,2024-04-16,3,Completed
1857,2621,60,2023-10-20,3,Completed
1858,2537,97,2023-12-31,3,Pending
1859,5104,93,2023-03-04,2,Returned
1860,7081,66,2024-03-01,3,
1861,5318,26,2024-07-29,1,Completed
1862,1196,64,2023-04-27,2,Completed
1863,8700,96,2024-01-20,1,Completed
1864,405,58,2023-10-11,1,Completed
1865,1295,3,2023-05-07,3,Pending
1866,6055,30,2024-07-04,3,
1867,3626,19,2023-01-23,1,Returned
1868,7869,10,2023-04-26,1,Completed
1869,2820,89,2024-02-03,,Cancelled
1870,4760,46,2024-07-18,2,Completed
1871,5746,19,2023-02-09,1,Returned
1872,7565,58,2023-04-06,1,Completed
1873,3638,85,2023-04-05,3,Completed
1874,1874,6,2023-10-25,2,Completed
1875,1407,51,2023-01-18,1,Returned
1876,5515,14,2024-03-03,3,Completed
1877,1578,58,2023-04-02,2,Completed
1878,7773,8,2023-07-16,3,
1879,5380,2,2023-09-07,,Completed
1880,5312,18,2024-02-07,1,Completed
1881,8829,86,2024-06-26,,Completed
1882,5548,57,2023-01-09,4,Completed
1883,808,94,2023-04-08,2,Completed
1884,2396,100,2023-09-04,4,Completed
1885,4525,92,2024-08-20,3,Completed
1886,1416,35,2024-03-18,4,Completed
1887,7509,66,2024-04-21,3,Completed
1888,2450,56,2023-07-08,1,Completed
1889,3497,100,2024-06-19,3,Pending
1890,7104,82,2023-03-10,1,Pending
1891,4733,43,2023-09-28,1,Cancelled
1892,7023,73,2023-10-10,3,Returned
1893,7496,92,2023-01-16,,Cancelled
1894,8707,72,2023-07-15,3,Returned
1895,5100,8,2023-03-17,4,Cancelled
1896,7333,5,2023-10-14,1,Completed
1897,3295,13,2023-12-18,3,Pending
1898,2909,7,2023-05-30,3,Completed
1899,5417,21,2023-01-13,1,Completed
1900,9559,93,2024-03-17,1,Cancelled
1901,8533,37,2023-05-10,4,Pending
1902,9753,45,2023-09-11,2,Completed
1903,5671,52,2024-05-07,2,Completed
1904,2469,48,2023-02-17,,Completed
1905,2429,62,2023-05-05,,Pending
1906,3689,78,2024-03-06,4,Cancelled
1907,6149,51,2024-07-16,4,Completed
1908,2028,4,2024-06-10,1,Cancelled
1909,7172,86,2023-02-02,1,Completed
1910,316,56,2023-01-28,,Completed
1911,3990,75,2024-08-12,3,Cancelled
1912,9294,34,2023-06-29,3,Completed
1913,531,45,2024-01-10,1,Completed
1914,7885,16,2024-04-14,4,Completed
1915,1860,9,2024-08-11,1,Returned
1916,4758,80,2024-01-06,1,Completed
1917,7873,16,2024-01-27,1,Completed
1918,9412,95,2024-02-12,3,Completed
1919,9959,31,2023-07-27,3,Completed
1920,1068,13,2023-06-23,2,Returned
1921,728,5,2023-11-24,1,
1922,244,47,2024-02-12,4,Completed
1923,9978,39,2024-01-02,,Returned
1924,712,18,2023-07-13,1,Cancelled
1925,7925,20,2023-09-11,4,Completed
1926,9701,2,2023-11-27,,
1927,8463,40,2024-07-20,2,Completed
1928,9990,30,2023-03-05,1,Completed
1929,2561,10,2024-02-03,,Pending
1930,5140,64,2024-03-08,1,Completed
1931,3561,42,2023-02-04,1,Returned
1932,4004,75,2023-01-05,3,Completed
1933,2178,53,2024-07-05,3,Completed
1934,838,93,2024-04-19,3,Completed
1935,3715,53,2023-05-17,3,Completed
1936,3079,40,2024-03-03,3,Cancelled
1937,9969,16,2024-01-29,2,Completed
1938,5033,48,2024-02-21,2,Cancelled
1939,1651,61,2024-01-09,2,Completed
1940,2949,92,2023-04-08,4,Returned
1941,2521,81,2023-10-22,,Pending
1942,7270,38,2024-04-14,2,Completed
1943,7598,44,2024-02-15,1,
1944,9365,15,2024-06-10,,Completed
1945,363,95,2024-01-18,1,Completed
1946,8842,61,2024-02-16,1,Completed
1947,2257,7,2024-07-22,4,Completed
1948,7353,30,2023-08-21,3,Completed
1949,9328,36,2024-07-11,2,Pending
1950,4359,90,2023-08-09,,Returned
1951,5298,11,2024-05-22,,Completed
1952,4862,70,2024-03-17,2,Cancelled
1953,876,29,2023-11-25,4,Completed
1954,5956,92,2024-07-20,3,Completed
1955,7130,79,2024-06-22,1,Cancelled
1956,3852,93,2023-06-03,,Completed
1957,9345,6,2023-12-29,1,Cancelled
1958,7806,76,2023-11-07,2,Completed
1959,6657,51,2023-12-28,2,Cancelled
1960,1923,80,2023-10-13,3,Returned
1961,8821,38,2023-04-02,1,Completed
1962,9917,73,2023-11-20,4,Completed
1963,1129,22,2023-03-05,3,Completed
1964,4562,97,2023-10-28,1,Completed
1965,8956,90,2024-02-27,3,Completed
1966,1020,54,2024-01-06,2,Completed
1967,5025,40,2024-02-13,2,Returned
1968,7575,7,2023-07-10,1,Completed
1969,3928,96,2023-12-17,3,Completed
1970,2842,40,2023-09-01,1,Completed
1971,5478,24,2023-12-27,4,Completed
1972,8867,41,2023-11-11,1,
1973,1009,51,2023-10-29,2,Returned
1974,1227,39,2023-03-16,2,Completed
1975,1636,83,2023-07-13,3,Cancelled
1976,7262,43,2023-03-04,1,Cancelled
1977,8516,69,2024-03-15,1,Cancelled
1978,7530,94,2023-04-05,1,Completed
1979,1686,59,2024-06-09,3,Pending
1980,3713,25,2023-12-24,1,Returned
1981,7059,94,2023-03-29,1,Completed
1982,8734,25,2024-08-12,1,Completed
1983,2945,73,2023-02-02,4,Completed
1984,1328,91,2024-06-01,,Completed
1985,5907,24,2024-03-20,3,Pending
1986,8831,62,2023-09-15,2,Cancelled
1987,2261,43,2024-05-24,1,Completed
1988,1430,59,2023-04-27,2,Completed
1989,9154,54,2024-08-09,2,Completed
1990,2963,79,2024-06-04,2,Completed
1991,7387,26,2024-02-25,2,Completed
1992,2469,54,2023-08-21,2,Returned
1993,3229,61,2024-06-14,1,Returned
1994,8321,94,2023-07-12,1,Pending
1995,4400,75,2023-12-24,1,Cancelled
1996,3967,93,2023-11-06,1,Pending
1997,9109,79,2024-06-07,1,Cancelled
1998,5282,44,2023-06-08,1,Returned
1999,5018,9,2024-04-23,1,Cancelled
2000,5156,42,2024-01-22,1,Pending
2001,1251,29,2024-04-03,1,Completed
2002,4689,79,2023-03-31,1,Returned
2003,4074,81,2023-01-14,2,Completed
2004,3788,80,2023-05-22,3,Completed
2005,9132,58,2023-01-29,,Completed
2006,5659,86,2023-06-05,,Completed
2007,9194,63,2023-02-25,2,Completed
2008,3773,49,2024-04-26,2,Cancelled
2009,2213,11,2023-06-04,1,Completed
2010,6868,89,2023-06-22,,Cancelled
2011,6964,54,2023-05-27,4,
2012,9803,30,2024-02-12,4,Returned
2013,9820,66,2023-11-08,1,Completed
2014,5694,65,2023-07-23,2,Cancelled
2015,3992,58,2024-03-13,1,Completed
2016,9296,57,2024-08-05,,Completed
2017,2188,37,2023-05-16,1,Completed
2018,3033,54,2023-08-09,3,
2019,3904,73,2023-07-06,1,Cancelled
2020,8221,69,2023-07-18,4,Cancelled
2021,9453,24,2023-01-18,1,Completed
2022,3671,63,2023-11-06,4,Completed
2023,5728,91,2023-08-12,2,
2024,4895,94,2024-01-26,3,Completed
2025,5519,51,2023-02-11,1,Completed
2026,2337,15,2023-03-16,4,Completed
2027,3324,47,2023-08-10,4,Completed
2028,7121,73,2024-07-21,2,Completed
2029,7860,46,2023-09-01,3,Completed
2030,100,30,2023-11-20,1,
2031,3657,79,2024-03-10,1,Cancelled
2032,6787,20,2024-02-24,2,Cancelled
2033,694,57,2024-08-16,3,Cancelled
2034,4802,49,2023-11-19,3,Pending
2035,8210,56,2023-07-30,3,Returned
2036,3710,56,2023-06-26,3,Completed
2037,2771,25,2023-07-17,,Completed
2038,1031,9,2024-02-15,2,
2039,4476,22,2024-03-30,2,Cancelled
2040,4210,77,2023-10-31,4,Completed
2041,6996,37,2023-01-09,2,Completed
2042,1620,28,2024-04-11,2,
2043,9043,14,2023-06-22,4,
2044,9168,30,2024-05-12,4,Completed
2045,2517,39,2024-05-14,3,Pending
2046,9708,57,2023-02-08,1,Completed
2047,7996,5,2023-01-20,2,Completed
2048,1126,12,2024-01-28,1,Completed
2049,8685,35,2024-08-21,2,Pending
2050,6907,41,2024-04-07,2,Cancelled
2051,5605,63,2024-02-29,1,Completed
2052,3037,42,2023-06-11,2,Completed
2053,2527,65,2024-07-01,3,Completed
2054,167,65,2023-10-19,4,Completed
2055,4190,43,2023-10-13,1,Completed
2056,7349,60,2023-08-22,2,Cancelled
2057,576,20,2023-03-07,2,Completed
2058,7172,98,2023-09-07,1,Pending
2059,8798,98,2023-11-04,2,Completed
2060,3344,63,2023-12-08,4,Returned
2061,1819,24,2023-07-29,1,Cancelled
2062,9348,92,2023-09-17,2,Completed
2063,9008,75,2023-04-29,2,Completed
2064,6024,72,2023-01-22,1,Completed
2065,9728,35,2023-10-22,1,Pending
2066,7980,41,2023-09-05,4,Completed
2067,9155,16,2023-12-21,4,Completed
2068,5172,80,2023-09-25,3,
2069,5410,6,2024-05-24,2,Pending
2070,4542,20,2024-06-28,4,Completed
2071,6381,56,2023-04-17,1,Cancelled
2072,3861,75,2023-01-23,4,Completed
2073,1515,8,2023-10-23,2,Completed
2074,1068,84,2023-10-05,4,Completed
2075,882,96,2024-06-14,1,Completed
2076,6910,97,2023-04-22,4,Cancelled
2077,5033,6,2023-05-06,3,Completed
2078,6503,92,2024-04-07,1,Completed
2079,3640,8,2023-07-17,2,Cancelled
2080,9742,62,2024-08-05,2,Completed
2081,4558,14,2024-03-18,1,Cancelled
2082,8293,3,2024-04-19,2,Completed
2083,3533,2,2023-12-27,2,Completed
2084,2817,22,2023-10-01,1,Completed
2085,6412,97,2023-01-08,2,Completed
2086,408,85,2023-05-27,1,Completed
2087,7205,70,2023-10-19,1,Completed
2088,2516,71,2024-01-31,1,Completed
2089,8134,6,2023-05-08,1,Completed
2090,1740,50,2023-04-03,,Completed
2091,4053,44,2023-12-31,,Completed
2092,259,8,2023-07-13,4,Cancelled
2093,8701,24,2024-07-01,1,Completed
2094,5787,27,2023-01-09,3,Completed
2095,3684,53,2024-03-04,3,Completed
2096,4721,51,2023-01-15,1,Cancelled
2097,3727,28,2024-03-04,4,Cancelled
2098,679,59,2024-08-13,,Completed
2099,9476,69,2023-04-16,3,Pending
2100,9099,83,2023-11-04,1,
2101,8460,73,2023-05-14,3,Completed
2102,6127,25,2024-03-08,1,Completed
2103,4907,44,2024-05-25,1,Completed
2104,7899,47,2023-08-10,3,Returned
2105,1201,13,2023-03-21,2,Completed
2106,5356,53,2023-03-16,1,Completed
2107,1117,53,2024-08-16,1,Pending
2108,6345,37,2023-06-13,3,Completed
2109,5931,63,2023-07-22,,Cancelled
2110,9091,66,2023-10-11,2,Returned
2111,1059,40,2024-05-11,1,Returned
2112,7285,78,2023-01-15,2,Completed
2113,688,61,2024-06-28,3,Completed
2114,5578,95,2024-05-27,4,Cancelled
2115,5591,6,2024-04-23,2,Completed
2116,8153,25,2023-10-20,1,Completed
2117,7064,46,2023-09-29,1,Completed
2118,8980,31,2024-07-08,4,Pending
2119,8396,80,2024-02-22,1,Pending
2120,2492,63,2024-02-07,3,Returned
2121,4823,91,2023-05-26,1,
2122,7005,94,2023-10-02,3,Completed
2123,7012,68,2024-02-21,1,Completed
2124,5701,39,2024-04-04,1,Completed
2125,4863,80,2023-06-26,2,Cancelled
2126,5351,36,2024-08-11,2,Pending
2127,9419,7,2024-01-24,2,Completed
2128,9106,85,2023-08-02,3,Completed
2129,9612,66,2024-01-16,2,Cancelled
2130,356,55,2023-06-19,3,Cancelled
2131,3473,72,2023-10-13,2,Completed
2132,8433,42,2024-05-29,3,
2133,7711,27,2024-05-15,2,Completed
2134,8813,2,2023-12-01,4,Completed
2135,855,70,2024-05-30,2,Completed
2136,6364,4,2023-03-15,2,Cancelled
2137,6705,21,2023-12-02,3,
2138,3625,1,2023-01-31,2,Pending
2139,5447,38,2024-06-03,2,Cancelled
2140,9253,60,2023-02-20,4,Completed
2141,8574,76,2023-12-03,3,Completed
2142,6032,91,2023-10-25,4,
2143,6183,14,2023-09-17,3,Completed
2144,1133,79,2023-08-03,1,Completed
2145,2477,88,2023-07-11,4,Cancelled
2146,3136,82,2023-09-05,4,Completed
2147,2080,17,2024-02-21,1,Completed
2148,945,73,2024-04-14,1,Completed
2149,5841,47,2023-12-06,3,Pending
2150,3963,82,2023-09-19,1,
2151,6675,56,2023-01-04,2,Completed
2152,835,53,2023-01-27,,Pending
2153,3751,18,2023-08-16,1,Completed
2154,4185,69,2023-03-14,1,Cancelled
2155,7179,48,2024-05-21,3,Completed
2156,5169,9,2024-01-12,1,Returned
2157,4992,54,2024-07-21,4,Pending
2158,8147,35,2023-12-06,1,Completed
2159,5291,46,2024-04-20,2,Pending
2160,4239,1,2024-01-07,1,Completed
2161,8399,41,2024-07-24,3,Returned
2162,8166,73,2024-07-09,3,Completed
2163,3535,32,2023-10-03,,Pending
2164,2053,84,2023-02-24,2,Completed
2165,8152,77,2023-12-11,4,Completed
2166,29,40,2024-01-18,3,Pending
2167,9406,11,2023-04-11,,Returned
2168,8380,62,2024-04-09,1,Returned
2169,1861,46,2024-08-15,2,Returned
2170,7935,48,2024-03-06,2,Completed
2171,2573,43,2023-03-21,1,
2172,8052,51,2023-01-21,3,Returned
2173,6129,61,2023-08-19,4,Completed
2174,4015,42,2023-06-17,3,Cancelled
2175,4253,26,2024-06-23,1,
2176,2128,11,2023-06-02,1,Pending
2177,2708,25,2024-05-12,1,Completed
2178,9934,40,2023-04-02,,Cancelled
2179,1814,25,2023-12-23,2,Pending
2180,7817,84,2023-12-22,2,Completed
2181,8352,75,2024-02-23,2,
2182,8536,74,2023-01-02,1,Completed
2183,8397,52,2023-07-22,1,Completed
2184,8497,3,2024-03-16,2,Completed
2185,8592,39,2024-02-21,4,Completed
2186,6250,91,2023-01-28,4,Completed
2187,6486,35,2023-08-28,4,Cancelled
2188,9178,40,2024-04-18,,Completed
2189,1806,95,2023-06-12,1,Cancelled
2190,5048,85,2023-04-04,1,Completed
2191,5541,22,2023-06-24,1,Pending
2192,2097,62,2023-07-14,3,
2193,5338,19,2023-06-18,3,Completed
2194,1460,14,2023-12-02,3,Returned
2195,6935,50,2024-06-30,2,Pending
2196,9538,62,2024-01-23,2,Cancelled
2197,8423,87,2024-05-10,2,Completed
2198,3783,90,2024-07-15,1,Completed
2199,3501,43,2023-08-18,4,Pending
2200,9075,55,2024-06-09,,Completed
2201,5606,40,2023-03-09,2,Completed
2202,6420,12,2023-12-20,3,Completed
2203,8625,65,2024-08-01,2,Completed
2204,9401,34,2024-06-22,1,Cancelled
2205,7890,83,2023-05-01,1,Cancelled
2206,5239,23,2024-02-27,1,Completed
2207,1818,71,2023-08-14,3,Completed
2208,7571,7,2024-05-22,1,Completed
2209,5104,65,2023-12-04,4,Completed
2210,618,18,2023-09-15,,Cancelled
2211,8510,8,2024-03-06,1,Completed
2212,6286,89,2023-11-17,1,Completed
2213,457,42,2023-09-13,3,Returned
2214,501,93,2023-07-13,4,Pending
2215,8075,87,2023-05-08,2,Completed
2216,2316,93,2024-05-26,2,Completed
2217,3875,1,2024-04-23,4,Completed
2218,6631,79,2023-12-09,2,Completed
2219,4974,15,2024-03-30,1,Pending
2220,4775,28,2024-02-09,,Completed
2221,1004,36,2023-04-19,1,Completed
2222,6849,96,2024-03-25,1,Completed
2223,4197,46,2024-02-04,2,Pending
2224,6716,77,2024-07-29,1,Returned
2225,1067,21,2023-09-02,,Completed
2226,4717,49,2024-01-18,2,Cancelled
2227,9821,39,2024-08-04,4,Completed
2228,6609,38,2023-09-03,1,Pending
2229,3235,9,2023-02-05,1,Completed
2230,6495,20,2024-01-27,3,Completed
2231,4499,84,2024-07-11,,Pending
2232,5268,8,2023-12-02,1,Pending
2233,6172,14,2024-01-24,3,Completed
2234,8096,62,2023-04-25,1,Completed
2235,3670,84,2023-10-25,4,Pending
2236,4716,35,2023-10-24,,Pending
2237,9658,55,2023-12-10,3,Pending
2238,6070,45,2023-01-03,3,Completed
2239,1962,21,2023-03-17,1,Returned
2240,876,53,2024-04-03,1,Completed
2241,8735,54,2024-04-06,1,Completed
2242,3517,86,2023-03-22,1,Completed
2243,3866,43,2023-08-29,4,Completed
2244,4500,6,2024-04-12,2,Cancelled
2245,9211,55,2023-07-27,1,Completed
2246,7234,44,2023-10-12,4,Completed
2247,9621,91,2023-11-18,,Completed
2248,5948,68,2024-02-06,2,
2249,575,4,2023-05-02,2,Completed
2250,1459,63,2024-02-20,1,Completed
2251,7396,92,2023-05-30,2,Cancelled
2252,9692,91,2023-03-02,2,Returned
2253,9684,58,2023-02-18,,Cancelled
2254,3173,54,2024-04-06,3,
2255,2471,81,2023-09-05,4,Completed
2256,3428,38,2024-06-03,1,Completed
2257,7799,60,2024-01-20,2,Returned
2258,7737,52,2024-06-29,1,Cancelled
2259,4207,29,2023-10-12,4,Completed
2260,2201,40,2023-07-22,1,Completed
2261,2965,71,2024-03-19,2,
2262,6906,8,2024-01-23,1,Pending
2263,3314,97,2023-07-21,3,Completed
2264,2928,96,2023-03-24,2,Completed
2265,8874,35,2024-01-01,2,Returned
2266,8471,82,2023-07-05,1,Completed
2267,4459,16,2024-07-23,2,Completed
2268,1649,18,2024-06-01,3,Completed
2269,5528,59,2023-10-16,,Completed
2270,9351,89,2024-04-24,1,Pending
2271,8185,34,2023-03-19,,Returned
2272,2342,4,2023-01-15,2,Completed
2273,1519,69,2023-03-02,1,Completed
2274,1839,78,2024-01-03,3,Returned
2275,871,65,2024-06-27,2,Completed
2276,5539,61,2023-02-27,1,Cancelled
2277,9534,86,2023-01-22,3,Completed
2278,5478,46,2024-06-09,2,Completed
2279,9364,21,2023-04-16,3,Completed
2280,1129,77,2024-06-06,3,Returned
2281,6500,100,2023-09-30,2,Returned
2282,1285,93,2023-07-29,2,Completed
2283,8763,38,2024-06-09,1,Completed
2284,2865,73,2024-02-29,2,Completed
2285,6046,97,2023-09-20,1,Completed
2286,1978,86,2024-01-10,1,Returned
2287,8639,81,2024-02-15,2,Completed
2288,9473,60,2024-05-20,1,Completed
2289,5040,87,2024-06-21,3,Completed
2290,7040,36,2024-08-15,2,Completed
2291,8829,6,2023-08-06,4,Pending
2292,2974,39,2024-01-17,1,Cancelled
2293,4627,29,2023-07-16,2,Completed
2294,119,27,2024-03-21,3,Completed
2295,8000,69,2024-01-11,,Cancelled
2296,2293,9,2023-09-29,,Pending
2297,2105,24,2024-05-21,2,Pending
2298,1068,63,2024-03-01,3,Completed
2299,424,19,2023-05-15,2,Completed
2300,3820,97,2024-02-01,2,Completed
2301,7704,30,2023-05-10,3,Completed
2302,1281,58,2023-12-31,2,Completed
2303,3433,40,2023-03-23,1,
2304,763,68,2024-04-20,3,Cancelled
2305,1630,32,2023-05-05,4,Cancelled
2306,5500,65,2023-12-24,1,Completed
2307,8635,34,2023-06-06,3,Completed
2308,3015,85,2024-06-16,2,Cancelled
2309,1498,31,2023-02-12,2,Returned
2310,8281,59,2023-08-01,3,Pending
2311,9172,78,2024-05-09,,Cancelled
2312,8654,26,2024-01-09,2,Completed
2313,3553,22,2023-10-27,4,Cancelled
2314,7638,34,2024-03-26,2,Completed
2315,8572,97,2024-06-15,4,Cancelled
2316,4497,13,2023-01-12,4,Pending
2317,4647,96,2024-03-28,4,Cancelled
2318,2984,55,2023-01-21,,Completed
2319,3061,8,2024-01-08,1,Cancelled
2320,7835,62,2024-04-20,2,Cancelled
2321,6805,22,2024-04-10,3,Completed
2322,7511,56,2024-06-11,3,Returned
2323,2951,84,2023-10-19,4,Completed
2324,4541,21,2023-12-12,1,Completed
2325,7419,98,2024-02-04,3,Returned
2326,6064,49,2023-08-29,3,Cancelled
2327,7662,94,2024-01-27,1,
2328,3422,6,2024-01-03,2,Completed
2329,1991,35,2023-11-27,1,Completed
2330,3857,27,2024-05-12,4,Completed
2331,1483,84,2024-05-22,1,
2332,2546,40,2023-07-16,1,Pending
2333,4221,14,2024-06-26,1,Completed
2334,643,74,2024-08-17,1,Completed
2335,3919,52,2023-10-12,3,Completed
2336,1587,79,2024-07-31,4,Cancelled
2337,2410,40,2023-12-16,2,Completed
2338,6505,43,2023-05-19,1,Completed
2339,55,58,2023-02-18,2,Completed
2340,842,3,2023-10-27,2,Returned
2341,6929,15,2023-02-16,2,Completed
2342,4588,45,2023-07-29,2,Returned
2343,9177,95,2023-01-29,3,Completed
2344,2907,11,2023-08-13,2,Completed
2345,5089,39,2024-08-09,3,Completed
2346,5057,19,2023-05-06,2,Completed
2347,5983,79,2024-06-14,1,Completed
2348,2273,20,2023-11-26,,Completed
2349,6142,86,2024-08-22,1,Completed
2350,8016,71,2024-03-27,2,Pending
2351,8295,56,2023-08-02,,Completed
2352,9162,78,2023-05-22,1,Cancelled
2353,1072,4,2023-08-24,1,Completed
2354,737,9,2024-08-19,2,
2355,9558,25,2023-02-21,1,
2356,6377,47,2023-06-21,3,Returned
2357,7750,99,2023-11-05,4,Completed
2358,3631,49,2023-04-24,2,Completed
2359,228,27,2024-02-04,3,Completed
2360,6666,28,2023-02-16,3,Completed
2361,5712,88,2023-01-03,4,Completed
2362,6157,97,2023-02-17,3,Completed
2363,3571,97,2023-09-17,,
2364,8637,62,2024-05-19,2,Completed
2365,7994,16,2024-06-07,1,Completed
2366,1620,87,2024-06-20,2,Cancelled
2367,2205,46,2023-02-24,4,Completed
2368,2704,75,2023-01-24,1,Completed
2369,7743,46,2024-02-26,3,Completed
2370,7575,40,2024-01-19,2,Returned
2371,9374,83,2024-05-02,,Pending
2372,798,34,2024-01-19,3,Completed
2373,9027,87,2023-03-05,3,Pending
2374,3000,10,2023-10-03,4,Pending
2375,2765,1,2023-10-11,,Completed
2376,3685,66,2024-05-29,2,Completed
2377,8200,86,2023-08-11,,Returned
2378,6240,17,2023-11-19,1,Completed
2379,3875,47,2023-04-01,4,Returned
2380,3330,24,2023-03-17,2,Completed
2381,6070,50,2023-09-04,2,Completed
2382,5585,85,2023-09-29,4,Cancelled
2383,8806,29,2024-07-29,3,Returned
2384,8881,78,2023-12-28,2,Completed
2385,9090,72,2023-10-02,1,Cancelled
2386,8302,94,2023-06-18,,Completed
2387,1161,86,2024-03-17,2,
2388,3611,87,2024-07-27,1,Completed
2389,4745,13,2023-01-23,3,Returned
2390,7332,64,2023-01-13,2,Cancelled
2391,2004,28,2024-03-17,3,Completed
2392,8036,94,2023-11-05,1,Completed
2393,1528,5,2023-01-26,2,Completed
2394,7319,74,2023-08-21,,Cancelled
2395,7235,9,2023-10-23,,Completed
2396,5170,14,2024-04-21,4,Returned
2397,4611,10,2024-07-25,4,Completed
2398,6722,33,2023-07-19,1,Completed
2399,8698,75,2023-07-04,2,Completed
2400,4251,40,2023-03-16,3,Completed
2401,6627,6,2024-02-16,1,Cancelled
2402,2856,17,2024-08-08,1,Completed
2403,3965,36,2023-06-09,2,Returned
2404,7936,70,2023-06-08,2,Completed
2405,1675,61,2024-07-29,1,Completed
2406,9383,74,2023-04-12,2,Completed
2407,2393,49,2023-04-26,,Completed
2408,6879,69,2023-01-01,1,Cancelled
2409,1922,83,2024-08-02,3,Pending
2410,4434,71,2023-03-31,2,Completed
2411,1828,24,2023-11-22,4,Completed
2412,717,51,2024-05-14,3,Completed
2413,631,42,2023-04-17,1,Completed
2414,4861,19,2023-07-12,1,Completed
2415,8277,62,2023-10-04,3,Completed
2416,3769,75,2023-08-13,1,Completed
2417,8929,67,2023-11-16,2,Completed
2418,2708,30,2024-01-10,2,Returned
2419,8419,38,2023-02-02,1,Completed
2420,3358,6,2023-02-20,2,Completed
2421,9500,99,2024-03-16,2,Cancelled
2422,7861,22,2023-06-07,1,Completed
2423,4205,11,2023-07-07,4,Completed
2424,4231,72,2024-03-31,,Cancelled
2425,5034,91,2024-02-07,1,Returned
2426,4387,29,2023-11-21,1,Completed
2427,8158,8,2024-06-28,,Completed
2428,7676,87,2024-08-17,3,Completed
2429,9845,93,2023-01-17,4,Completed
2430,1868,80,2023-02-03,2,Returned
2431,6966,35,2023-12-28,2,Returned
2432,7197,72,2023-01-22,,Completed
2433,27,72,2023-10-19,2,Completed
2434,6157,45,2023-05-27,3,Pending
2435,9125,33,2023-02-01,3,Completed
2436,6589,5,2023-10-13,4,Returned
2437,5768,62,2024-03-04,,Completed
2438,467,37,2024-03-08,2,Completed
2439,7690,17,2023-10-11,1,Completed
2440,2701,22,2024-04-19,1,Completed
2441,9691,78,2023-08-21,4,Completed
2442,8810,32,2023-03-16,1,Pending
2443,3778,14,2023-02-15,1,Completed
2444,2688,20,2024-08-01,4,Completed
2445,5333,22,2023-07-13,2,Completed
2446,6807,30,2023-03-08,4,Completed
2447,5057,54,2023-06-13,3,Completed
2448,9697,33,2024-06-17,2,
2449,180,5,2024-04-07,1,Completed
2450,7997,18,2023-11-20,2,Returned
2451,5465,63,2024-07-30,1,Completed
2452,6721,46,2024-08-20,3,Completed
2453,922,7,2023-09-28,2,Completed
2454,3093,29,2024-02-21,1,Returned
2455,5528,57,2023-04-08,2,Completed
2456,9703,47,2024-05-14,4,Pending
2457,7466,9,2023-03-09,,Completed
2458,2720,59,2023-04-04,2,Pending
2459,8114,71,2024-06-19,1,Completed
2460,9216,71,2023-12-06,4,Completed
2461,152,43,2023-04-15,3,Completed
2462,8205,59,2023-09-29,,Completed
2463,8907,6,2023-10-25,2,Completed
2464,3626,53,2024-01-03,2,Completed
2465,8441,64,2023-06-30,,Completed
2466,1145,91,2023-04-13,2,Completed
2467,4483,4,2024-01-03,1,Completed
2468,4535,1,2024-04-07,2,Pending
2469,721,70,2024-02-07,1,Completed
2470,4569,31,2024-02-16,3,
2471,3230,65,2023-01-02,3,Pending
2472,1007,69,2023-04-19,1,Completed
2473,4729,19,2023-06-06,4,Completed
2474,7100,69,2023-12-19,2,Completed
2475,7117,69,2023-11-06,1,Cancelled
2476,3814,49,2024-06-18,1,Completed
2477,538,31,2023-03-29,4,Cancelled
2478,2686,60,2024-08-20,2,Returned
2479,1981,71,2023-08-28,4,
2480,5907,79,2024-01-27,1,Completed
2481,540,55,2024-05-12,1,
2482,7047,77,2023-10-10,4,Completed
2483,7262,76,2024-04-29,3,Returned
2484,8676,83,2024-01-13,2,Completed
2485,9221,77,2023-03-19,,Completed
2486,6301,91,2023-08-27,1,Completed
2487,52,38,2023-11-15,4,Completed
2488,8435,33,2023-12-01,3,Completed
2489,1687,6,2024-02-03,1,
2490,2822,13,2024-01-31,3,Completed
2491,6564,77,2024-07-16,,Completed
2492,8121,77,2024-04-01,3,Completed
2493,8097,20,2023-08-24,2,Completed
2494,8617,100,2024-02-03,2,Completed
2495,8887,37,2023-02-06,4,
2496,8546,45,2024-05-14,,Completed
2497,3691,73,2023-07-14,4,Cancelled
2498,1690,81,2023-12-11,3,Completed
2499,8485,99,2023-08-20,1,Returned
2500,717,59,2023-08-09,4,Completed
2501,7284,52,2023-09-02,1,Cancelled
2502,4576,18,2023-08-10,4,Cancelled
2503,4573,25,2023-07-28,1,Completed
2504,638,79,2023-05-02,2,Completed
2505,7980,87,2023-03-03,3,Completed
2506,9492,1,2024-05-16,4,Pending
2507,3949,41,2023-10-06,4,Completed
2508,8882,18,2023-01-20,1,Completed
2509,5551,1,2023-01-26,1,Completed
2510,8904,39,2024-05-18,,Returned
2511,8631,74,2023-07-31,1,Completed
2512,3342,31,2024-05-20,3,Cancelled
2513,5551,71,2024-01-31,,Cancelled
2514,4239,38,2023-12-23,4,Cancelled
2515,1784,8,2023-05-31,2,Cancelled
2516,9060,34,2023-12-22,3,Completed
2517,1489,73,2024-08-15,2,Pending
2518,7161,89,2024-05-13,2,Completed
2519,468,27,2024-07-15,1,Completed
2520,5584,41,2023-01-18,4,Returned
2521,1418,7,2024-01-02,1,Completed
2522,5906,32,2024-01-26,3,Cancelled
2523,1777,73,2023-09-14,3,Completed
2524,1082,81,2023-01-18,2,Completed
2525,2926,99,2024-04-22,1,Completed
2526,4085,16,2024-04-19,4,Completed
2527,7629,2,2023-06-15,2,Completed
2528,6196,43,2023-11-29,3,Completed
2529,1012,31,2024-03-17,1,Cancelled
2530,7903,80,2023-12-25,1,Cancelled
2531,814,47,2024-08-13,1,Completed
2532,273,33,2023-07-27,1,Completed
2533,3645,85,2024-08-12,1,Cancelled
2534,1717,17,2024-06-06,3,Completed
2535,6277,99,2023-06-23,1,Cancelled
2536,6233,54,2024-04-15,1,Cancelled
2537,6829,54,2023-05-28,1,Completed
2538,357,51,2023-06-30,3,Completed
2539,204,52,2023-06-05,2,Pending
2540,3746,7,2023-02-17,2,Completed
2541,1597,54,2023-12-09,3,Completed
2542,6615,93,2023-05-25,3,Returned
2543,497,11,2023-04-27,1,Completed
2544,63,62,2023-02-24,4,Completed
2545,1580,30,2023-12-28,2,Completed
2546,8732,82,2024-08-04,2,Pending
2547,4294,57,2024-01-06,4,Cancelled
2548,4877,46,2023-08-05,1,Completed
2549,7851,80,2024-05-24,1,Cancelled
2550,4126,70,2023-05-29,,Completed
2551,2714,66,2023-12-10,2,Completed
2552,5329,55,2024-03-21,2,Pending
2553,9273,58,2023-12-05,4,Cancelled
2554,7888,10,2024-06-24,1,Returned
2555,3380,4,2023-11-14,1,Pending
2556,1599,74,2023-07-04,1,Returned
2557,7634,73,2024-05-01,3,Completed
2558,9821,62,2023-11-07,2,Completed
2559,3179,43,2023-03-20,4,Completed
2560,8045,42,2024-03-31,1,Completed
2561,5114,24,2024-06-29,3,Cancelled
2562,3373,5,2023-02-08,2,Cancelled
2563,6764,99,2024-02-19,1,Cancelled
2564,1070,68,2023-06-01,4,Completed
2565,2777,99,2023-04-09,2,Completed
2566,1193,77,2024-06-09,3,Pending
2567,814,96,2023-05-21,1,Returned
2568,1153,45,2024-05-10,4,Cancelled
2569,5833,59,2023-09-20,1,Completed
2570,1884,65,2024-08-17,3,Cancelled
2571,268,63,2024-06-23,4,Completed
2572,3672,75,2023-05-29,1,Cancelled
2573,2813,90,2023-09-26,1,Completed
2574,6563,67,2024-05-08,3,Returned
2575,7014,49,2023-02-08,1,Completed
2576,5178,77,2024-02-16,4,Pending
2577,4086,32,2023-11-27,2,Completed
2578,384,50,2023-06-02,2,Completed
2579,2851,87,2023-10-09,1,Completed
2580,6722,58,2023-08-02,1,Completed
2581,7084,52,2024-02-17,1,Completed
2582,1050,23,2023-12-10,1,Returned
2583,1834,30,2023-05-18,1,Completed
2584,8990,70,2023-12-11,2,Completed
2585,4468,71,2024-06-12,2,Completed
2586,2976,30,2023-07-24,1,Completed
2587,5156,37,2023-08-24,1,Cancelled
2588,7699,48,2024-08-13,2,Completed
2589,8001,32,2024-03-12,3,Completed
2590,1291,70,2023-03-11,2,Completed
2591,7962,35,2023-05-16,,Completed
2592,7600,96,2023-01-05,1,Completed
2593,7187,76,2023-12-22,1,Returned
2594,7507,68,2024-07-13,1,Completed
2595,2188,32,2024-05-05,1,
2596,8259,59,2023-06-14,,Completed
2597,9585,35,2023-02-07,2,Completed
2598,7792,16,2023-11-18,2,Completed
2599,6771,79,2023-05-20,1,Completed
2600,9894,52,2024-01-15,4,
2601,8771,66,2023-06-28,3,Cancelled
2602,7935,6,2023-06-09,2,Completed
2603,1606,14,2024-04-05,4,Completed
2604,7988,29,2023-09-08,,Returned
2605,7166,26,2024-07-16,1,Completed
2606,6055,18,2023-12-24,1,Completed
2607,4506,4,2023-10-16,1,Completed
2608,7248,57,2024-05-17,3,Completed
2609,5808,53,2024-08-01,1,Completed
2610,6257,25,2023-10-20,4,Cancelled
2611,8052,47,2024-07-10,2,Cancelled
2612,4285,52,2024-08-13,4,Completed
2613,2155,93,2024-03-22,3,Pending
2614,7743,34,2024-07-22,4,Pending
2615,2805,16,2024-06-27,2,Completed
2616,2221,94,2023-09-07,,Completed
2617,9191,87,2023-12-25,3,Completed
2618,722,36,2023-05-11,3,Completed
2619,9407,28,2023-06-19,2,Completed
2620,9886,65,2023-03-08,,Completed
2621,6975,72,2023-07-31,2,Cancelled
2622,5804,53,2023-03-03,4,Completed
2623,3395,42,2023-05-20,2,Completed
2624,4026,79,2024-02-08,4,Returned
2625,8129,98,2024-03-01,,Completed
2626,5157,19,2023-05-15,2,Completed
2627,4813,44,2024-07-08,2,Completed
2628,8651,30,2023-03-01,2,Completed
2629,9894,74,2023-10-24,1,Returned
2630,8819,44,2023-05-31,3,Completed
2631,2457,27,2023-10-31,1,Completed
2632,207,84,2023-11-02,2,Returned
2633,1357,89,2023-10-26,2,Returned
2634,7462,73,2024-03-12,1,Completed
2635,7157,34,2024-01-22,3,Completed
2636,8152,85,2024-03-19,1,Completed
2637,6523,24,2023-04-18,4,Completed
2638,2674,56,2024-06-01,1,Completed
2639,1050,7,2023-06-21,1,Completed
2640,6824,68,2023-01-22,2,Completed
2641,2592,51,2024-08-19,1,Completed
2642,6877,8,2023-03-16,2,Cancelled
2643,4005,56,2024-03-10,1,Returned
2644,5974,77,2023-03-20,2,Completed
2645,8283,58,2024-03-21,2,Completed
2646,8668,85,2023-07-23,2,Completed
2647,8057,99,2023-02-28,3,
2648,2047,69,2023-12-14,4,Completed
2649,5308,8,2023-07-28,2,Completed
2650,7737,66,2024-06-23,1,
2651,3691,24,2024-07-12,2,Completed
2652,3267,42,2023-04-05,4,Returned
2653,4630,54,2024-05-03,3,Completed
2654,2746,16,2024-06-28,1,Completed
2655,7024,4,2023-12-19,2,Completed
2656,8277,59,2024-04-25,,Pending
2657,2640,94,2024-08-12,2,Completed
2658,4937,46,2023-07-16,2,Completed
2659,77,94,2023-09-28,1,
2660,6474,99,2024-01-22,2,Cancelled
2661,3505,13,2024-06-03,1,Completed
2662,2425,37,2024-03-27,1,Completed
2663,6485,54,2023-10-21,3,Completed
2664,5297,49,2024-01-08,1,Returned
2665,6568,75,2024-07-08,,Returned
2666,6087,58,2024-02-22,2,Completed
2667,2222,19,2023-04-04,3,Completed
2668,406,18,2023-12-04,2,Pending
2669,2130,60,2024-08-14,2,Completed
2670,6835,17,2024-08-03,,Cancelled
2671,398,11,2023-04-22,1,Completed
2672,9993,15,2023-09-07,4,Returned
2673,3474,72,2023-07-21,3,Completed
2674,4990,93,2023-07-28,3,Returned
2675,3927,17,2023-08-17,1,Completed
2676,1945,90,2024-02-22,4,Completed
2677,8630,5,2023-05-27,1,Completed
2678,5392,61,2024-08-11,,Completed
2679,5400,4,2024-01-26,4,Cancelled
2680,223,56,2024-02-27,2,Completed
2681,1611,88,2023-07-06,,Cancelled
2682,7831,75,2023-09-24,1,Cancelled
2683,4605,94,2024-06-16,,Pending
2684,4001,48,2023-01-30,3,Returned
2685,2665,48,2023-10-23,1,Completed
2686,1066,35,2023-11-15,2,Completed
2687,5365,33,2024-05-15,3,Cancelled
2688,9469,100,2023-03-31,3,Cancelled
2689,5394,21,2023-03-10,2,Completed
2690,7103,5,2023-08-07,1,Completed
2691,7502,64,2023-01-03,1,Completed
2692,604,69,2023-06-24,,Completed
2693,5131,21,2023-08-14,1,Completed
2694,6296,89,2024-06-16,,Completed
2695,8381,74,2023-02-19,1,Completed
2696,7104,83,2023-03-20,2,Completed
2697,8868,32,2024-04-27,1,Completed
2698,638,18,2023-05-28,,Completed
2699,1845,58,2023-07-24,1,Completed
2700,47,98,2023-06-07,2,Completed
2701,820,79,2023-09-15,4,Cancelled
2702,3808,24,2024-08-15,4,Completed
2703,3023,5,2023-04-28,4,Completed
2704,1081,53,2023-09-07,,Returned
2705,3147,96,2024-04-05,,Cancelled
2706,1278,73,2024-05-23,4,Completed
2707,6742,55,2023-10-29,3,Completed
2708,2218,5,2024-05-24,3,Completed
2709,5266,69,2024-03-15,1,Completed
2710,2887,41,2023-09-21,3,Returned
2711,5635,98,2023-09-26,1,Completed
2712,8988,7,2023-06-16,4,Cancelled
2713,3329,90,2023-11-03,3,Completed
2714,7294,1,2023-05-20,,Completed
2715,3007,52,2023-04-30,1,Pending
2716,6959,98,2023-04-02,3,Returned
2717,7973,26,2023-07-19,2,Returned
2718,4144,96,2024-07-10,,Completed
2719,5518,63,2023-03-28,1,Completed
2720,1219,12,2023-02-27,1,Completed
2721,8019,70,2023-11-18,2,
2722,9953,84,2023-04-02,2,Completed
2723,8917,19,2023-07-08,2,Pending
2724,1345,80,2023-08-24,,Cancelled
2725,138,4,2024-07-06,1,Completed
2726,4451,96,2023-11-26,3,Completed
2727,4907,82,2024-01-25,1,Returned
2728,2760,5,2023-10-31,1,Returned
2729,59,54,2023-07-15,,Completed
2730,771,70,2023-09-08,2,Completed
2731,389,57,2023-02-20,4,Completed
2732,3423,78,2023-01-23,4,Completed
2733,7013,52,2024-03-25,4,Cancelled
2734,4853,18,2024-05-09,2,
2735,596,64,2023-09-29,4,Completed
2736,8628,10,2023-12-11,2,Cancelled
2737,9666,23,2023-12-28,2,Completed
2738,1983,82,2023-04-24,1,Completed
2739,8966,68,2023-07-14,2,Completed
2740,8210,52,2024-08-11,,Returned
2741,4331,96,2023-12-27,3,Completed
2742,5430,47,2023-02-02,4,Completed
2743,1693,70,2023-12-05,1,
2744,2771,26,2023-09-27,,Pending
2745,4377,70,2023-12-18,1,Completed
2746,4927,99,2023-05-06,,Completed
2747,3268,43,2024-04-20,4,Pending
2748,9331,69,2023-11-29,1,Returned
2749,7565,63,2023-11-03,3,Pending
2750,1696,78,2024-08-04,4,Completed
2751,1587,66,2024-01-06,2,Completed
2752,4681,63,2023-02-01,1,Completed
2753,5448,13,2024-01-31,4,Completed
2754,5461,51,2023-10-14,2,Pending
2755,7966,5,2023-12-26,1,Cancelled
2756,2269,47,2023-02-03,1,Completed
2757,7250,36,2023-01-03,3,Completed
2758,7462,36,2023-09-19,1,Cancelled
2759,3487,50,2024-02-12,4,Completed
2760,5802,56,2024-05-13,4,Cancelled
2761,2750,19,2023-01-03,2,Completed
2762,7786,20,2023-07-25,2,Completed
2763,6976,22,2023-12-11,3,Returned
2764,1406,31,2023-08-11,,Completed
2765,3576,62,2023-08-26,2,Completed
2766,2728,44,2023-07-06,,Completed
2767,6488,68,2023-07-14,2,Returned
2768,6292,67,2023-05-24,2,Completed
2769,2502,89,2024-03-15,1,Completed
2770,938,49,2023-10-21,3,Completed
2771,1756,59,2023-05-03,2,Completed
2772,3391,4,2024-03-21,4,Cancelled
2773,5817,39,2023-08-14,,Cancelled
2774,1217,7,2023-12-29,,Returned
2775,1204,71,2024-02-02,1,Completed
2776,1891,49,2023-11-26,2,Cancelled
2777,8583,89,2023-07-23,1,Returned
2778,7689,15,2024-05-27,1,Completed
2779,6501,7,2023-10-15,1,Completed
2780,6717,47,2024-05-12,2,Completed
2781,3747,68,2023-03-09,4,Completed
2782,8291,98,2024-01-31,3,Completed
2783,2196,45,2024-01-21,4,Completed
2784,4666,19,2024-03-24,,Completed
2785,9194,47,2023-02-05,2,Cancelled
2786,7350,53,2023-10-18,4,Cancelled
2787,9763,27,2023-10-22,1,Completed
2788,4399,5,2023-03-02,2,Completed
2789,3630,60,2023-09-10,2,Cancelled
2790,7767,77,2023-01-26,1,Completed
2791,6148,62,2023-10-24,2,Completed
2792,1064,59,2024-01-24,2,Completed
2793,8831,61,2024-02-15,4,Returned
2794,9335,56,2024-01-17,4,Completed
2795,8744,78,2023-05-12,3,Cancelled
2796,3276,94,2023-05-04,3,Completed
2797,977,47,2023-02-12,1,Returned
2798,4070,48,2023-11-21,3,Completed
2799,6403,10,2023-05-02,1,
2800,346,32,2023-07-05,1,Completed
2801,4943,65,2024-08-15,1,Completed
2802,2943,24,2023-02-06,3,Completed
2803,7405,29,2023-08-17,3,Pending
2804,1077,7,2024-07-07,1,Pending
2805,9364,95,2023-06-25,1,Completed
2806,3771,17,2023-08-03,4,Completed
2807,5653,94,2024-05-07,4,Completed
2808,8425,25,2023-12-29,2,Completed
2809,8049,92,2024-03-25,1,Completed
2810,451,36,2024-04-24,1,Completed
2811,9555,61,2023-03-24,1,Returned
2812,351,71,2023-06-25,3,Completed
2813,9501,35,2024-07-09,3,Completed
2814,4005,84,2024-03-30,3,Completed
2815,4679,78,2024-07-14,2,Pending
2816,245,50,2023-09-15,4,Completed
2817,4646,56,2024-07-12,2,Completed
2818,4735,94,2024-02-28,1,Cancelled
2819,441,65,2023-08-02,1,Returned
2820,9660,41,2023-06-02,4,Cancelled
2821,5916,25,2023-08-25,3,Cancelled
2822,412,34,2023-05-20,1,Completed
2823,814,8,2024-06-18,4,Completed
2824,4679,56,2023-07-11,1,Cancelled
2825,1731,84,2023-02-03,3,Pending
2826,6644,30,2023-08-12,,Completed
2827,1975,68,2023-02-21,1,Completed
2828,550,21,2024-04-09,1,Completed
2829,1938,91,2023-08-30,2,Returned
2830,204,10,2023-07-31,3,Completed
2831,3589,87,2023-10-18,1,Cancelled
2832,7084,33,2023-03-08,2,Completed
2833,2537,75,2023-04-07,1,Completed
2834,5789,83,2023-09-06,1,Pending
2835,8299,75,2024-02-12,3,Returned
2836,3812,4,2024-05-30,3,Completed
2837,2702,23,2024-08-02,3,Completed
2838,7826,69,2023-01-29,1,Completed
2839,5975,53,2024-04-13,4,Completed
2840,3937,5,2023-01-16,2,Cancelled
2841,4091,18,2024-05-07,2,Cancelled
2842,9150,17,2023-08-01,2,Completed
2843,6957,58,2023-11-10,4,Completed
2844,9253,67,2023-07-15,3,Cancelled
2845,2547,72,2024-03-08,2,Pending
2846,3737,56,2024-03-05,4,Completed
2847,1673,40,2023-11-07,4,Completed
2848,402,87,2023-11-18,1,Cancelled
2849,8794,87,2024-02-13,2,Completed
2850,4314,2,2023-09-29,1,Pending
2851,6353,21,2024-08-09,2,Returned
2852,8480,52,2023-07-05,4,Cancelled
2853,88,24,2024-01-11,,Completed
2854,7147,53,2023-08-21,1,
2855,6280,38,2024-02-20,1,Cancelled
2856,2206,20,2024-07-30,2,Cancelled
2857,2968,50,2023-06-24,2,Pending
2858,4251,39,2024-08-05,3,Completed
2859,3535,60,2024-07-07,2,Completed
2860,8412,91,2023-01-06,2,Completed
2861,9675,39,2023-09-12,1,Completed
2862,3239,71,2023-06-28,4,Completed
2863,8514,33,2024-07-17,1,Returned
2864,2739,29,2023-12-26,1,Completed
2865,4937,74,2023-07-25,3,Cancelled
2866,1837,10,2023-03-23,2,Completed
2867,2560,76,2024-01-15,3,Pending
2868,1569,67,2024-08-04,1,Completed
2869,4721,3,2024-01-21,,Cancelled
2870,7958,77,2024-02-02,1,Cancelled
2871,8545,31,2023-02-20,2,Completed
2872,9221,27,2023-02-07,2,Pending
2873,6526,70,2023-11-26,4,Completed
2874,7936,27,2024-03-25,3,Completed
2875,9120,99,2023-09-09,1,Cancelled
2876,8222,9,2023-12-06,2,Completed
2877,7515,6,2023-12-16,2,Completed
2878,7066,6,2023-07-28,3,Completed
2879,6738,26,2023-09-26,3,Completed
2880,2541,43,2024-04-25,2,Cancelled
2881,3820,19,2024-06-10,4,Completed
2882,8687,16,2023-11-13,2,Completed
2883,8024,23,2024-02-08,,Completed
2884,9065,75,2024-01-08,,Completed
2885,835,80,2024-02-10,3,Completed
2886,3325,29,2023-09-26,4,Pending
2887,630,38,2023-11-18,2,Completed
2888,2987,59,2023-04-03,3,Completed
2889,8222,48,2023-09-12,1,Completed
2890,8080,20,2024-04-09,4,Completed
2891,7934,21,2023-10-25,2,Cancelled
2892,3783,28,2024-05-04,2,Pending
2893,8999,50,2023-05-03,4,
2894,6486,33,2023-05-11,4,Cancelled
2895,5407,40,2024-08-13,2,Completed
2896,3469,90,2024-01-07,1,Completed
2897,7145,54,2024-01-26,1,Completed
2898,8413,10,2024-08-20,2,Completed
2899,5276,34,2023-06-28,2,Completed
2900,5868,73,2023-12-22,1,Completed
2901,9536,36,2024-01-19,2,
2902,6517,75,2023-02-26,1,Returned
2903,4627,74,2024-01-13,1,Completed
2904,2263,7,2024-07-05,4,Completed
2905,2415,16,2024-07-01,2,Completed
2906,5241,51,2024-08-01,2,Completed
2907,9050,90,2024-06-23,1,Completed
2908,5123,96,2023-04-14,4,Completed
2909,4994,61,2024-04-27,,Completed
2910,8965,31,2024-04-24,2,Completed
2911,2493,32,2024-03-22,,Completed
2912,8212,45,2024-02-01,2,Completed
2913,8998,76,2023-01-01,1,Completed
2914,9573,27,2024-04-09,1,Completed
2915,2176,22,2024-07-02,1,Returned
2916,2406,15,2023-12-21,3,Completed
2917,3364,8,2024-02-21,2,Cancelled
2918,7342,68,2024-08-08,3,Cancelled
2919,7901,8,2023-11-07,2,Completed
2920,9073,87,2024-04-24,2,Completed
2921,9526,16,2024-06-23,1,Returned
2922,9877,48,2023-11-02,1,Returned
2923,1606,34,2024-07-25,4,Completed
2924,2558,86,2023-01-29,4,
2925,8636,87,2024-04-29,2,Pending
2926,2043,57,2024-02-06,1,Pending
2927,779,5,2024-03-14,1,Completed
2928,3160,44,2023-05-27,,Returned
2929,6396,71,2024-03-09,1,Cancelled
2930,1747,37,2023-01-13,1,Completed
2931,5975,90,2023-11-22,3,Returned
2932,5151,28,2023-10-05,1,Completed
2933,421,68,2023-03-06,,Completed
2934,2109,96,2023-07-15,3,Pending
2935,4675,38,2024-02-06,,Pending
2936,5346,46,2024-06-16,4,Pending
2937,3997,73,2023-02-24,3,Pending
2938,6083,100,2024-08-05,4,Completed
2939,9551,26,2024-05-08,3,Cancelled
2940,3911,75,2023-08-18,1,Pending
2941,2627,84,2023-10-16,2,Completed
2942,491,53,2023-10-09,1,Returned
2943,9488,63,2023-06-15,2,Completed
2944,5933,63,2024-04-14,2,
2945,3372,38,2024-03-10,1,Cancelled
2946,4065,15,2024-05-10,1,Completed
2947,5838,99,2023-05-23,1,Returned
2948,4990,9,2024-08-08,4,Cancelled
2949,5972,97,2023-03-13,4,Completed
2950,3381,75,2024-04-15,4,Completed
2951,5690,22,2023-10-12,1,Completed
2952,8604,70,2024-05-18,1,Completed
2953,9615,56,2024-06-21,1,Pending
2954,7474,37,2024-03-15,2,Completed
2955,1677,57,2024-05-02,2,Cancelled
2956,7791,60,2023-03-05,4,Completed
2957,5283,85,2024-02-06,3,Completed
2958,9839,12,2024-07-15,1,Completed
2959,2712,7,2024-02-27,,Completed
2960,9432,66,2023-04-01,4,Completed
2961,603,41,2023-11-04,3,Completed
2962,1938,24,2023-08-20,1,Pending
2963,8122,90,2023-10-17,,Cancelled
2964,8218,25,2024-02-27,2,Cancelled
2965,6813,62,2023-06-08,1,Completed
2966,1068,84,2024-03-10,3,Completed
2967,5253,44,2024-03-18,1,Completed
2968,5864,2,2023-04-24,,Completed
2969,380,42,2023-05-31,4,Completed
2970,9477,99,2023-06-12,2,Completed
2971,5503,33,2023-10-06,1,Returned
2972,3183,17,2024-04-09,2,Cancelled
2973,3748,63,2024-05-29,1,
2974,5197,22,2023-06-28,1,Pending
2975,5133,1,2023-11-12,2,
2976,6041,94,2023-01-29,1,Completed
2977,4121,70,2024-03-09,4,Completed
2978,8738,54,2023-05-28,1,Completed
2979,5260,14,2023-07-28,4,
2980,8467,100,2024-01-16,1,Completed
2981,2923,97,2024-01-30,2,Completed
2982,3388,53,2023-03-04,4,Completed
2983,5443,6,2024-07-05,1,Completed
2984,5553,90,2024-06-22,3,Cancelled
2985,4014,64,2023-02-28,3,Cancelled
2986,5368,88,2024-08-09,3,Returned
2987,8303,33,2024-04-02,2,Cancelled
2988,6960,72,2023-05-24,4,Completed
2989,9948,44,2024-02-04,3,Completed
2990,6291,34,2024-03-01,3,Cancelled
2991,9560,34,2024-08-11,4,Completed
2992,9721,24,2023-08-18,1,Completed
2993,552,2,2024-06-03,1,Pending
2994,134,8,2023-08-03,2,Completed
2995,6608,25,2024-03-26,1,Completed
2996,6600,94,2023-12-25,2,Returned
2997,5125,32,2023-05-16,2,Completed
2998,1061,56,2024-03-10,2,Completed
2999,7385,94,2023-12-09,1,Cancelled
3000,2187,7,2024-06-12,,Cancelled
3001,2666,48,2024-04-24,1,Completed
3002,3171,88,2023-03-18,4,Pending
3003,2647,54,2024-07-03,2,Completed
3004,596,63,2023-03-05,3,Completed
3005,4107,73,2023-10-22,1,Completed
3006,5818,80,2023-04-20,2,Completed
3007,3422,2,2024-07-17,,Completed
3008,2279,35,2024-01-24,3,Completed
3009,1165,98,2023-08-07,4,Completed
3010,618,22,2024-07-07,1,Returned
3011,451,83,2024-01-26,4,Completed
3012,9991,64,2023-12-18,2,Completed
3013,7373,59,2023-07-01,2,Returned
3014,1893,49,2023-11-18,1,Completed
3015,5529,52,2024-02-22,2,Completed
3016,2455,21,2023-06-03,2,Completed
3017,3809,12,2023-06-18,3,Completed
3018,9477,11,2024-04-03,4,Returned
3019,1758,54,2023-02-02,2,Completed
3020,223,83,2023-12-23,,Completed
3021,6954,70,2023-06-22,4,Completed
3022,7037,14,2024-07-12,2,Completed
3023,9093,33,2024-02-05,1,Completed
3024,2366,77,2024-04-02,1,Completed
3025,1610,26,2024-03-15,1,Cancelled
3026,7222,14,2023-09-10,4,Cancelled
3027,1224,88,2024-07-20,1,Returned
3028,1908,48,2023-08-30,1,Returned
3029,9555,65,2024-08-14,1,Completed
3030,5811,46,2024-02-19,1,Completed
3031,6449,55,2023-12-24,1,Completed
3032,7967,94,2023-02-20,1,Completed
3033,9461,74,2023-12-25,,Completed
3034,4938,74,2024-01-10,1,
3035,5749,92,2024-04-26,1,Returned
3036,1232,68,2023-12-17,,Completed
3037,9940,78,2023-07-15,3,Completed
3038,738,12,2023-04-17,1,Cancelled
3039,4437,54,2023-07-12,1,Completed
3040,2980,64,2023-12-20,1,Completed
3041,9974,47,2023-01-05,3,Completed
3042,530,37,2024-03-02,1,Completed
3043,7142,74,2023-12-19,3,Pending
3044,4419,41,2023-07-30,3,Completed
3045,9397,27,2023-12-09,1,Returned
3046,1987,42,2023-04-09,2,Completed
3047,347,76,2023-04-08,,Returned
3048,5826,86,2023-01-13,4,Completed
3049,1216,68,2024-03-24,3,Returned
3050,8046,29,2024-03-14,2,Returned
3051,5799,36,2024-07-31,2,Completed
3052,245,57,2023-10-17,2,Completed
3053,7059,78,2023-10-29,4,
3054,133,12,2024-06-03,3,Completed
3055,1371,45,2024-02-27,4,Cancelled
3056,1088,20,2023-03-17,,Cancelled
3057,9840,45,2023-04-02,3,Completed
3058,9913,23,2024-08-02,3,Cancelled
3059,4003,62,2023-12-30,2,Completed
3060,8311,86,2023-12-12,1,Completed
3061,2904,34,2024-06-18,2,Cancelled
3062,6823,21,2023-09-16,2,Returned
3063,895,51,2023-07-19,1,Completed
3064,1266,9,2024-06-22,2,Pending
3065,6424,74,2024-07-01,4,Completed
3066,363,10,2024-06-12,,Cancelled
3067,7165,52,2023-03-17,4,Completed
3068,9966,45,2024-07-07,1,Completed
3069,8506,52,2024-02-28,1,Completed
3070,5633,30,2024-04-07,2,Completed
3071,1707,64,2023-06-18,1,Completed
3072,7335,97,2024-04-05,3,Pending
3073,6914,2,2023-02-20,1,Pending
3074,9982,49,2023-02-03,2,Completed
3075,2394,96,2023-05-01,1,Completed
3076,8127,45,2023-11-15,3,Completed
3077,3695,17,2023-05-09,4,Pending
3078,990,28,2023-04-26,,Completed
3079,3681,45,2024-06-02,,Completed
3080,9097,17,2023-07-16,2,Cancelled
3081,6411,59,2023-04-13,4,Completed
3082,3398,14,2024-02-24,3,Completed
3083,3998,10,2023-05-31,3,Completed
3084,911,98,2023-11-20,4,
3085,6587,78,2024-03-08,1,Returned
3086,5982,81,2023-07-23,,Pending
3087,9938,86,2023-07-12,2,Completed
3088,2124,18,2024-04-03,2,
3089,1852,35,2023-05-10,2,Cancelled
3090,6457,48,2024-04-02,4,Completed
3091,1616,58,2024-03-12,3,Pending
3092,9398,18,2024-05-27,3,Cancelled
3093,4027,52,2023-02-14,1,Cancelled
3094,6870,30,2024-03-11,1,Cancelled
3095,2447,37,2023-06-03,3,Returned
3096,3313,40,2024-01-05,1,Pending
3097,8015,6,2023-12-11,1,Completed
3098,6858,79,2024-01-31,1,
3099,5020,35,2023-04-23,1,Pending
3100,3217,26,2023-08-30,2,Completed
3101,5476,91,2023-09-29,1,Completed
3102,3670,30,2024-03-08,4,Completed
3103,2525,75,2023-03-17,3,Returned
3104,7499,24,2023-09-09,3,Cancelled
3105,1962,55,2023-11-13,2,Completed
3106,6304,78,2024-08-15,3,Completed
3107,4626,87,2024-04-14,2,
3108,8293,9,2023-02-06,1,Returned
3109,9506,62,2023-06-16,1,Completed
3110,3449,18,2023-12-07,3,Completed
3111,3245,51,2023-06-21,1,Pending
3112,6048,19,2023-03-31,1,Completed
3113,4675,69,2023-11-09,2,Completed
3114,1215,82,2024-01-13,3,Cancelled
3115,7607,33,2023-02-28,4,Completed
3116,3627,38,2024-07-28,4,Completed
3117,8982,13,2024-05-24,1,
3118,9559,49,2023-12-01,,Completed
3119,7876,73,2023-08-31,4,Completed
3120,6269,90,2024-08-12,1,Completed
3121,6813,53,2023-09-20,4,Cancelled
3122,5480,1,2024-02-21,2,Completed
3123,8695,12,2024-03-24,1,Cancelled
3124,173,24,2024-02-23,1,Completed
3125,887,1,2023-09-06,2,Cancelled
3126,9610,68,2023-01-17,2,Returned
3127,6264,7,2023-03-22,,Returned
3128,4369,92,2024-04-22,1,Returned
3129,9602,69,2023-03-04,2,Completed
3130,7057,39,2024-08-23,1,Completed
3131,4954,32,2023-01-01,3,Returned
3132,261,49,2023-02-23,,Completed
3133,3353,31,2023-01-20,3,Completed
3134,1353,79,2023-10-14,2,Completed
3135,5244,3,2024-07-18,4,Pending
3136,9692,47,2023-12-10,1,Pending
3137,3007,15,2023-02-11,,Cancelled
3138,823,51,2023-10-18,3,
3139,532,82,2023-12-04,3,Cancelled
3140,2821,85,2024-01-10,4,Completed
3141,167,74,2023-06-29,3,Completed
3142,4927,21,2024-04-19,3,Completed
3143,1056,90,2023-01-18,3,Returned
3144,1255,41,2023-05-04,1,Completed
3145,4287,3,2024-04-05,2,Completed
3146,8010,1,2023-02-21,,
3147,4008,21,2024-03-23,1,Completed
3148,7759,75,2023-11-07,2,Completed
3149,9724,80,2024-05-21,1,Returned
3150,9165,99,2024-05-14,2,Completed
3151,7890,21,2024-03-02,3,Cancelled
3152,4745,75,2023-11-24,3,Completed
3153,8298,95,2024-06-11,2,Cancelled
3154,9797,49,2023-03-02,,Completed
3155,4288,65,2023-07-22,4,Completed
3156,1003,41,2023-09-27,1,Completed
3157,85,96,2023-09-02,2,Completed
3158,2996,67,2023-07-24,4,Completed
3159,5157,96,2023-07-26,1,Completed
3160,7195,42,2023-03-16,3,Completed
3161,5784,69,2023-06-25,1,Completed
3162,5696,57,2023-05-06,1,Cancelled
3163,154,43,2023-12-21,,Pending
3164,9654,12,2023-10-06,4,Completed
3165,6415,78,2024-04-05,1,Completed
3166,6685,64,2023-10-01,4,Completed
3167,2020,51,2024-08-04,1,Returned
3168,9290,73,2024-02-11,2,
3169,571,60,2024-07-01,3,Cancelled
3170,7923,71,2024-04-21,2,Completed
3171,8341,80,2023-01-08,4,Cancelled
3172,6154,28,2023-08-03,3,Cancelled
3173,2692,71,2024-04-19,2,Completed
3174,7670,14,2024-06-07,,Completed
3175,5508,32,2024-03-12,1,Cancelled
3176,4870,8,2023-06-10,2,Returned
3177,5850,27,2023-06-03,3,Returned
3178,5968,50,2023-01-28,4,Cancelled
3179,3656,59,2023-07-16,2,Pending
3180,6672,57,2024-03-12,4,Cancelled
3181,5670,3,2023-04-21,2,Completed
3182,9905,27,2024-04-05,2,Returned
3183,2493,94,2023-04-28,,Completed
3184,9537,34,2023-02-10,3,Completed
3185,9299,26,2023-11-24,2,
3186,6513,40,2023-11-26,4,Pending
3187,8775,86,2023-06-27,3,Pending
3188,4351,32,2024-04-25,3,Completed
3189,6600,41,2024-02-16,3,Completed
3190,4657,2,2023-01-31,3,Completed
3191,8512,72,2024-06-26,2,Completed
3192,4316,7,2024-03-30,2,Completed
3193,4795,19,2024-03-27,,Completed
3194,1438,33,2024-06-10,2,Completed
3195,32,2,2024-05-02,1,
3196,715,67,2023-06-30,2,Completed
3197,7956,92,2023-06-05,1,Completed
3198,9232,78,2023-12-11,3,Completed
3199,409,15,2024-01-18,1,Pending
3200,7347,21,2023-06-03,1,Completed
3201,8039,78,2023-10-29,,Completed
3202,7741,59,2023-04-19,4,Completed
3203,7665,82,2023-04-10,2,Cancelled
3204,5032,39,2024-03-25,1,Completed
3205,1128,20,2023-07-06,4,Cancelled
3206,5437,1,2024-02-26,,Completed
3207,8899,73,2023-09-29,2,Cancelled
3208,783,9,2024-02-09,3,Cancelled
3209,5301,51,2024-07-20,1,Completed
3210,2180,38,2024-02-27,3,Completed
3211,6807,93,2023-05-02,2,Cancelled
3212,1179,15,2023-11-11,4,Pending
3213,2407,84,2024-02-10,2,Completed
3214,2808,41,2023-04-21,3,Completed
3215,2765,94,2024-07-23,1,Completed
3216,2725,47,2024-03-30,1,Completed
3217,2536,26,2023-07-18,1,Returned
3218,8405,54,2023-06-20,2,Cancelled
3219,4862,70,2023-05-11,1,Completed
3220,6301,39,2024-08-09,,Pending
3221,7857,17,2024-06-24,4,Completed
3222,3147,70,2023-09-21,3,Completed
3223,6579,92,2023-07-08,4,Completed
3224,1202,9,2023-09-27,1,Completed
3225,2890,91,2023-10-25,4,Completed
3226,645,99,2023-09-28,,Completed
3227,5952,46,2023-01-13,1,Returned
3228,4223,6,2023-09-06,,Completed
3229,4321,68,2024-06-05,2,Completed
3230,3089,16,2023-07-18,1,Cancelled
3231,8689,87,2023-01-18,2,Returned
3232,8665,87,2024-04-02,,Completed
3233,3383,29,2024-03-22,3,Completed
3234,7926,41,2024-02-02,3,Completed
3235,1161,68,2024-08-11,1,Completed
3236,4313,62,2023-09-08,1,Completed
3237,8388,40,2023-11-04,4,Completed
3238,2249,62,2024-03-31,2,Completed
3239,4462,24,2024-05-05,1,Returned
3240,2767,6,2023-12-15,1,Completed
3241,1552,40,2023-02-07,1,Cancelled
3242,2448,70,2023-06-02,3,Completed
3243,5645,58,2023-10-28,4,Completed
3244,4310,14,2023-02-07,2,Cancelled
3245,7497,78,2023-06-22,1,Completed
3246,8311,45,2023-08-19,1,Completed
3247,3497,99,2024-07-22,2,
3248,1717,6,2023-07-07,4,Pending
3249,4938,23,2024-01-27,2,Cancelled
3250,2915,62,2023-01-21,1,Completed
3251,1673,84,2024-01-25,1,Completed
3252,9395,17,2023-09-25,2,Completed
3253,1456,84,2023-06-11,3,Completed
3254,6546,70,2023-09-10,1,Completed
3255,7027,28,2023-03-11,2,Cancelled
3256,3979,13,2023-05-16,2,Pending
3257,2472,29,2023-12-10,3,Returned
3258,8310,45,2023-08-16,4,Pending
3259,368,20,2023-05-26,2,Completed
3260,3177,58,2024-02-09,,Cancelled
3261,3375,81,2023-03-10,3,
3262,6774,54,2023-09-09,1,Returned
3263,3813,99,2023-02-11,4,Completed
3264,6292,64,2023-02-14,2,Pending
3265,5986,52,2023-01-25,,Cancelled
3266,2198,43,2023-06-10,2,Completed
3267,4912,87,2023-08-09,3,Completed
3268,901,18,2023-10-14,,Completed
3269,193,100,2023-04-03,1,Cancelled
3270,2771,84,2023-12-10,2,Completed
3271,5181,54,2023-08-14,4,Completed
3272,951,60,2023-06-15,3,
3273,6680,71,2024-04-27,4,Pending
3274,3607,100,2024-08-11,2,Completed
3275,5039,1,2023-12-29,2,Cancelled
3276,258,37,2023-10-01,2,Cancelled
3277,1222,49,2024-04-06,2,Returned
3278,651,35,2024-06-14,1,Pending
3279,2426,67,2023-09-13,3,Returned
3280,9115,35,2024-07-22,1,Completed
3281,3160,93,2023-10-07,1,Completed
3282,398,9,2023-10-27,1,Returned
3283,5302,37,2024-04-27,3,Returned
3284,5403,60,2024-02-25,2,Cancelled
3285,7701,56,2024-07-07,2,Cancelled
3286,561,89,2023-12-03,2,Completed
3287,8382,12,2024-01-07,1,Completed
3288,8397,71,2023-01-08,2,Completed
3289,5100,71,2023-03-01,1,
3290,3372,4,2023-11-07,3,Returned
3291,3042,61,2023-05-10,1,Completed
3292,6845,45,2024-06-25,2,Completed
3293,9898,95,2023-02-11,2,Completed
3294,5399,50,2023-03-29,2,Completed
3295,713,50,2024-02-15,1,Completed
3296,3457,74,2024-08-05,3,
3297,6948,48,2023-08-19,3,Pending
3298,4407,23,2023-12-10,4,Completed
3299,7650,90,2023-05-03,1,Completed
3300,3878,87,2023-08-23,4,Returned
3301,3523,93,2023-04-29,1,Cancelled
3302,5652,8,2024-05-26,1,Cancelled
3303,4113,83,2023-04-06,1,Returned
3304,4566,29,2023-08-06,1,Completed
3305,4907,43,2024-01-14,3,
3306,5424,53,2023-05-16,1,Cancelled
3307,8747,6,2023-09-01,3,Cancelled
3308,4978,93,2024-08-16,1,Completed
3309,2679,24,2024-05-31,2,
3310,8776,74,2024-05-28,4,Completed
3311,4942,14,2024-08-14,2,
3312,7330,52,2024-08-10,3,Pending
3313,842,70,2024-01-29,1,Pending
3314,4039,4,2023-01-26,1,Cancelled
3315,1805,58,2024-05-09,2,Cancelled
3316,8922,79,2024-05-11,4,
3317,4350,37,2024-01-05,1,
3318,9656,48,2024-05-19,3,Returned
3319,4947,39,2023-09-15,4,Completed
3320,7119,92,2023-09-22,,Completed
3321,6658,66,2023-06-05,,Pending
3322,1573,13,2023-08-17,4,Cancelled
3323,6241,66,2023-05-20,1,Completed
3324,4967,60,2023-08-27,4,Completed
3325,9586,41,2023-08-12,4,Completed
3326,257,32,2024-02-24,3,Pending
3327,128,52,2024-05-30,1,Cancelled
3328,9575,5,2023-09-23,2,Completed
3329,6868,67,2024-02-11,1,Returned
3330,7855,66,2023-07-01,2,Pending
3331,2206,78,2023-09-06,3,Completed
3332,8514,52,2023-06-04,3,Completed
3333,4380,49,2024-04-03,4,Completed
3334,8068,29,2024-07-19,2,Cancelled
3335,6278,38,2024-02-29,2,
3336,9709,70,2023-09-17,,Completed
3337,4325,98,2024-08-22,3,Completed
3338,8311,8,2023-12-06,3,Completed
3339,7082,59,2024-03-22,3,Cancelled
3340,2372,55,2024-01-02,3,Pending
3341,5017,2,2023-06-09,,Completed
3342,6303,26,2024-06-10,2,Cancelled
3343,6383,63,2023-04-01,2,Pending
3344,6540,17,2024-07-16,2,Completed
3345,6453,59,2023-09-23,4,Cancelled
3346,6393,88,2024-02-03,4,Completed
3347,4797,95,2023-04-24,2,Completed
3348,2442,16,2023-06-27,1,Completed
3349,1018,58,2023-10-25,2,Cancelled
3350,4502,64,2023-02-26,,Completed
3351,3048,50,2023-04-08,1,Completed
3352,5795,85,2023-07-31,2,Completed
3353,4251,26,2024-05-08,1,Cancelled
3354,5948,17,2024-07-04,,Pending
3355,8386,46,2023-06-10,3,Completed
3356,7392,68,2023-08-29,3,Completed
3357,2447,50,2023-02-23,1,Completed
3358,7124,43,2024-04-19,3,Completed
3359,1400,48,2023-05-24,2,Completed
3360,6296,68,2023-11-30,2,Completed
3361,3688,19,2024-07-05,2,Completed
3362,7865,25,2024-01-21,3,Completed
3363,6128,72,2024-07-14,4,Pending
3364,553,18,2023-09-08,1,Completed
3365,5544,51,2024-06-29,1,Completed
3366,8922,18,2023-05-15,4,Completed
3367,2561,58,2023-02-01,3,Returned
3368,5109,64,2023-05-09,1,Completed
3369,4267,71,2023-09-07,1,Returned
3370,4946,57,2023-04-25,3,Completed
3371,8986,17,2023-06-17,1,Cancelled
3372,5685,59,2024-04-07,,Completed
3373,8317,67,2024-03-20,3,Completed
3374,8367,86,2023-01-12,4,Cancelled
3375,2552,15,2023-06-19,4,Completed
3376,3849,95,2023-04-24,3,Completed
3377,3457,100,2023-08-12,2,Completed
3378,2759,26,2024-06-19,2,
3379,3756,48,2023-11-10,4,Completed
3380,3643,14,2023-03-31,3,Completed
3381,8120,81,2023-01-21,1,Cancelled
3382,1661,9,2024-03-08,3,Cancelled
3383,8230,7,2023-02-02,2,Cancelled
3384,5587,91,2024-06-11,1,Completed
3385,3577,92,2023-01-08,2,Completed
3386,6459,55,2023-11-08,1,Completed
3387,9501,12,2023-12-22,4,Returned
3388,6126,17,2023-12-26,1,Completed
3389,2924,73,2023-05-24,2,Completed
3390,2709,8,2023-05-06,3,Completed
3391,4172,91,2024-06-19,4,Completed
3392,8423,42,2023-10-24,2,Completed
3393,2751,76,2023-03-20,3,Cancelled
3394,7477,37,2024-06-13,2,Completed
3395,7932,20,2023-01-21,1,Pending
3396,2805,1,2023-11-19,2,Completed
3397,5445,9,2024-05-26,3,Completed
3398,842,24,2024-03-04,3,Completed
3399,5576,34,2023-12-07,2,Completed
3400,7511,36,2024-05-01,1,Completed
3401,6406,4,2023-03-07,1,
3402,3535,29,2023-12-19,4,Completed
3403,7858,87,2024-08-01,3,Cancelled
3404,608,99,2023-11-25,3,Pending
3405,7395,16,2023-04-23,2,Completed
3406,4619,8,2024-06-25,2,Returned
3407,3961,91,2024-03-10,1,Returned
3408,4258,39,2023-08-30,1,Returned
3409,5613,58,2024-06-15,1,Completed
3410,202,12,2023-03-15,,
3411,6560,44,2024-03-10,4,Completed
3412,5132,4,2024-03-31,3,Returned
3413,1365,25,2023-05-16,1,Completed
3414,752,70,2023-08-19,2,Pending
3415,7546,67,2024-05-08,2,Completed
3416,5345,39,2024-07-10,2,Cancelled
3417,1206,24,2024-05-06,2,Pending
3418,9513,85,2024-04-04,,Completed
3419,3888,6,2023-05-26,3,Completed
3420,1331,97,2024-02-21,1,Completed
3421,8623,72,2024-01-21,2,Completed
3422,7520,33,2023-03-14,1,Completed
3423,4684,48,2023-01-26,1,Completed
3424,2275,67,2024-03-29,,Completed
3425,7524,2,2023-11-20,3,Cancelled
3426,3366,38,2024-06-26,1,Completed
3427,1264,40,2023-05-25,2,Pending
3428,4237,56,2023-09-23,2,Pending
3429,4300,88,2023-09-14,3,Cancelled
3430,3734,21,2024-03-06,2,Pending
3431,1666,82,2024-05-14,1,Pending
3432,861,35,2023-12-17,2,Completed
3433,845,75,2023-11-04,1,
3434,137,75,2024-01-31,2,
3435,5748,67,2023-07-05,1,Completed
3436,6495,60,2023-10-13,1,Completed
3437,5787,23,2024-02-15,1,Completed
3438,9346,65,2024-04-13,1,Cancelled
3439,9171,63,2023-04-22,1,Returned
3440,8761,23,2024-07-17,4,Pending
3441,6201,86,2023-03-29,2,Cancelled
3442,8326,42,2023-04-01,2,Completed
3443,2062,94,2024-02-21,2,Completed
3444,4379,64,2023-02-02,1,Completed
3445,3731,66,2024-05-31,2,Completed
3446,8319,81,2023-04-23,4,Returned
3447,6123,41,2023-09-05,1,Returned
3448,1796,20,2024-07-02,,Pending
3449,4314,9,2023-12-15,4,Returned
3450,8188,57,2024-08-16,4,Completed
3451,4841,75,2023-07-26,1,Completed
3452,3727,17,2024-05-14,2,Completed
3453,260,78,2023-11-15,3,Completed
3454,1242,82,2024-07-20,1,Completed
3455,1844,18,2024-07-26,3,Completed
3456,5778,63,2023-06-18,4,Completed
3457,9705,72,2023-05-23,,Completed
3458,2281,93,2024-07-03,1,Completed
3459,9148,72,2023-01-30,1,Completed
3460,7797,26,2023-09-10,1,Completed
3461,4568,92,2024-01-26,1,Completed
3462,9301,72,2023-09-16,2,Cancelled
3463,9735,84,2023-03-09,4,
3464,8573,72,2024-01-16,3,Completed
3465,1256,78,2024-06-29,,Completed
3466,6463,13,2024-02-14,2,Cancelled
3467,1659,17,2023-09-24,3,Completed
3468,2649,26,2023-09-27,4,Completed
3469,3372,6,2023-08-12,4,Returned
3470,3430,81,2023-08-16,4,Completed
3471,9773,4,2024-03-20,2,Completed
3472,4861,89,2023-03-16,,Completed
3473,7621,7,2024-01-15,2,Completed
3474,2933,17,2023-07-01,,Completed
3475,5087,86,2023-10-16,4,Completed
3476,9779,92,2023-11-17,1,Cancelled
3477,6650,50,2024-03-11,,Completed
3478,8120,6,2023-12-17,1,Completed
3479,4984,30,2023-03-23,,Completed
3480,2522,74,2024-01-27,3,Completed
3481,2703,56,2024-06-02,3,Completed
3482,19,39,2023-08-11,1,Completed
3483,2570,14,2023-07-22,1,Cancelled
3484,784,54,2024-05-17,,Completed
3485,9899,22,2023-12-12,2,Completed
3486,415,57,2023-04-29,4,Completed
3487,8556,41,2023-10-30,3,
3488,1104,90,2023-05-22,3,Completed
3489,4892,10,2024-01-02,3,Pending
3490,5310,2,2024-08-22,1,Completed
3491,1172,67,2023-05-17,2,Cancelled
3492,9891,48,2023-02-08,3,Completed
3493,8635,42,2024-01-01,4,Completed
3494,6409,11,2024-08-04,3,Cancelled
3495,4746,74,2023-06-15,1,Completed
3496,4562,12,2024-04-15,,Completed
3497,8173,14,2024-02-25,3,Completed
3498,6637,30,2023-11-03,2,Completed
3499,2590,60,2023-09-17,4,Completed
3500,9696,77,2023-04-15,3,Completed
3501,5723,30,2023-07-24,3,
3502,723,38,2023-10-16,3,Completed
3503,842,75,2023-11-21,1,Cancelled
3504,2348,65,2023-03-03,2,Cancelled
3505,646,91,2023-11-15,1,
3506,8216,47,2024-03-25,3,Completed
3507,3273,39,2024-06-30,1,Completed
3508,7,49,2023-03-27,1,Completed
3509,3702,73,2023-10-25,4,Cancelled
3510,9464,58,2023-10-22,2,Returned
3511,5631,90,2023-04-03,3,Completed
3512,2557,89,2024-08-21,2,Completed
3513,2955,17,2023-03-13,2,Completed
3514,7388,6,2023-09-11,2,Completed
3515,6789,15,2024-03-27,4,Completed
3516,9792,67,2023-12-31,1,Completed
3517,9859,95,2023-05-21,2,Cancelled
3518,9254,28,2024-06-11,1,Completed
3519,4662,73,2023-08-18,2,Completed
3520,3802,44,2023-09-01,4,Cancelled
3521,5634,18,2023-04-27,4,Completed
3522,7414,32,2024-02-13,2,Pending
3523,1164,83,2023-08-17,1,Completed
3524,1282,69,2024-03-11,2,Completed
3525,8188,44,2023-01-10,4,Completed
3526,9401,70,2024-05-15,1,Completed
3527,303,63,2024-07-05,3,Completed
3528,8948,76,2023-04-01,3,Cancelled
3529,4260,58,2024-02-21,1,Pending
3530,5764,47,2024-05-24,3,Completed
3531,9419,17,2023-06-21,1,Pending
3532,8181,39,2023-01-14,1,Cancelled
3533,7576,59,2023-01-25,2,Completed
3534,9426,7,2023-08-21,1,Cancelled
3535,5979,63,2023-07-27,4,Completed
3536,9090,57,2023-05-27,3,Cancelled
3537,6091,75,2024-02-23,,Pending
3538,8155,34,2024-04-21,2,
3539,8184,53,2023-04-21,1,Completed
3540,5681,66,2023-04-03,2,Completed
3541,6512,78,2023-09-15,4,Pending
3542,3363,82,2024-02-11,2,Returned
3543,9647,48,2023-05-27,2,Returned
3544,2013,60,2023-11-21,2,Cancelled
3545,1101,43,2023-01-31,1,Cancelled
3546,9008,73,2024-05-30,1,Cancelled
3547,5105,4,2023-10-07,1,Returned
3548,5616,78,2023-03-17,2,Completed
3549,9513,75,2024-05-24,1,Cancelled
3550,4503,94,2023-12-06,3,Completed
3551,7624,91,2023-09-17,3,Pending
3552,4588,93,2023-04-21,3,Pending
3553,9225,52,2024-06-05,1,Completed
3554,6038,32,2024-04-04,3,Returned
3555,1156,94,2023-08-03,2,
3556,9293,90,2024-08-23,4,Completed
3557,997,94,2023-07-30,2,Pending
3558,9628,51,2023-05-05,1,Completed
3559,5210,10,2024-02-28,1,Completed
3560,2546,12,2024-01-31,3,Returned
3561,3701,97,2024-08-16,2,Pending
3562,6766,98,2023-11-29,1,Completed
3563,4985,82,2024-04-13,2,Returned
3564,354,39,2024-04-22,1,Completed
3565,2319,80,2023-05-22,2,Completed
3566,8931,68,2023-01-15,2,Completed
3567,2520,10,2024-08-18,4,Completed
3568,5428,92,2024-08-03,1,
3569,4604,82,2023-09-12,4,Cancelled
3570,8247,73,2024-02-23,2,Returned
3571,2085,86,2023-05-31,1,Completed
3572,900,10,2024-01-17,,Completed
3573,8716,23,2024-05-21,3,Completed
3574,463,77,2023-06-29,1,Cancelled
3575,1502,88,2024-06-10,3,Completed
3576,716,13,2023-02-10,4,Completed
3577,5331,48,2023-12-24,,Pending
3578,7175,89,2023-06-01,3,Completed
3579,3612,44,2024-06-07,3,Cancelled
3580,9181,93,2024-05-21,1,Completed
3581,212,80,2024-01-17,,Completed
3582,7357,64,2024-02-13,1,Completed
3583,754,40,2024-01-19,1,Pending
3584,3751,6,2023-05-27,,Pending
3585,3223,72,2023-08-31,1,Completed
3586,436,98,2023-03-26,2,Cancelled
3587,9428,82,2023-09-14,2,Completed
3588,8971,43,2023-02-14,4,Completed
3589,4930,32,2024-06-29,2,Completed
3590,1961,49,2023-10-20,2,Completed
3591,4273,74,2024-06-24,1,Cancelled
3592,9999,98,2023-10-05,1,Completed
3593,5814,87,2024-05-19,4,Cancelled
3594,1725,19,2023-10-10,2,
3595,8378,84,2023-07-01,1,Completed
3596,1495,52,2023-05-03,2,Completed
3597,1980,52,2023-02-23,1,Pending
3598,5429,34,2024-08-13,3,Completed
3599,4054,59,2024-06-14,1,Returned
3600,8438,81,2024-02-14,1,Cancelled
3601,7161,5,2023-06-21,2,Completed
3602,8576,66,2024-01-08,,Completed
3603,7210,41,2024-04-21,3,Completed
3604,285,34,2024-02-28,2,Completed
3605,5084,54,2023-10-20,1,Pending
3606,3995,20,2023-04-24,3,Completed
3607,8492,54,2023-10-30,,Completed
3608,901,66,2023-12-03,3,Completed
3609,1460,92,2023-02-01,1,Returned
3610,2922,18,2024-03-25,,Cancelled
3611,2534,44,2024-03-12,2,Cancelled
3612,6580,48,2023-03-11,2,Completed
3613,806,35,2024-03-26,2,Cancelled
3614,7596,79,2023-03-15,1,Pending
3615,2229,39,2024-07-19,1,Returned
3616,1922,3,2023-08-15,4,Completed
3617,4973,19,2023-04-19,2,Pending
3618,2388,87,2023-09-14,4,Completed
3619,1997,83,2023-05-31,,Completed
3620,4826,18,2023-09-10,3,Pending
3621,5283,94,2024-03-06,3,Returned
3622,2504,83,2023-10-01,,Cancelled
3623,105,5,2024-01-23,2,Pending
3624,6863,55,2023-12-26,2,Cancelled
3625,8631,13,2023-02-21,,Completed
3626,1522,34,2024-06-11,1,Completed
3627,1352,88,2023-05-16,1,Completed
3628,2699,18,2024-02-20,2,Completed
3629,3613,68,2023-09-26,4,Completed
3630,509,100,2023-03-25,,Pending
3631,5311,72,2023-07-18,2,Completed
3632,6191,43,2023-11-01,1,Cancelled
3633,1275,65,2023-11-18,2,Pending
3634,2823,41,2024-03-13,3,Cancelled
3635,64,38,2023-08-25,1,Completed
3636,3922,100,2024-07-14,2,
3637,860,38,2024-05-01,3,Completed
3638,1548,13,2023-07-27,3,Completed
3639,2077,22,2023-11-07,3,Completed
3640,437,29,2024-06-19,1,Cancelled
3641,6086,9,2024-04-27,3,Returned
3642,3658,91,2023-07-05,1,Completed
3643,763,68,2023-09-30,2,
3644,736,17,2024-01-07,2,Completed
3645,7215,37,2023-05-13,1,Completed
3646,7585,64,2023-05-14,1,Completed
3647,4095,67,2024-07-03,1,Returned
3648,6595,4,2023-07-10,2,Completed
3649,4729,40,2023-06-05,1,Completed
3650,9771,16,2024-07-29,1,Completed
3651,3730,11,2023-05-14,1,Completed
3652,7242,91,2024-03-26,2,Completed
3653,1077,26,2023-04-19,3,Completed
3654,1831,95,2023-04-22,2,Completed
3655,674,98,2023-05-08,3,Cancelled
3656,549,72,2023-04-15,3,Completed
3657,9129,65,2023-05-26,4,Completed
3658,896,2,2023-12-28,1,Completed
3659,2570,91,2024-04-29,2,Completed
3660,914,45,2023-11-19,3,Completed
3661,1177,43,2023-09-19,2,Completed
3662,7274,3,2023-05-30,2,Completed
3663,6697,34,2024-07-26,,Completed
3664,4866,80,2024-02-15,,Cancelled
3665,4307,65,2024-03-17,3,Completed
3666,3274,64,2023-01-19,2,Completed
3667,6577,7,2023-09-04,4,Completed
3668,1523,35,2024-03-13,2,Cancelled
3669,6426,22,2024-05-29,,Completed
3670,7478,48,2023-01-24,3,Completed
3671,2803,32,2024-06-08,1,Returned
3672,3123,26,2023-02-12,2,Completed
3673,2457,6,2023-03-29,3,Cancelled
3674,1650,46,2023-10-25,4,Returned
3675,2321,55,2024-02-15,4,
3676,1144,75,2023-11-21,,Cancelled
3677,8238,95,2024-03-09,2,Completed
3678,3315,55,2024-04-13,1,Completed
3679,4407,85,2023-08-06,3,Completed
3680,2610,57,2024-05-05,1,Completed
3681,7592,86,2024-08-12,,Completed
3682,3120,63,2023-05-14,4,Completed
3683,1401,1,2023-05-02,,Completed
3684,9784,21,2023-03-06,2,Completed
3685,8200,20,2024-06-16,1,Returned
3686,9176,73,2024-04-21,2,Pending
3687,3598,91,2024-07-25,1,Completed
3688,9943,29,2024-08-23,3,Completed
3689,5490,43,2023-12-23,2,Pending
3690,3512,97,2023-02-24,4,Completed
3691,3829,45,2023-08-15,1,Completed
3692,566,65,2023-12-12,4,Completed
3693,7652,3,2024-04-25,3,Completed
3694,9093,96,2024-05-29,,Completed
3695,2772,20,2024-03-03,1,Pending
3696,6778,81,2023-08-04,1,Completed
3697,114,37,2023-11-17,4,
3698,532,38,2024-04-29,2,Completed
3699,9715,74,2024-07-23,2,Returned
3700,3411,45,2023-08-23,,Completed
3701,9237,93,2024-02-25,2,Completed
3702,5840,42,2024-06-21,1,Completed
3703,8225,46,2024-06-12,1,Pending
3704,8325,60,2023-05-12,2,Cancelled
3705,1727,96,2024-02-29,3,Completed
3706,5071,13,2023-08-31,1,Completed
3707,8218,31,2024-04-29,3,Returned
3708,2649,68,2024-07-03,2,Pending
3709,9454,62,2023-05-07,4,Cancelled
3710,2066,49,2024-06-27,1,Completed
3711,934,18,2024-08-02,4,Completed
3712,1051,75,2024-05-17,,Completed
3713,9009,53,2023-06-17,3,Completed
3714,6031,18,2023-07-03,2,Completed
3715,7117,51,2024-04-19,1,Completed
3716,5044,41,2023-03-23,1,Completed
3717,8930,97,2024-04-17,3,Pending
3718,6468,67,2023-06-09,1,Pending
3719,3603,65,2023-04-15,4,Completed
3720,6879,83,2023-08-23,,Completed
3721,793,6,2024-05-18,1,Completed
3722,5964,74,2023-11-12,2,Pending
3723,9548,37,2023-09-24,,Completed
3724,1386,12,2023-04-17,2,Completed
3725,1061,81,2024-04-08,2,Completed
3726,9564,91,2024-06-06,3,Completed
3727,7924,2,2024-06-23,1,Completed
3728,4139,53,2023-02-22,,Completed
3729,1150,25,2023-03-15,4,Cancelled
3730,7694,28,2023-02-13,1,Completed
3731,7493,45,2023-01-30,1,Completed
3732,6328,37,2023-07-05,,Completed
3733,3354,17,2024-05-22,3,Completed
3734,5970,69,2023-01-02,1,Completed
3735,4629,56,2023-07-21,1,Completed
3736,3449,58,2024-05-17,1,Completed
3737,5328,83,2024-05-17,,Returned
3738,9693,4,2023-09-05,2,Completed
3739,5050,55,2024-04-10,2,Completed
3740,69,49,2023-01-27,,Pending
3741,3509,38,2023-05-07,2,Cancelled
3742,301,45,2024-05-06,2,
3743,6798,30,2024-01-05,,Completed
3744,2601,96,2024-05-19,1,Completed
3745,2154,37,2024-08-01,,Completed
3746,4906,56,2024-08-11,1,Returned
3747,4019,27,2023-05-31,2,Completed
3748,3083,32,2024-05-25,2,Completed
3749,7075,11,2023-08-21,,Cancelled
3750,1240,58,2024-06-06,2,Cancelled
3751,460,77,2024-07-23,1,
3752,7983,35,2023-02-03,1,
3753,2627,17,2024-03-15,2,Cancelled
3754,3764,30,2023-07-13,3,Completed
3755,7021,18,2023-12-26,3,Completed
3756,2802,30,2023-03-11,4,Completed
3757,464,90,2023-02-21,4,Completed
3758,998,16,2023-12-13,3,Completed
3759,5642,75,2023-11-30,3,Completed
3760,6385,54,2023-04-08,1,Completed
3761,1679,4,2023-01-17,,
3762,865,15,2023-01-26,1,Pending
3763,9383,76,2024-02-22,2,Cancelled
3764,7737,27,2024-03-03,3,Completed
3765,2698,4,2024-06-22,,Pending
3766,9057,35,2023-04-27,2,Completed
3767,2927,85,2023-09-22,4,Completed
3768,7543,63,2023-02-09,1,Pending
3769,4430,100,2023-06-12,2,Completed
3770,7411,66,2024-04-20,2,Pending
3771,7219,39,2023-11-09,4,Completed
3772,7026,28,2024-07-01,2,Pending
3773,2398,34,2023-07-14,2,Completed
3774,2222,33,2024-08-12,1,Completed
3775,5815,50,2024-05-16,2,Completed
3776,6505,60,2023-09-13,1,Completed
3777,7523,72,2023-07-08,1,Completed
3778,5786,72,2024-07-27,1,Completed
3779,9975,42,2024-05-21,2,Completed
3780,6220,86,2024-01-16,1,
3781,3999,91,2023-06-08,1,Completed
3782,2804,28,2024-07-16,1,Completed
3783,4548,75,2024-05-27,2,Returned
3784,9971,27,2023-07-24,2,Completed
3785,6511,1,2023-07-28,4,Completed
3786,9018,92,2023-12-01,2,Completed
3787,3662,91,2023-12-06,1,Completed
3788,52,8,2024-04-20,3,Cancelled
3789,6059,46,2023-11-01,1,Completed
3790,3516,24,2023-01-20,4,
3791,3331,40,2023-03-28,2,Cancelled
3792,7492,51,2024-03-04,2,Cancelled
3793,1675,100,2023-02-14,2,Pending
3794,6029,24,2024-06-24,,Completed
3795,1362,22,2023-11-03,1,Cancelled
3796,8979,74,2024-05-25,,Returned
3797,556,68,2023-06-25,3,Completed
3798,7793,8,2023-05-17,,Returned
3799,9955,58,2023-02-01,3,
3800,2113,15,2023-03-21,3,Completed
3801,2211,8,2023-11-12,3,Completed
3802,1702,93,2024-07-15,4,Completed
3803,2713,42,2023-07-23,2,Cancelled
3804,6464,39,2024-01-01,3,Completed
3805,2317,35,2023-12-23,3,Returned
3806,6470,41,2023-06-02,2,Completed
3807,1611,48,2024-04-23,4,Completed
3808,4353,78,2024-02-15,1,Cancelled
3809,6344,96,2024-08-15,1,Cancelled
3810,4706,71,2023-08-26,3,Returned
3811,9320,44,2023-03-08,3,Pending
3812,5492,97,2023-01-27,2,Completed
3813,9097,35,2023-05-01,3,Completed
3814,8356,27,2024-01-15,4,Completed
3815,9329,65,2023-10-23,1,Pending
3816,4711,70,2023-01-12,3,Returned
3817,2026,66,2023-04-15,4,Completed
3818,106,71,2023-09-21,2,Completed
3819,4460,72,2024-02-26,3,Cancelled
3820,3093,63,2024-04-21,1,Completed
3821,9345,93,2023-01-30,4,Completed
3822,699,80,2023-07-07,4,Completed
3823,8939,29,2024-07-31,2,Completed
3824,6072,31,2024-01-28,1,Cancelled
3825,5740,64,2024-06-13,3,Completed
3826,9153,86,2024-03-06,3,Cancelled
3827,3492,53,2023-01-21,,Completed
3828,3298,74,2023-12-20,1,Completed
3829,2978,68,2024-03-01,1,Completed
3830,209,25,2024-06-07,1,Completed
3831,3317,13,2024-02-27,2,Completed
3832,5408,81,2023-05-10,1,Completed
3833,7234,40,2024-04-15,,
3834,1892,72,2023-01-05,1,
3835,9369,87,2023-09-28,3,Returned
3836,3507,7,2024-05-23,2,Completed
3837,2040,32,2024-05-02,3,Returned
3838,3290,24,2024-06-03,,Completed
3839,9645,1,2024-04-03,2,Completed
3840,6646,47,2023-03-12,2,Returned
3841,4762,51,2023-10-22,1,Completed
3842,1618,36,2023-06-12,4,Completed
3843,8187,27,2023-12-04,,Cancelled
3844,435,70,2023-11-01,1,Completed
3845,1647,42,2023-10-14,3,Completed
3846,6668,95,2024-06-04,2,Cancelled
3847,5259,76,2023-09-04,3,Completed
3848,7191,90,2023-02-25,,Cancelled
3849,1441,89,2024-08-10,1,Completed
3850,6096,68,2023-05-13,3,Completed
3851,6876,70,2023-10-11,2,Pending
3852,4444,13,2024-01-28,3,Completed
3853,4861,25,2023-05-14,2,Completed
3854,9126,95,2024-05-30,3,Completed
3855,9339,22,2023-08-01,2,Completed
3856,7714,99,2023-03-21,2,Completed
3857,381,21,2024-04-07,3,Completed
3858,9017,15,2023-08-15,1,Completed
3859,9731,67,2024-06-18,2,Completed
3860,7174,37,2024-06-14,2,Pending
3861,1638,45,2023-09-07,1,Cancelled
3862,7544,26,2023-09-17,3,Completed
3863,525,81,2024-07-31,4,Completed
3864,3108,55,2024-06-14,1,
3865,8143,50,2024-02-04,3,Completed
3866,1094,35,2023-11-23,3,Completed
3867,105,41,2024-08-13,2,Completed
3868,1740,72,2024-05-23,1,
3869,3127,11,2023-01-12,,Completed
3870,1677,88,2024-01-23,2,Completed
3871,7905,8,2023-07-18,1,Returned
3872,8028,54,2023-05-08,3,Pending
3873,4917,94,2023-04-09,3,Cancelled
3874,2935,1,2023-11-16,4,Completed
3875,5157,98,2024-01-01,,
3876,1043,20,2024-06-11,1,Completed
3877,9634,100,2023-12-11,3,Returned
3878,1846,34,2024-06-23,,Completed
3879,3502,57,2023-06-27,2,Returned
3880,1542,98,2023-06-20,3,Completed
3881,467,13,2023-08-29,2,Completed
3882,2945,54,2024-05-14,2,Completed
3883,4295,53,2023-11-29,3,Completed
3884,1592,52,2023-01-09,,Cancelled
3885,4073,6,2023-09-20,1,Returned
3886,3573,36,2023-05-22,2,Pending
3887,9386,25,2023-06-07,,Completed
3888,5979,91,2024-08-06,1,Completed
3889,294,58,2023-08-05,3,Pending
3890,9114,55,2023-05-28,2,Returned
3891,5859,95,2024-08-12,2,Completed
3892,1339,3,2024-04-14,1,Completed
3893,5210,28,2024-08-09,1,Completed
3894,3476,68,2024-01-07,2,Completed
3895,9734,81,2023-09-16,2,Completed
3896,2499,38,2024-04-28,2,Cancelled
3897,9100,34,2023-08-12,1,Completed
3898,5729,84,2023-03-08,2,Completed
3899,7318,13,2024-03-26,,Returned
3900,2494,5,2023-09-13,2,Pending
3901,3089,60,2024-07-18,2,Returned
3902,6282,88,2023-05-09,1,Completed
3903,6796,17,2024-07-13,2,Completed
3904,5628,57,2023-05-10,4,Cancelled
3905,3991,31,2023-10-24,2,Completed
3906,3752,92,2024-03-05,3,Returned
3907,7242,65,2023-08-12,3,Completed
3908,2098,66,2023-05-07,1,Cancelled
3909,3175,33,2023-04-28,2,Completed
3910,388,93,2023-05-12,3,Completed
3911,299,4,2023-01-25,2,Completed
3912,4435,82,2023-09-16,3,Cancelled
3913,4062,55,2023-05-11,2,Completed
3914,474,24,2024-08-06,1,Completed
3915,5058,32,2023-09-08,4,Returned
3916,5290,73,2023-08-26,2,Completed
3917,4109,47,2024-02-28,3,Pending
3918,8641,16,2023-07-12,2,Pending
3919,2222,21,2023-09-21,,Completed
3920,5252,94,2023-10-29,,Completed
3921,3612,67,2024-01-13,3,Completed
3922,2643,97,2023-01-26,3,Cancelled
3923,1921,31,2023-08-06,4,Pending
3924,7076,14,2023-03-17,2,Cancelled
3925,5995,6,2023-01-28,4,Completed
3926,2317,69,2023-03-29,2,Completed
3927,1275,29,2023-11-29,1,Completed
3928,9808,55,2023-05-23,,Cancelled
3929,4984,37,2023-09-18,3,
3930,7835,59,2023-11-20,2,Cancelled
3931,3619,36,2023-09-16,,Cancelled
3932,260,85,2023-09-06,4,Completed
3933,3207,76,2023-10-25,1,Completed
3934,9705,59,2024-02-10,3,Completed
3935,5179,87,2023-02-08,2,Pending
3936,5359,78,2023-11-12,4,Completed
3937,4508,64,2023-05-21,2,Cancelled
3938,6459,43,2023-11-29,1,Cancelled
3939,7542,42,2023-04-30,1,Cancelled
3940,3509,74,2024-06-10,1,Completed
3941,7306,60,2023-10-24,1,Completed
3942,4995,62,2023-12-29,2,Cancelled
3943,8424,64,2024-06-18,3,Pending
3944,6755,91,2023-06-19,1,Completed
3945,8922,58,2023-10-25,2,Completed
3946,5517,2,2024-01-22,2,Completed
3947,5869,78,2024-05-17,3,Completed
3948,5800,71,2024-07-05,2,
3949,2930,81,2023-08-20,1,Cancelled
3950,8510,84,2024-05-05,2,Completed
3951,1531,8,2024-06-25,3,Returned
3952,7914,56,2024-06-02,1,Completed
3953,9303,84,2023-08-06,1,Completed
3954,716,36,2023-06-10,4,Completed
3955,9534,69,2023-10-09,2,Returned
3956,7528,13,2023-12-26,,Pending
3957,3313,39,2024-06-30,4,Completed
3958,7224,81,2024-04-05,2,Completed
3959,5193,6,2023-01-17,3,Completed
3960,7028,19,2024-05-27,1,Completed
3961,202,25,2024-02-09,1,Completed
3962,2141,3,2023-12-02,4,Completed
3963,9865,53,2024-05-13,2,Completed
3964,9249,28,2023-10-18,1,Returned
3965,3672,26,2023-08-02,,Completed
3966,8611,47,2023-08-23,1,Completed
3967,7371,8,2024-07-03,2,Completed
3968,2599,57,2023-11-19,1,Completed
3969,8818,55,2023-01-15,2,Completed
3970,1945,79,2024-05-31,2,Pending
3971,2930,1,2023-10-18,3,Completed
3972,3384,40,2023-10-09,,Completed
3973,3541,23,2023-08-06,2,Completed
3974,394,100,2023-08-03,1,Completed
3975,7011,54,2023-03-29,4,Completed
3976,6778,42,2024-04-04,3,Pending
3977,8824,80,2023-06-09,3,Completed
3978,322,50,2023-07-16,1,Completed
3979,4670,4,2023-07-18,1,Completed
3980,1694,8,2023-12-18,2,Returned
3981,1064,36,2023-04-30,2,Completed
3982,7922,10,2023-09-19,1,Completed
3983,3112,30,2023-04-20,1,Completed
3984,9669,100,2024-02-18,1,Completed
3985,3262,16,2024-03-30,1,Completed
3986,3087,30,2023-12-06,1,Completed
3987,3812,64,2024-05-22,2,Completed
3988,3352,74,2023-02-18,4,Completed
3989,7081,11,2024-06-13,3,Completed
3990,9151,34,2024-01-23,3,Cancelled
3991,4144,80,2024-05-09,1,Pending
3992,6333,55,2023-02-07,1,Pending
3993,6448,83,2023-04-04,2,Completed
3994,9775,4,2023-05-24,2,Cancelled
3995,7864,49,2023-10-19,,Cancelled
3996,3177,44,2024-04-21,1,Completed
3997,2417,31,2024-02-25,4,Completed
3998,7669,48,2023-04-07,2,Completed
3999,8652,99,2023-02-10,4,
4000,2312,98,2023-01-29,2,Completed
4001,1230,26,2024-08-08,4,Completed
4002,1531,70,2024-07-23,2,Cancelled
4003,9580,97,2024-03-28,2,Cancelled
4004,2798,91,2024-03-13,,Completed
4005,1364,12,2023-02-24,2,Cancelled
4006,4503,45,2023-11-26,4,Completed
4007,453,8,2023-08-17,1,
4008,3905,9,2023-04-21,1,Completed
4009,5997,1,2023-01-04,2,Completed
4010,578,5,2024-02-08,3,Completed
4011,3920,71,2024-05-05,3,Cancelled
4012,7318,82,2023-08-18,1,Pending
4013,3265,54,2024-07-29,3,Completed
4014,1932,24,2023-06-12,1,Completed
4015,4243,26,2024-01-09,,Completed
4016,8182,10,2024-04-21,2,Completed
4017,183,61,2024-04-07,1,Returned
4018,8428,40,2023-12-21,1,Completed
4019,638,44,2024-02-28,,Completed
4020,3006,12,2023-12-29,2,Pending
4021,3473,22,2023-02-24,2,Completed
4022,525,27,2023-10-10,3,Completed
4023,5660,67,2023-05-17,,Completed
4024,2371,82,2024-01-26,2,Pending
4025,9477,69,2023-08-08,1,Completed
4026,1636,14,2024-06-25,3,Completed
4027,9916,25,2024-02-06,2,Completed
4028,4433,52,2023-09-26,1,Returned
4029,7468,95,2023-05-02,2,Returned
4030,4215,85,2023-01-03,3,Completed
4031,9774,59,2024-03-26,3,Pending
4032,580,38,2023-06-02,,Completed
4033,7851,20,2024-05-24,2,Completed
4034,3942,78,2023-04-14,2,Completed
4035,8388,20,2023-06-08,1,Cancelled
4036,8525,56,2023-01-05,4,Completed
4037,3092,30,2023-04-20,1,Pending
4038,4719,41,2024-06-08,,Completed
4039,8850,84,2024-05-23,2,Pending
4040,8896,71,2023-07-03,2,Completed
4041,5553,63,2023-06-06,2,Pending
4042,4979,69,2023-09-20,,Completed
4043,9642,95,2023-09-13,,Completed
4044,1253,29,2023-04-30,,Completed
4045,8716,79,2024-08-13,3,Completed
4046,2423,89,2023-01-16,1,Pending
4047,8228,77,2023-03-18,2,Completed
4048,8968,44,2023-02-22,1,Completed
4049,28,88,2023-08-26,3,Completed
4050,7540,79,2023-09-09,2,Returned
4051,86,88,2023-01-18,3,Completed
4052,6910,90,2023-02-24,1,Completed
4053,4282,83,2023-06-09,4,Pending
4054,4654,57,2023-10-31,,Pending
4055,8034,24,2023-07-07,3,Returned
4056,7665,19,2023-12-24,4,Completed
4057,5067,17,2023-10-11,2,Completed
4058,257,69,2023-01-23,1,Cancelled
4059,1448,61,2023-01-01,,Returned
4060,5701,4,2023-12-08,1,Pending
4061,4600,22,2023-04-12,1,Completed
4062,3344,74,2024-07-23,1,Cancelled
4063,694,85,2023-07-17,3,Cancelled
4064,8675,89,2023-04-30,3,Pending
4065,3666,6,2024-08-23,1,Completed
4066,2675,30,2023-10-10,,Completed
4067,351,93,2024-02-16,,Completed
4068,8841,75,2023-03-25,1,Returned
4069,7045,11,2023-01-06,3,Completed
4070,8420,48,2024-04-26,4,Pending
4071,2064,46,2024-01-04,2,Completed
4072,5930,27,2024-07-12,1,Completed
4073,8617,19,2023-06-14,1,Completed
4074,7414,86,2023-09-17,4,
4075,1822,92,2024-02-05,2,Cancelled
4076,4890,59,2023-08-02,3,Completed
4077,1586,68,2024-08-13,3,Completed
4078,9871,54,2023-10-11,2,Completed
4079,4660,83,2023-01-22,1,Completed
4080,2281,17,2024-05-01,1,Completed
4081,3750,50,2024-07-07,1,Completed
4082,2539,40,2023-02-21,1,Cancelled
4083,9209,100,2023-04-05,1,Completed
4084,444,87,2023-07-21,3,Returned
4085,2068,92,2024-08-09,1,Completed
4086,8303,11,2023-07-29,2,Completed
4087,2535,14,2024-03-08,1,Cancelled
4088,89,13,2023-03-26,2,Completed
4089,3391,88,2023-08-22,4,Completed
4090,5238,80,2023-12-25,1,Completed
4091,6578,28,2024-03-04,2,Returned
4092,1942,94,2024-02-09,3,Completed
4093,3311,44,2023-09-14,2,Completed
4094,8264,63,2023-07-02,1,Cancelled
4095,822,61,2024-08-11,4,Completed
4096,8073,91,2024-02-01,1,Completed
4097,816,17,2023-04-09,2,Completed
4098,8596,50,2024-02-08,1,Returned
4099,1699,26,2023-11-25,2,Cancelled
4100,7363,7,2024-07-30,3,Cancelled
4101,5692,99,2023-09-29,4,Returned
4102,5730,79,2023-01-12,,Completed
4103,1954,16,2024-06-16,2,Completed
4104,4964,85,2024-08-06,,Cancelled
4105,5987,17,2023-06-16,3,Pending
4106,7753,90,2024-01-12,2,Cancelled
4107,4992,35,2023-02-09,4,Returned
4108,3802,84,2023-07-01,3,Completed
4109,8448,84,2023-12-19,2,Completed
4110,1932,23,2024-07-11,1,Completed
4111,1112,69,2023-04-16,3,Completed
4112,873,9,2023-08-27,1,Completed
4113,7955,87,2023-03-06,1,Completed
4114,4588,18,2024-03-09,,Completed
4115,6480,93,2024-07-28,1,Completed
4116,1562,75,2024-05-04,2,Completed
4117,5527,48,2024-07-21,,Returned
4118,4458,72,2023-05-02,2,Completed
4119,5561,91,2023-08-22,2,Pending
4120,7882,66,2024-01-18,3,Completed
4121,9086,23,2023-07-12,1,Returned
4122,7716,85,2024-04-14,,Completed
4123,2685,10,2023-03-06,1,Completed
4124,9439,38,2024-06-06,4,Cancelled
4125,747,59,2023-08-10,1,Completed
4126,5244,68,2024-07-26,1,Cancelled
4127,6827,85,2023-01-24,1,Completed
4128,4086,43,2023-12-28,1,Completed
4129,6118,12,2024-05-09,2,Completed
4130,1007,53,2023-12-27,3,Completed
4131,8130,14,2024-06-24,4,Completed
4132,4311,52,2024-03-22,1,Returned
4133,9083,84,2024-03-06,2,Cancelled
4134,2877,72,2023-05-17,1,Pending
4135,9824,91,2024-02-21,2,Pending
4136,2027,61,2023-05-26,2,Completed
4137,5557,41,2023-10-31,2,Completed
4138,4108,21,2024-06-22,2,Returned
4139,5242,48,2023-07-17,4,Completed
4140,5670,56,2024-04-24,3,Pending
4141,5400,35,2024-01-29,2,Completed
4142,8934,44,2023-05-14,1,Completed
4143,3009,39,2024-05-13,2,Completed
4144,7496,15,2023-02-17,,Completed
4145,3663,12,2023-05-25,1,Completed
4146,5421,98,2024-02-07,4,Completed
4147,2912,8,2023-03-17,3,Completed
4148,6898,94,2024-07-11,3,Completed
4149,5486,67,2024-07-06,,Completed
4150,5839,94,2024-02-08,,Completed
4151,774,93,2023-06-15,1,Returned
4152,2145,1,2024-07-30,4,Returned
4153,9185,80,2024-04-01,3,Pending
4154,5981,42,2023-10-16,2,Completed
4155,6398,31,2024-01-27,3,Completed
4156,8142,74,2023-03-30,,Pending
4157,3238,30,2024-02-07,2,Completed
4158,8196,43,2023-05-18,,Completed
4159,5583,26,2023-09-06,3,Completed
4160,6289,12,2024-08-07,2,Pending
4161,8357,59,2023-05-24,3,Completed
4162,1898,69,2023-12-11,3,Completed
4163,5434,73,2024-04-19,2,Returned
4164,2568,11,2024-05-03,3,Completed
4165,8131,47,2024-01-05,3,Pending
4166,5718,23,2023-05-17,4,Completed
4167,6753,81,2023-09-18,2,Cancelled
4168,2560,43,2024-07-15,1,Cancelled
4169,9531,77,2023-04-20,3,Completed
4170,4638,81,2024-06-01,2,Completed
4171,613,87,2023-02-03,1,Completed
4172,7747,39,2024-06-17,3,Cancelled
4173,1885,73,2024-06-15,,Completed
4174,4025,82,2024-05-28,2,Cancelled
4175,3135,55,2023-02-05,4,Returned
4176,9248,18,2024-07-18,4,Completed
4177,1623,94,2024-04-05,1,Cancelled
4178,3283,42,2023-09-27,4,Completed
4179,2611,26,2023-11-01,2,
4180,3070,18,2024-05-10,,Completed
4181,6487,85,2023-09-26,1,Completed
4182,1256,41,2023-05-24,1,
4183,2661,42,2024-06-08,1,Pending
4184,9235,33,2023-07-28,1,Cancelled
4185,4453,43,2023-04-03,2,Completed
4186,9635,14,2023-04-07,1,Cancelled
4187,7103,55,2024-08-15,2,Completed
4188,4177,58,2024-01-22,2,Completed
4189,3687,10,2024-08-14,1,Returned
4190,5238,28,2024-02-08,3,Pending
4191,7662,14,2023-06-02,1,Completed
4192,791,83,2023-02-15,1,Cancelled
4193,8417,26,2023-03-14,3,Completed
4194,3035,74,2023-11-28,1,Completed
4195,226,17,2024-04-08,2,Completed
4196,5349,34,2023-03-22,1,Completed
4197,6467,14,2024-06-16,4,Pending
4198,3180,26,2023-11-23,4,Returned
4199,9004,34,2023-06-03,1,Cancelled
4200,4224,83,2023-10-04,3,
4201,7521,24,2024-02-03,1,Completed
4202,4067,95,2024-05-19,1,Pending
4203,4363,70,2024-02-27,2,Completed
4204,5024,20,2024-04-14,4,Completed
4205,4310,39,2023-07-08,1,Completed
4206,247,45,2024-03-23,3,Completed
4207,5738,34,2023-10-03,,Returned
4208,1619,22,2024-06-04,2,Completed
4209,8613,71,2023-10-23,,Completed
4210,5161,33,2023-12-31,,Completed
4211,1372,6,2023-11-25,3,Returned
4212,7729,16,2023-02-23,2,Completed
4213,4239,72,2024-06-14,3,Completed
4214,2613,23,2023-06-15,,Completed
4215,2081,18,2023-09-09,3,Completed
4216,5920,14,2023-10-15,1,Cancelled
4217,4325,50,2023-08-04,4,Completed
4218,7798,61,2023-01-02,,Returned
4219,2736,36,2024-08-19,2,Completed
4220,6084,15,2024-03-02,3,Completed
4221,7353,5,2023-01-29,2,
4222,9022,53,2024-05-01,1,Pending
4223,3059,48,2023-05-29,2,Completed
4224,9042,79,2023-02-22,1,Pending
4225,5335,11,2024-06-30,3,Cancelled
4226,1154,2,2023-04-29,3,Completed
4227,4941,87,2023-08-10,1,Completed
4228,3080,24,2024-04-18,1,Completed
4229,403,82,2023-05-14,1,Returned
4230,2976,68,2024-02-01,3,Completed
4231,9795,79,2023-11-14,1,Completed
4232,7537,12,2023-05-26,1,Completed
4233,5920,59,2024-05-19,,Completed
4234,6761,67,2023-10-28,2,Completed
4235,981,32,2024-08-05,3,
4236,6681,36,2023-04-14,2,Cancelled
4237,2385,21,2023-01-26,1,
4238,8991,70,2023-07-23,1,Cancelled
4239,1367,66,2023-03-15,3,Completed
4240,2939,9,2024-06-28,2,Pending
4241,1263,76,2024-01-06,2,Completed
4242,7660,44,2023-07-12,3,Pending
4243,6188,59,2023-06-13,2,Cancelled
4244,8496,24,2023-01-18,1,Returned
4245,9886,63,2024-05-05,4,Completed
4246,2317,78,2023-01-16,2,Returned
4247,7910,41,2023-02-01,,Cancelled
4248,922,76,2023-09-18,4,Completed
4249,7115,91,2023-11-19,1,Pending
4250,6575,74,2023-04-20,,Pending
4251,8613,2,2024-04-27,4,Completed
4252,5530,95,2023-05-17,,Completed
4253,3810,28,2023-04-01,3,Completed
4254,1167,16,2023-10-01,,Cancelled
4255,8732,59,2023-05-12,3,Returned
4256,6269,1,2024-06-09,4,Completed
4257,5332,86,2023-03-09,3,Completed
4258,5030,1,2023-01-12,,Completed
4259,1461,31,2024-03-18,2,Cancelled
4260,4688,22,2023-10-26,3,Cancelled
4261,5358,98,2023-02-01,,Completed
4262,4740,76,2024-06-02,2,Completed
4263,328,59,2024-08-02,1,Completed
4264,5239,87,2024-08-20,1,Completed
4265,8544,28,2023-07-25,,Completed
4266,5133,76,2024-05-13,4,Completed
4267,4733,27,2024-03-17,2,Returned
4268,3909,87,2024-06-04,,Completed
4269,5292,1,2023-09-05,1,Completed
4270,8426,2,2024-04-23,1,Completed
4271,3123,95,2024-01-30,3,Cancelled
4272,4877,66,2023-11-20,2,Completed
4273,2729,49,2023-03-20,2,Pending
4274,9125,89,2024-06-09,3,Completed
4275,7996,19,2023-05-07,1,Cancelled
4276,1824,28,2023-06-23,4,Cancelled
4277,3501,70,2023-02-03,2,Completed
4278,4074,39,2023-10-29,,
4279,9053,19,2023-03-06,4,Completed
4280,1231,64,2023-04-13,3,Completed
4281,4396,58,2024-07-05,1,Completed
4282,6052,17,2023-02-01,,Returned
4283,1477,70,2023-10-27,1,Completed
4284,2024,79,2023-11-15,1,Completed
4285,2597,86,2024-01-07,1,Completed
4286,7841,41,2023-05-31,,Completed
4287,7122,98,2024-01-25,4,Cancelled
4288,2431,5,2023-03-29,,Completed
4289,7955,23,2023-09-09,3,Completed
4290,6944,69,2024-02-02,1,Completed
4291,534,10,2023-05-17,,Pending
4292,1257,68,2023-10-31,2,Pending
4293,1658,12,2024-07-12,2,Completed
4294,9345,10,2024-05-17,1,Pending
4295,1753,60,2024-02-23,1,Completed
4296,9876,30,2023-11-12,4,Completed
4297,6714,24,2023-11-10,1,Completed
4298,2979,69,2023-12-05,1,Returned
4299,4333,13,2023-02-24,3,Completed
4300,3654,100,2024-08-11,1,Completed
4301,3014,9,2023-05-21,1,Returned
4302,8893,18,2023-01-02,,Pending
4303,7653,35,2024-06-05,2,Completed
4304,7101,95,2023-11-17,4,Cancelled
4305,4867,88,2024-04-30,2,Completed
4306,1765,4,2023-11-30,1,Completed
4307,1123,41,2023-05-05,3,Completed
4308,3831,26,2023-12-15,1,Completed
4309,6701,44,2023-10-28,1,Completed
4310,2959,42,2024-08-17,1,Completed
4311,9615,10,2023-06-05,1,Completed
4312,1541,73,2023-02-09,2,Completed
4313,8715,1,2023-10-20,1,Completed
4314,5468,54,2023-08-03,1,Completed
4315,7054,16,2023-06-29,,Pending
4316,5671,46,2023-03-30,1,Completed
4317,1739,13,2023-09-07,1,Returned
4318,4190,64,2023-05-07,3,Completed
4319,2534,78,2024-03-08,4,Completed
4320,5270,87,2024-02-13,1,Completed
4321,8691,55,2023-03-29,1,Pending
4322,2419,63,2024-06-19,2,Completed
4323,5077,18,2023-08-16,2,Pending
4324,485,61,2023-12-19,1,Cancelled
4325,665,92,2024-05-11,1,
4326,3455,20,2024-02-12,1,Pending
4327,628,65,2023-06-09,1,Pending
4328,9877,64,2024-04-20,1,Completed
4329,8924,76,2023-04-19,3,Completed
4330,4288,91,2023-09-01,1,Completed
4331,9437,64,2023-06-28,2,Cancelled
4332,5167,13,2024-06-22,2,Cancelled
4333,3875,68,2023-02-24,1,Completed
4334,9332,89,2023-05-24,4,Cancelled
4335,4541,70,2023-03-04,,Completed
4336,7477,57,2024-05-10,1,Completed
4337,708,45,2023-12-12,1,Completed
4338,8625,86,2023-02-01,3,Pending
4339,8665,38,2023-05-09,1,Cancelled
4340,48,54,2023-02-27,,
4341,1915,36,2023-10-09,1,
4342,1106,67,2023-02-13,3,Completed
4343,3181,79,2024-06-20,1,Completed
4344,8550,11,2024-04-22,2,Completed
4345,568,98,2024-02-23,1,Pending
4346,8672,27,2024-04-27,3,Completed
4347,867,87,2024-04-23,4,Completed
4348,1029,17,2023-07-16,,Completed
4349,1814,87,2024-05-10,2,Completed
4350,3729,98,2023-01-26,3,Completed
4351,5514,85,2023-05-15,2,Completed
4352,3527,33,2023-10-08,3,Cancelled
4353,4804,5,2024-06-20,1,Completed
4354,6570,81,2024-07-04,3,Pending
4355,1051,62,2023-02-08,4,Cancelled
4356,8319,65,2023-11-03,4,Pending
4357,6279,71,2024-08-14,2,Completed
4358,1653,67,2023-08-23,1,Completed
4359,8200,90,2024-06-04,4,Completed
4360,4709,80,2023-05-21,,Pending
4361,9477,80,2023-05-17,2,Completed
4362,5319,44,2023-11-01,,Returned
4363,5860,14,2023-11-09,,Pending
4364,6616,90,2023-07-24,2,Completed
4365,8371,91,2024-04-23,3,Completed
4366,6594,57,2023-10-08,3,Cancelled
4367,3596,48,2024-01-20,3,Cancelled
4368,4911,17,2024-05-25,1,Cancelled
4369,3255,44,2023-10-18,2,Completed
4370,4454,4,2024-04-23,1,Returned
4371,2424,81,2023-10-23,3,Completed
4372,8109,97,2023-09-27,,Completed
4373,4798,30,2023-02-01,3,Completed
4374,6982,85,2023-04-23,1,Pending
4375,9943,81,2023-07-22,,Completed
4376,7938,75,2023-06-05,1,Completed
4377,6682,55,2024-06-22,4,Completed
4378,4878,30,2023-07-18,3,Pending
4379,4178,18,2024-02-24,3,Completed
4380,3430,84,2024-02-13,3,Completed
4381,185,98,2023-09-22,1,
4382,3134,92,2023-05-02,2,Completed
4383,4979,73,2023-04-22,1,Cancelled
4384,8699,44,2023-04-14,3,Completed
4385,6138,62,2023-10-16,2,Completed
4386,1933,31,2024-06-15,3,Completed
4387,6175,16,2024-02-07,,Pending
4388,5413,95,2024-02-16,2,Completed
4389,1197,93,2023-01-08,3,Completed
4390,5248,77,2024-05-08,4,Pending
4391,4182,23,2024-05-15,1,Pending
4392,1339,14,2024-01-26,4,Completed
4393,6172,2,2023-08-06,1,Completed
4394,2621,12,2023-03-02,2,Completed
4395,6547,58,2023-07-28,,Cancelled
4396,8875,92,2024-04-16,,Completed
4397,5932,96,2024-01-24,2,Returned
4398,1730,56,2024-08-11,1,Completed
4399,9610,24,2023-12-06,,Completed
4400,19,37,2024-01-27,4,Cancelled
4401,5972,29,2023-11-27,3,Cancelled
4402,465,42,2024-05-09,1,Cancelled
4403,8883,18,2023-01-20,4,Returned
4404,9203,3,2024-05-13,1,Completed
4405,5311,77,2024-05-09,,Cancelled
4406,8080,13,2023-08-19,2,Pending
4407,4021,29,2023-04-14,3,Completed
4408,163,66,2023-12-02,1,Completed
4409,9828,59,2024-03-14,2,Returned
4410,295,92,2023-11-12,4,Completed
4411,8771,48,2024-06-21,2,Completed
4412,7241,4,2023-04-13,4,Pending
4413,6845,51,2023-11-12,3,Completed
4414,1586,5,2023-10-02,1,Returned
4415,3381,39,2023-10-05,3,Completed
4416,5428,41,2023-03-29,3,Completed
4417,6813,5,2024-01-27,2,Returned
4418,195,8,2024-04-23,2,Completed
4419,9034,98,2024-02-07,1,Pending
4420,6344,56,2023-11-06,2,Completed
4421,2932,25,2024-06-09,2,
4422,7042,91,2023-12-07,,Returned
4423,5700,52,2023-04-24,3,Completed
4424,8638,52,2023-03-17,2,Cancelled
4425,8272,7,2023-03-30,4,Completed
4426,4841,61,2023-11-17,4,Pending
4427,7637,100,2023-11-16,2,Completed
4428,1861,96,2023-10-15,1,
4429,5562,85,2024-07-20,4,Completed
4430,931,47,2024-03-03,1,Cancelled
4431,1935,82,2023-07-01,4,Completed
4432,4368,66,2023-06-07,2,Completed
4433,2172,59,2024-01-04,3,Completed
4434,3295,5,2023-05-30,3,Completed
4435,4748,44,2024-04-10,1,Completed
4436,4393,42,2023-04-27,2,Completed
4437,5239,61,2024-07-27,3,
4438,2835,63,2023-06-18,4,Completed
4439,9847,50,2023-04-05,3,Completed
4440,7117,38,2023-08-06,4,Pending
4441,2929,92,2024-04-28,1,Completed
4442,7426,95,2024-05-30,1,Completed
4443,5751,54,2023-05-21,3,Returned
4444,6495,44,2024-06-01,2,Completed
4445,1673,24,2023-04-28,2,Completed
4446,8191,63,2023-05-16,3,Completed
4447,7445,97,2024-06-19,,Completed
4448,4351,39,2023-11-16,1,Completed
4449,1288,12,2024-01-17,1,Completed
4450,6611,63,2024-04-17,4,Cancelled
4451,9251,9,2024-04-04,1,Cancelled
4452,8794,79,2023-06-16,2,Completed
4453,6884,87,2023-07-06,4,Completed
4454,5188,22,2023-07-05,1,Completed
4455,131,36,2023-03-01,1,Completed
4456,8045,74,2023-07-30,2,Pending
4457,8303,28,2023-01-24,1,Completed
4458,2735,56,2023-10-28,3,
4459,9023,99,2023-11-04,1,Completed
4460,8858,29,2023-01-26,1,Pending
4461,1067,5,2024-06-23,3,Returned
4462,4971,4,2024-05-09,,Completed
4463,3789,51,2024-06-06,,Completed
4464,1318,15,2023-01-14,4,Completed
4465,285,94,2023-06-28,2,Completed
4466,6967,60,2023-10-26,1,Completed
4467,7795,26,2023-05-26,3,Completed
4468,4115,23,2023-12-02,2,Returned
4469,48,29,2024-05-23,4,Completed
4470,9961,86,2024-07-26,1,Completed
4471,6139,99,2024-01-01,2,Pending
4472,4862,57,2023-05-10,2,Completed
4473,3260,62,2023-05-18,1,Returned
4474,7843,59,2024-06-27,3,Completed
4475,3416,48,2024-05-20,3,Completed
4476,6451,82,2023-11-01,1,Completed
4477,8760,35,2024-01-14,,Completed
4478,6165,46,2024-03-09,2,Completed
4479,7788,33,2023-01-24,,Completed
4480,4066,71,2023-07-25,3,Completed
4481,82,98,2024-05-31,3,Completed
4482,3006,10,2024-07-01,,Completed
4483,8409,88,2024-02-21,4,Cancelled
4484,335,89,2023-04-14,1,Cancelled
4485,8751,48,2024-01-09,1,
4486,9066,44,2024-04-17,2,Completed
4487,8945,91,2024-03-28,2,Returned
4488,8786,70,2023-11-23,3,Completed
4489,7069,63,2023-05-13,3,Completed
4490,9871,49,2023-11-29,2,Cancelled
4491,3898,72,2024-03-30,2,Completed
4492,7959,85,2023-03-23,3,Completed
4493,8102,41,2024-03-30,2,Completed
4494,4649,83,2023-12-18,3,Cancelled
4495,9675,98,2023-10-21,2,Completed
4496,783,39,2024-02-21,2,Completed
4497,3587,23,2023-03-31,,
4498,3795,13,2023-10-06,2,Completed
4499,9176,53,2024-05-25,4,Completed
4500,5598,92,2024-07-09,2,Completed
4501,7051,70,2023-09-23,2,Completed
4502,5052,57,2024-03-12,,Completed
4503,743,76,2023-05-21,3,
4504,4545,67,2023-01-17,,Completed
4505,4356,48,2024-06-29,,Cancelled
4506,3609,20,2024-01-12,1,Completed
4507,3272,62,2023-02-24,,Completed
4508,2511,45,2023-03-02,1,Completed
4509,8286,63,2024-01-04,1,Completed
4510,6056,8,2024-06-06,4,Completed
4511,1376,26,2023-04-01,2,Completed
4512,9324,38,2023-03-08,,Cancelled
4513,2517,92,2023-02-27,2,Cancelled
4514,6239,99,2024-01-06,2,Cancelled
4515,91,41,2023-06-16,1,Completed
4516,1480,2,2023-06-28,2,Completed
4517,955,7,2023-06-01,1,Pending
4518,8215,25,2023-12-04,1,Completed
4519,9918,51,2023-06-14,3,Completed
4520,3306,50,2024-07-06,,Completed
4521,1722,96,2023-01-16,2,Completed
4522,9633,64,2023-04-07,1,Completed
4523,5453,12,2024-03-07,1,Completed
4524,2548,53,2024-01-07,1,Cancelled
4525,4924,75,2023-08-31,1,Completed
4526,189,10,2024-05-31,2,Completed
4527,460,61,2024-02-13,3,Pending
4528,2237,55,2023-02-25,1,Completed
4529,4447,99,2023-11-14,1,Returned
4530,581,68,2024-04-30,,Completed
4531,2162,42,2023-11-18,4,
4532,4716,66,2023-02-25,1,Returned
4533,9724,44,2023-06-12,3,Completed
4534,9561,28,2024-02-13,3,Pending
4535,5898,78,2023-02-02,3,Cancelled
4536,2903,58,2024-01-22,4,Completed
4537,8665,93,2023-07-29,2,
4538,859,2,2024-01-02,3,Completed
4539,2441,55,2023-01-11,4,Completed
4540,1713,34,2023-10-04,3,Pending
4541,516,97,2023-10-11,,Cancelled
4542,7356,20,2024-01-06,2,Completed
4543,1376,47,2024-05-23,4,Completed
4544,6685,94,2023-07-21,,Completed
4545,3670,26,2024-04-25,3,Completed
4546,2391,84,2023-09-07,1,Completed
4547,3263,1,2023-02-14,4,Completed
4548,4639,65,2024-01-19,4,Returned
4549,2867,89,2024-01-12,2,Completed
4550,7849,97,2024-07-31,1,Completed
4551,9252,87,2023-05-20,,Completed
4552,8949,75,2023-12-07,3,
4553,3496,15,2024-08-22,2,Completed
4554,6495,14,2024-04-25,,Completed
4555,188,55,2023-09-03,2,Completed
4556,4579,1,2023-05-06,4,Cancelled
4557,8094,33,2023-01-20,3,Completed
4558,2715,70,2023-01-22,,Pending
4559,7409,56,2023-07-11,2,Completed
4560,296,23,2023-07-28,,Completed
4561,3534,54,2024-02-22,3,Cancelled
4562,4141,90,2023-04-29,2,Completed
4563,4043,3,2023-03-03,2,Completed
4564,4271,46,2024-05-26,3,Completed
4565,3052,6,2023-04-28,3,Pending
4566,5466,25,2023-01-19,4,Completed
4567,7734,17,2024-06-05,3,Returned
4568,9993,28,2023-10-04,4,Pending
4569,6006,32,2023-10-04,4,Cancelled
4570,5871,93,2023-06-14,1,Completed
4571,3905,23,2024-07-07,1,Cancelled
4572,2262,16,2024-07-12,1,Completed
4573,9715,96,2023-08-10,1,Completed
4574,1421,26,2024-06-06,2,Completed
4575,6694,33,2023-03-16,3,Completed
4576,8297,58,2023-06-15,2,Returned
4577,479,48,2023-08-06,3,Completed
4578,5519,83,2024-02-06,2,Completed
4579,6578,55,2023-07-01,1,Pending
4580,6786,41,2024-08-08,1,Pending
4581,8885,62,2023-11-04,3,Completed
4582,3039,17,2024-04-12,1,
4583,194,59,2023-09-04,2,Pending
4584,9682,14,2023-04-04,1,Pending
4585,59,82,2023-01-09,3,Completed
4586,1887,21,2023-06-11,3,Completed
4587,4574,63,2024-06-01,2,Completed
4588,5223,46,2023-12-28,1,Returned
4589,2581,55,2023-02-16,1,Pending
4590,4645,62,2023-07-16,2,Returned
4591,7624,39,2023-11-25,,Completed
4592,221,42,2024-08-03,1,Completed
4593,876,48,2023-03-11,1,Completed
4594,1197,28,2023-04-28,1,Cancelled
4595,2710,84,2024-04-08,3,
4596,2732,6,2023-07-06,,Completed
4597,336,59,2023-08-09,1,Completed
4598,8417,90,2023-03-09,3,Returned
4599,7015,70,2023-05-18,2,Completed
4600,1248,39,2024-02-04,4,Returned
4601,8181,57,2024-02-29,2,Cancelled
4602,3958,54,2024-02-19,1,Completed
4603,7112,60,2023-03-04,3,Returned
4604,4590,90,2023-05-22,4,Completed
4605,1887,17,2023-09-02,,Cancelled
4606,311,40,2024-01-09,3,Completed
4607,1605,66,2024-06-06,1,Completed
4608,5660,85,2023-12-08,2,Cancelled
4609,3983,54,2023-03-15,4,Completed
4610,8561,71,2023-07-04,2,Cancelled
4611,3547,44,2023-02-04,3,Completed
4612,4842,84,2023-02-06,1,Cancelled
4613,6175,67,2023-10-14,1,Pending
4614,5352,57,2023-05-05,3,Completed
4615,8018,36,2023-01-05,1,Completed
4616,998,57,2024-03-17,2,Completed
4617,497,43,2024-03-06,3,Cancelled
4618,5686,44,2024-06-30,1,Pending
4619,964,62,2023-09-12,4,Completed
4620,1199,83,2023-04-13,1,Returned
4621,5911,61,2024-08-01,3,Completed
4622,5485,94,2024-05-29,1,Completed
4623,577,11,2023-07-23,1,Completed
4624,3161,77,2024-03-03,4,Completed
4625,54,33,2023-06-23,3,Completed
4626,229,66,2024-01-14,1,Completed
4627,8971,23,2024-06-07,1,
4628,985,49,2024-01-21,,Completed
4629,8661,20,2023-11-07,2,Completed
4630,2468,94,2023-07-27,2,
4631,532,15,2023-08-03,1,Completed
4632,8029,66,2023-04-16,4,Completed
4633,562,30,2023-04-14,1,Cancelled
4634,90,89,2023-01-06,2,Completed
4635,5736,4,2024-02-20,2,Pending
4636,9599,64,2024-08-06,4,Completed
4637,3146,65,2024-07-29,2,
4638,1293,8,2024-04-12,2,Completed
4639,4111,52,2023-01-14,2,Completed
4640,7497,14,2024-07-17,2,Cancelled
4641,7560,58,2023-10-28,,Completed
4642,3782,11,2024-05-27,4,Completed
4643,4068,59,2023-11-18,1,Pending
4644,3506,24,2023-07-10,3,Completed
4645,2392,88,2023-06-03,4,Completed
4646,1219,32,2024-07-02,3,Returned
4647,5156,89,2023-05-12,2,Completed
4648,2253,46,2023-05-19,1,Completed
4649,3892,28,2023-05-19,1,Completed
4650,9867,16,2024-04-16,1,Completed
4651,776,42,2023-05-18,2,Completed
4652,5230,16,2023-07-05,,
4653,8417,100,2023-11-11,4,Cancelled
4654,7554,12,2023-07-13,1,
4655,64,76,2024-01-23,3,Returned
4656,1788,62,2023-06-23,4,Completed
4657,7092,34,2023-10-26,2,Completed
4658,5057,38,2023-06-19,2,Completed
4659,8070,84,2023-03-23,3,Returned
4660,9568,47,2024-02-22,2,Completed
4661,3916,79,2024-08-04,1,Completed
4662,93,22,2023-12-14,2,
4663,1678,80,2023-04-21,2,Cancelled
4664,5509,88,2023-08-21,3,Cancelled
4665,5731,3,2023-02-16,2,Completed
4666,3865,1,2023-08-20,4,Completed
4667,4937,53,2023-10-08,1,Cancelled
4668,1402,64,2023-06-13,2,Completed
4669,1607,44,2024-02-06,3,Cancelled
4670,898,47,2023-09-07,3,Pending
4671,4588,38,2024-05-01,,Completed
4672,3714,63,2023-08-08,3,Completed
4673,3132,81,2024-08-08,3,Completed
4674,1533,41,2024-08-10,3,Completed
4675,6536,21,2023-03-13,1,Completed
4676,7287,45,2023-08-09,4,Pending
4677,1799,13,2024-04-24,1,Completed
4678,8163,66,2024-07-16,2,Completed
4679,1352,66,2024-05-22,1,Completed
4680,7052,43,2023-06-24,4,Completed
4681,6859,62,2023-01-08,,
4682,9856,89,2024-05-14,1,Cancelled
4683,599,92,2024-02-18,3,Returned
4684,2045,48,2023-08-30,,Completed
4685,259,26,2023-05-07,3,Completed
4686,4572,99,2024-03-04,4,Completed
4687,8004,92,2024-08-14,1,Completed
4688,6969,61,2023-12-24,1,Completed
4689,6177,62,2023-06-04,2,Completed
4690,7043,97,2023-10-10,,Completed
4691,8580,82,2023-02-13,4,Completed
4692,798,14,2023-07-09,4,Completed
4693,5714,54,2023-06-28,2,Pending
4694,7312,41,2024-05-30,3,Completed
4695,4021,60,2024-02-06,3,Completed
4696,5912,9,2024-08-03,3,Cancelled
4697,3955,44,2024-04-23,4,Cancelled
4698,9820,56,2023-04-30,1,Completed
4699,4313,94,2024-01-08,1,Completed
4700,8981,3,2023-01-23,2,Pending
4701,5640,98,2024-05-23,1,Pending
4702,6180,97,2024-02-18,1,Cancelled
4703,6780,91,2023-12-06,2,Completed
4704,2057,59,2023-09-02,1,Completed
4705,9256,73,2023-07-04,4,Completed
4706,7103,13,2023-09-19,3,Completed
4707,6645,30,2023-04-26,2,Completed
4708,5786,53,2024-05-08,1,Returned
4709,1448,80,2023-07-16,3,Pending
4710,515,51,2023-03-11,2,Pending
4711,1914,42,2023-11-13,1,Cancelled
4712,1952,26,2023-01-25,3,Cancelled
4713,5571,59,2024-01-22,2,Completed
4714,8966,69,2024-01-20,1,Pending
4715,329,91,2023-04-15,1,Completed
4716,8986,79,2023-11-10,2,Completed
4717,9154,92,2023-04-04,4,Completed
4718,6514,3,2024-04-16,2,Completed
4719,5974,41,2023-02-12,4,Completed
4720,1411,1,2024-05-11,2,Completed
4721,7715,65,2023-09-17,4,Completed
4722,1138,70,2024-02-06,,Completed
4723,4667,75,2023-07-07,1,Completed
4724,5158,50,2023-09-04,1,Completed
4725,1569,80,2024-02-26,1,Completed
4726,4473,97,2023-06-15,1,Completed
4727,7567,88,2023-05-13,2,Pending
4728,3275,59,2024-04-28,4,Returned
4729,3274,96,2023-03-01,,Completed
4730,6244,74,2024-03-02,2,Completed
4731,3470,63,2023-12-27,3,Returned
4732,5933,25,2023-11-23,3,
4733,6565,10,2023-10-18,2,Completed
4734,5363,77,2023-07-29,3,Completed
4735,4637,1,2023-11-11,3,Completed
4736,5347,99,2024-06-25,4,Cancelled
4737,1237,14,2024-06-18,1,Completed
4738,4209,21,2023-08-19,2,Completed
4739,4469,58,2024-03-14,3,Completed
4740,2347,38,2023-08-25,1,Completed
4741,1043,1,2023-11-30,4,Pending
4742,4767,84,2024-02-24,1,Returned
4743,4107,5,2024-04-20,2,Cancelled
4744,8200,44,2023-02-17,1,Completed
4745,7321,96,2023-10-11,1,Completed
4746,3732,65,2023-11-09,1,Pending
4747,9766,57,2023-10-31,,Completed
4748,7303,45,2024-02-01,1,Completed
4749,5493,60,2023-05-20,1,Completed
4750,461,66,2023-08-28,3,Pending
4751,2303,95,2024-02-22,2,Completed
4752,2634,47,2023-01-28,1,Returned
4753,9544,26,2024-07-17,2,Completed
4754,362,9,2023-04-28,1,Completed
4755,5494,51,2023-12-27,2,Returned
4756,7147,94,2023-08-08,3,Returned
4757,788,8,2023-06-22,1,Completed
4758,209,5,2023-05-29,,Cancelled
4759,8459,39,2023-03-25,1,Completed
4760,5093,68,2024-04-21,4,Cancelled
4761,554,40,2023-04-23,3,Cancelled
4762,8026,36,2024-02-01,1,Cancelled
4763,9780,21,2024-01-29,1,Completed
4764,4517,97,2023-06-05,4,Completed
4765,6452,26,2023-12-28,3,Completed
4766,9311,75,2023-11-30,1,Cancelled
4767,1514,85,2023-05-05,1,Completed
4768,7426,86,2023-11-20,,Returned
4769,5352,56,2024-03-10,2,Pending
4770,6750,57,2024-07-21,1,Completed
4771,7006,59,2024-07-31,,Returned
4772,8413,7,2023-12-11,2,Completed
4773,2345,42,2023-06-04,2,Returned
4774,7155,13,2024-02-28,3,Cancelled
4775,1972,84,2023-06-15,4,Completed
4776,4439,79,2024-07-28,1,Completed
4777,5325,34,2024-04-07,4,Pending
4778,9084,100,2024-02-27,,Returned
4779,5670,53,2023-06-20,1,Cancelled
4780,5162,46,2023-02-23,2,Completed
4781,1206,57,2024-08-21,4,Completed
4782,9411,61,2023-11-14,2,Completed
4783,1856,89,2023-12-16,2,Completed
4784,2000,56,2023-11-10,3,
4785,2436,29,2023-09-06,4,Completed
4786,6781,92,2024-04-01,3,Cancelled
4787,3099,14,2023-11-28,3,Completed
4788,3387,68,2024-07-08,2,Returned
4789,5441,71,2023-01-15,3,Completed
4790,6437,13,2023-10-17,1,Completed
4791,1778,17,2024-02-04,2,Completed
4792,7404,29,2023-07-24,1,Completed
4793,6859,81,2023-01-04,2,Pending
4794,2940,100,2023-01-10,1,
4795,839,83,2023-03-10,2,Completed
4796,5726,90,2024-05-18,4,Completed
4797,4760,73,2023-08-26,2,Completed
4798,4861,2,2024-07-09,1,Cancelled
4799,3139,62,2023-02-19,1,Pending
4800,176,20,2024-06-09,,Completed
4801,4606,87,2024-04-14,4,Returned
4802,3163,82,2023-04-06,1,Completed
4803,2753,56,2023-07-02,,Cancelled
4804,9382,90,2023-05-27,1,Completed
4805,838,52,2024-07-16,3,Cancelled
4806,7846,25,2023-08-08,3,Completed
4807,2734,62,2023-05-01,1,Completed
4808,7689,17,2023-09-02,1,Completed
4809,5207,39,2023-11-16,4,Pending
4810,2654,10,2024-03-15,2,Cancelled
4811,6141,59,2023-12-01,2,Cancelled
4812,7220,25,2024-07-27,3,Cancelled
4813,3350,28,2023-02-04,1,Cancelled
4814,3311,90,2023-09-03,4,Completed
4815,4681,76,2023-03-31,1,Completed
4816,2387,61,2023-08-03,1,Completed
4817,5192,58,2024-02-19,4,Completed
4818,374,44,2024-01-12,,Completed
4819,4676,83,2023-10-07,4,Cancelled
4820,1262,23,2024-06-29,1,Completed
4821,7634,78,2024-04-13,,Completed
4822,8313,17,2024-03-09,2,
4823,5533,79,2023-05-03,2,Pending
4824,5843,85,2024-01-18,4,Completed
4825,3846,38,2023-01-28,1,Completed
4826,2885,30,2023-01-22,3,Completed
4827,4139,19,2024-06-21,,Completed
4828,5624,32,2023-09-22,1,Returned
4829,2120,93,2024-05-29,2,Pending
4830,7717,86,2024-05-12,1,Completed
4831,491,20,2024-01-13,4,Completed
4832,3046,64,2024-02-29,3,Cancelled
4833,383,36,2023-08-16,1,Cancelled
4834,805,65,2024-02-24,2,
4835,5586,83,2024-05-09,2,Cancelled
4836,9370,43,2024-05-28,3,Completed
4837,2218,26,2023-11-09,2,Completed
4838,9488,7,2024-07-27,1,Completed
4839,9110,34,2023-08-09,3,Completed
4840,7278,36,2024-03-16,1,Completed
4841,6595,6,2023-11-22,4,Completed
4842,6787,37,2023-02-12,2,Completed
4843,6167,62,2023-05-11,3,Pending
4844,2415,86,2023-12-27,2,Completed
4845,651,73,2024-01-06,3,Pending
4846,8170,60,2024-01-16,4,Completed
4847,4916,93,2024-08-10,3,Returned
4848,3199,64,2023-08-27,3,Completed
4849,942,50,2023-04-07,4,Completed
4850,8733,52,2024-01-28,2,Completed
4851,5806,17,2024-05-26,1,Completed
4852,3728,60,2023-05-04,4,Completed
4853,2530,77,2024-02-13,3,Cancelled
4854,1203,81,2023-09-28,2,Completed
4855,4965,54,2023-05-24,1,Pending
4856,651,10,2024-05-14,2,Pending
4857,3007,25,2023-06-30,1,Cancelled
4858,2905,18,2023-05-02,4,Pending
4859,8506,64,2024-01-12,4,Completed
4860,4115,79,2024-08-23,2,Completed
4861,9376,59,2024-05-13,1,Completed
4862,122,27,2023-05-23,1,Completed
4863,6604,58,2023-10-04,1,Cancelled
4864,8361,61,2024-05-17,1,Returned
4865,3683,83,2023-01-19,4,Completed
4866,4725,79,2024-01-06,2,Completed
4867,4122,71,2023-01-27,2,Completed
4868,6865,43,2024-07-18,1,Completed
4869,7395,80,2024-04-28,4,Completed
4870,1730,88,2023-06-06,4,Completed
4871,5953,87,2023-09-01,2,Completed
4872,5130,11,2023-12-04,1,Returned
4873,1119,88,2023-07-14,,Completed
4874,2169,5,2024-03-02,2,Completed
4875,7669,58,2023-06-18,4,
4876,1051,39,2023-05-10,2,Cancelled
4877,8897,48,2023-06-25,4,Returned
4878,6641,94,2023-08-31,2,Pending
4879,2900,80,2023-08-26,,Completed
4880,3208,20,2023-01-06,4,Completed
4881,8899,93,2023-01-03,1,Completed
4882,7675,81,2023-05-23,2,Cancelled
4883,3833,19,2023-06-07,1,Completed
4884,2009,60,2023-10-17,,Completed
4885,4722,26,2023-09-09,1,Returned
4886,9790,79,2023-04-20,1,Completed
4887,1067,25,2024-05-28,2,Completed
4888,8288,15,2023-04-20,3,Completed
4889,1919,84,2023-12-01,1,Completed
4890,9458,94,2024-04-15,3,Completed
4891,8432,21,2024-03-06,4,Completed
4892,1328,47,2023-05-01,3,Pending
4893,6211,35,2024-06-03,2,Completed
4894,7449,44,2023-08-26,1,Completed
4895,7360,6,2023-03-08,1,Completed
4896,1143,75,2023-06-16,2,Completed
4897,3224,23,2023-07-29,2,Completed
4898,3849,39,2023-08-13,2,Completed
4899,1416,73,2024-07-27,2,Returned
4900,6375,18,2024-05-25,2,Completed
4901,761,100,2023-06-11,3,Pending
4902,3643,40,2024-05-17,1,Pending
4903,1553,36,2023-07-29,4,Cancelled
4904,863,28,2023-09-27,1,Pending
4905,9348,64,2023-01-17,2,Pending
4906,8549,83,2023-05-28,1,Returned
4907,9864,94,2023-10-12,3,Completed
4908,7210,58,2023-06-02,2,
4909,1329,38,2024-05-10,2,Returned
4910,1030,79,2023-04-06,2,Completed
4911,2377,44,2024-03-03,2,Completed
4912,3242,76,2023-05-26,4,Completed
4913,3141,2,2023-09-24,1,Completed
4914,882,73,2023-04-13,4,Completed
4915,8731,35,2023-07-23,3,Completed
4916,3558,1,2024-03-03,2,Completed
4917,7064,46,2023-12-01,,Cancelled
4918,2197,60,2023-01-27,1,Completed
4919,1951,63,2024-06-14,2,Returned
4920,9803,95,2023-05-17,2,Cancelled
4921,5938,92,2024-05-06,3,Completed
4922,3164,45,2023-03-19,,Completed
4923,4464,57,2023-06-21,3,Cancelled
4924,4008,37,2023-01-26,4,Completed
4925,4676,7,2023-05-31,,Completed
4926,4752,16,2024-08-06,2,
4927,6220,50,2024-06-01,2,Completed
4928,8419,14,2023-08-05,1,Completed
4929,7531,97,2023-11-24,3,Completed
4930,7736,6,2023-11-22,1,Cancelled
4931,8784,61,2024-07-24,3,Completed
4932,2076,21,2023-04-28,4,Completed
4933,7773,10,2023-03-28,4,Completed
4934,9561,32,2023-02-11,3,Cancelled
4935,2023,6,2023-09-08,4,Returned
4936,2079,2,2023-06-02,3,
4937,7395,39,2023-03-15,2,Returned
4938,7014,49,2024-03-19,2,Completed
4939,3322,27,2024-04-18,1,Completed
4940,6012,56,2024-08-06,2,Pending
4941,2437,14,2023-11-04,2,Completed
4942,7088,23,2023-07-26,2,Cancelled
4943,9997,85,2024-06-29,4,Completed
4944,3360,51,2023-09-09,1,Completed
4945,1731,94,2023-12-05,4,Completed
4946,3663,25,2023-03-14,3,Returned
4947,5111,53,2023-01-18,,Completed
4948,6619,88,2024-04-09,2,Cancelled
4949,6900,11,2023-01-20,1,Completed
4950,1030,35,2023-07-13,4,Pending
4951,412,55,2024-08-16,3,
4952,1982,58,2023-07-27,3,Completed
4953,8854,68,2024-06-02,,Completed
4954,9540,37,2023-01-06,1,Completed
4955,3471,100,2023-02-16,2,Completed
4956,1306,77,2023-03-30,1,Cancelled
4957,4681,9,2023-10-11,4,Cancelled
4958,4596,28,2024-07-11,1,Completed
4959,816,55,2023-09-07,1,Completed
4960,9669,46,2023-04-28,1,Completed
4961,5613,80,2023-09-17,4,Pending
4962,2038,70,2023-04-23,3,Completed
4963,9523,27,2023-07-06,2,Completed
4964,4876,10,2023-10-23,1,Completed
4965,7087,23,2023-07-28,2,Completed
4966,1150,21,2023-07-08,3,Completed
4967,6409,90,2023-05-24,2,Completed
4968,7,45,2024-03-07,2,Completed
4969,1437,3,2024-04-05,3,Completed
4970,3251,59,2024-05-05,,Completed
4971,7664,43,2023-10-27,1,Completed
4972,695,99,2024-02-29,2,Completed
4973,5088,7,2023-05-02,2,Completed
4974,3300,27,2023-01-31,2,Completed
4975,4844,62,2023-01-23,3,Cancelled
4976,7738,42,2024-05-15,2,Returned
4977,4953,97,2024-05-25,4,Completed
4978,5048,4,2023-10-05,3,Pending
4979,7843,90,2023-07-02,2,Completed
4980,26,62,2023-03-17,4,Completed
4981,4548,8,2024-01-01,2,Pending
4982,2154,84,2024-04-05,2,Completed
4983,8020,17,2024-06-12,,Completed
4984,3490,5,2024-02-04,4,Pending
4985,8524,63,2023-11-29,4,Returned
4986,5162,9,2023-05-01,3,Returned
4987,645,8,2024-03-13,2,Completed
4988,1853,7,2023-01-25,,Pending
4989,7724,37,2024-03-04,1,Cancelled
4990,4131,100,2023-02-07,4,Cancelled
4991,3585,55,2023-04-09,,Completed
4992,3810,67,2023-03-30,4,Completed
4993,9003,8,2023-01-05,1,Completed
4994,1312,69,2024-02-25,4,Completed
4995,1895,5,2024-06-26,3,Cancelled
4996,6239,17,2024-06-07,3,Completed
4997,4301,58,2023-12-03,4,Cancelled
4998,7789,63,2023-04-28,2,Cancelled
4999,6978,27,2024-03-05,1,Cancelled
5000,6174,76,2024-03-02,3,Completed
5001,6410,92,2023-01-18,1,Completed
5002,2071,68,2023-11-01,3,Returned
5003,2657,28,2023-07-16,2,Pending
5004,4135,89,2023-10-02,2,Completed
5005,4269,58,2023-01-25,1,
5006,6011,50,2023-12-07,1,Completed
5007,3485,100,2024-01-27,3,Completed
5008,414,67,2023-05-27,3,Completed
5009,7842,31,2024-02-01,2,Completed
5010,8884,12,2024-07-01,4,Completed
5011,6149,55,2023-02-23,3,Completed
5012,4310,4,2023-07-25,4,Completed
5013,5792,94,2023-12-18,1,Completed
5014,920,42,2024-02-07,1,Completed
5015,907,91,2023-05-31,1,
5016,3211,54,2024-06-06,1,Returned
5017,2720,22,2023-06-29,,Returned
5018,4896,1,2023-02-19,,Completed
5019,793,48,2023-06-04,4,Completed
5020,8768,43,2023-08-02,2,Pending
5021,9920,20,2023-08-20,2,
5022,5544,18,2023-07-10,4,Pending
5023,3726,70,2024-02-19,2,Cancelled
5024,8192,49,2023-02-05,,Completed
5025,5162,76,2023-09-12,1,Cancelled
5026,1361,17,2024-01-24,2,Completed
5027,2049,53,2024-02-03,,Pending
5028,6253,22,2023-11-03,,Completed
5029,6099,82,2024-07-05,4,Completed
5030,3197,10,2024-01-23,2,Completed
5031,9280,24,2023-05-13,4,Completed
5032,206,84,2023-12-22,1,Cancelled
5033,3316,12,2023-02-21,1,Returned
5034,6734,4,2023-10-05,2,Completed
5035,8815,42,2024-05-23,4,Completed
5036,1678,5,2023-03-30,1,Completed
5037,3013,26,2024-06-03,3,Completed
5038,7548,100,2023-06-05,3,Cancelled
5039,1872,59,2024-05-09,3,Completed
5040,8271,62,2024-02-24,1,Completed
5041,6559,80,2024-06-06,1,Pending
5042,9669,5,2023-08-09,4,Completed
5043,4735,26,2023-06-26,3,Completed
5044,5790,83,2023-12-01,4,
5045,6935,6,2024-02-08,2,Pending
5046,3229,24,2023-11-05,1,Returned
5047,2336,95,2023-01-04,1,Completed
5048,1726,95,2024-04-16,1,Returned
5049,5738,53,2023-06-13,1,Completed
5050,9307,7,2023-02-22,1,Completed
5051,5986,10,2024-03-20,3,
5052,7217,39,2024-01-01,4,Completed
5053,161,86,2024-01-10,4,Pending
5054,1426,78,2023-09-17,,Completed
5055,1734,28,2024-04-06,3,Completed
5056,2523,42,2023-07-25,1,Completed
5057,7167,62,2023-05-19,2,Pending
5058,602,52,2024-03-16,1,Completed
5059,9748,22,2024-01-25,4,Cancelled
5060,4685,57,2023-01-15,1,Cancelled
5061,1521,96,2024-03-28,1,Returned
5062,2391,11,2023-02-02,1,Cancelled
5063,9098,14,2023-11-14,,Completed
5064,9843,31,2024-03-04,4,Completed
5065,1118,4,2024-04-29,2,Completed
5066,7301,22,2024-03-15,2,
5067,9717,93,2023-03-24,1,Returned
5068,4722,99,2023-12-11,1,Cancelled
5069,6142,64,2023-08-31,2,Completed
5070,3081,77,2023-05-12,2,Pending
5071,7940,84,2023-11-25,3,Completed
5072,4778,83,2024-08-16,2,Completed
5073,7266,79,2024-05-27,,Cancelled
5074,3802,90,2024-06-18,2,Completed
5075,7058,84,2023-04-25,,Completed
5076,7511,61,2023-05-18,3,Completed
5077,8100,100,2024-04-04,4,Completed
5078,6082,6,2023-02-28,3,Completed
5079,3628,79,2024-03-06,3,Completed
5080,4381,68,2023-04-03,2,Completed
5081,5380,6,2024-03-29,1,Returned
5082,2543,66,2024-03-08,1,Completed
5083,4451,36,2023-07-03,1,Pending
5084,6961,15,2024-07-11,2,Completed
5085,200,76,2023-11-10,1,Completed
5086,6997,40,2023-08-14,2,Completed
5087,2184,41,2024-05-04,4,Completed
5088,5044,7,2024-07-25,4,Completed
5089,4037,22,2023-06-26,3,Returned
5090,5013,72,2024-07-25,1,Completed
5091,7835,11,2023-03-11,1,Completed
5092,3494,2,2023-08-21,1,Completed
5093,3973,30,2023-11-20,2,Completed
5094,9557,68,2023-06-21,,Completed
5095,1853,53,2023-06-12,1,Completed
5096,8580,89,2023-07-28,2,Completed
5097,1663,21,2023-05-01,3,Returned
5098,7590,25,2023-12-13,1,Cancelled
5099,213,73,2023-06-20,,Completed
5100,4656,72,2023-12-05,2,Completed
5101,8750,5,2023-04-26,,Completed
5102,3120,92,2023-10-30,3,Pending
5103,6646,66,2023-06-20,1,Cancelled
5104,2692,85,2023-11-16,2,Cancelled
5105,1995,49,2023-02-26,1,Completed
5106,5049,8,2023-06-22,2,Pending
5107,475,98,2023-07-24,,Completed
5108,9960,87,2023-01-14,4,Completed
5109,8234,79,2023-03-14,3,Cancelled
5110,3993,27,2023-02-27,2,Completed
5111,4824,2,2023-04-10,2,Pending
5112,3518,28,2024-01-07,1,Returned
5113,2269,11,2023-11-10,1,Completed
5114,9837,46,2024-08-07,1,Cancelled
5115,940,21,2023-07-07,2,Completed
5116,4439,42,2023-08-09,2,Cancelled
5117,6299,32,2023-05-06,1,Cancelled
5118,2986,32,2024-02-23,,Completed
5119,4990,71,2024-05-28,1,Returned
5120,6029,22,2023-05-09,1,Cancelled
5121,9557,78,2023-04-28,3,Completed
5122,9043,77,2023-05-30,4,Completed
5123,8423,21,2024-02-25,,Completed
5124,2500,22,2023-05-19,2,Completed
5125,7621,34,2023-10-11,1,Completed
5126,4305,10,2023-06-14,,Cancelled
5127,2904,65,2024-08-05,,Completed
5128,7764,65,2024-06-13,,Completed
5129,7965,88,2023-12-11,4,Completed
5130,9431,67,2023-05-04,1,Completed
5131,2075,95,2023-02-14,4,Completed
5132,7826,43,2023-07-29,,Returned
5133,2066,41,2023-03-23,3,Completed
5134,8822,13,2024-02-13,4,Completed
5135,3209,4,2024-04-22,3,Completed
5136,4675,23,2023-11-10,1,Completed
5137,9095,70,2023-02-06,3,Completed
5138,9246,34,2023-04-17,4,Completed
5139,123,41,2024-04-08,2,Completed
5140,957,18,2023-10-02,3,Cancelled
5141,5097,100,2023-06-28,2,Cancelled
5142,987,90,2024-06-10,1,Completed
5143,9444,97,2024-08-15,3,Completed
5144,4434,33,2024-06-26,2,Completed
5145,991,25,2023-11-28,1,Completed
5146,7926,52,2023-02-25,4,Cancelled
5147,5557,17,2024-05-22,,Completed
5148,9094,51,2024-06-09,1,Returned
5149,6826,3,2023-06-04,3,Completed
5150,4710,55,2024-06-03,2,Completed
5151,7974,86,2023-10-24,2,Completed
5152,3581,56,2023-02-01,2,Completed
5153,2803,35,2023-11-17,2,Returned
5154,2205,68,2023-02-08,2,Completed
5155,872,59,2023-10-22,1,Cancelled
5156,2825,92,2024-02-25,2,Completed
5157,6096,59,2023-06-14,3,Completed
5158,3404,13,2024-08-23,1,Pending
5159,6154,62,2023-06-15,2,Pending
5160,5551,94,2023-06-11,1,Completed
5161,3883,47,2024-08-14,2,Completed
5162,3208,76,2023-05-02,1,Completed
5163,3098,3,2024-08-18,2,Pending
5164,3079,21,2023-11-08,4,Completed
5165,2639,65,2024-06-01,3,Returned
5166,5552,18,2023-02-20,3,Completed
5167,2947,13,2023-08-18,2,Completed
5168,3472,71,2023-12-04,,Pending
5169,4303,77,2023-05-28,2,Pending
5170,1625,81,2024-01-01,1,Cancelled
5171,9718,96,2023-11-22,,Completed
5172,1483,93,2023-04-05,1,Cancelled
5173,259,45,2024-05-22,,Cancelled
5174,454,62,2023-07-06,2,Cancelled
5175,8991,30,2024-04-18,1,Cancelled
5176,4471,75,2023-12-11,4,Completed
5177,2512,14,2023-05-13,1,Completed
5178,4171,53,2023-01-14,1,Completed
5179,8434,10,2023-02-09,2,Completed
5180,5137,72,2023-10-20,3,Cancelled
5181,1713,31,2023-03-21,1,Completed
5182,7427,6,2023-09-13,3,Completed
5183,2003,83,2024-03-10,4,Completed
5184,8152,19,2023-01-07,1,Completed
5185,6255,12,2023-08-06,3,Pending
5186,3328,64,2023-09-04,,Pending
5187,8689,82,2024-07-01,,
5188,8036,55,2023-09-13,1,Completed
5189,3112,67,2023-04-28,4,Completed
5190,5242,9,2023-02-05,4,Returned
5191,8919,6,2023-11-06,4,Completed
5192,1832,1,2023-12-29,2,
5193,1822,42,2024-01-25,1,Completed
5194,1817,93,2023-05-07,1,Cancelled
5195,92,55,2024-08-10,2,Cancelled
5196,3433,49,2024-01-06,1,Cancelled
5197,1970,99,2024-02-27,4,Pending
5198,2385,99,2023-05-17,1,Completed
5199,3680,30,2023-08-26,4,Completed
5200,603,35,2024-02-11,1,Completed
5201,428,63,2023-10-02,2,Cancelled
5202,9649,22,2023-01-06,2,Completed
5203,8199,43,2023-01-12,3,Pending
5204,6264,28,2023-07-20,2,Completed
5205,2435,18,2023-02-14,3,Completed
5206,1374,32,2024-03-29,1,Completed
5207,8833,69,2023-06-01,1,Cancelled
5208,5163,54,2023-02-08,2,Completed
5209,6841,34,2023-06-09,1,Pending
5210,3812,31,2023-03-20,1,Completed
5211,3307,97,2023-10-25,1,Completed
5212,8638,4,2023-05-13,4,Completed
5213,8705,14,2023-03-15,2,Returned
5214,9182,15,2023-07-06,1,Cancelled
5215,6357,60,2023-06-05,1,
5216,1402,20,2023-11-01,2,Completed
5217,546,20,2024-01-23,2,Cancelled
5218,2534,49,2023-04-14,3,Returned
5219,2010,99,2023-05-06,,Pending
5220,5902,68,2023-12-28,2,Completed
5221,4086,18,2023-06-27,3,Completed
5222,2216,24,2023-07-15,3,
5223,4986,27,2023-02-28,2,Returned
5224,9020,33,2023-08-15,1,Completed
5225,2185,64,2023-05-15,2,Cancelled
5226,1276,25,2024-08-08,2,Completed
5227,9709,69,2024-05-08,3,Cancelled
5228,9505,18,2024-02-03,1,Completed
5229,5169,45,2024-03-11,3,Completed
5230,3524,20,2023-03-23,4,Pending
5231,8708,35,2023-08-15,2,Completed
5232,4784,6,2023-01-23,1,Completed
5233,1020,91,2023-05-04,3,Completed
5234,9488,92,2023-12-14,,Completed
5235,7599,75,2024-02-24,3,Completed
5236,1050,9,2023-12-10,1,Cancelled
5237,2341,52,2024-03-17,2,Completed
5238,7574,28,2023-03-17,,Completed
5239,9450,19,2023-09-09,3,
5240,2279,85,2023-02-06,1,Completed
5241,2986,63,2024-04-24,3,
5242,5706,95,2024-07-17,2,Completed
5243,1145,7,2024-02-24,2,Returned
5244,7631,37,2023-08-10,2,Completed
5245,706,89,2023-06-15,3,Completed
5246,2425,92,2024-05-24,1,Returned
5247,1935,36,2023-06-26,2,Completed
5248,2485,17,2023-10-23,3,Completed
5249,6997,90,2024-03-08,3,Cancelled
5250,1746,92,2023-05-19,1,Completed
5251,5765,37,2024-03-25,2,Completed
5252,9162,81,2023-01-13,1,Completed
5253,2547,60,2023-10-01,2,Pending
5254,5629,49,2023-01-12,1,Completed
5255,778,81,2024-03-16,1,Completed
5256,9526,97,2023-07-10,2,Completed
5257,3115,56,2023-03-01,,Completed
5258,2937,34,2024-08-11,,Completed
5259,4111,87,2023-08-18,2,Completed
5260,1346,30,2023-06-30,2,Pending
5261,2042,27,2024-04-14,1,Completed
5262,2675,51,2023-12-05,1,Completed
5263,7505,9,2023-11-08,3,Cancelled
5264,9748,20,2023-08-22,4,Completed
5265,690,87,2023-06-22,4,Completed
5266,9727,47,2023-03-28,,Completed
5267,7057,19,2024-03-31,,Pending
5268,120,68,2023-07-18,1,Cancelled
5269,6170,77,2023-02-21,,Completed
5270,5833,12,2023-03-31,2,Pending
5271,1614,73,2023-07-02,4,
5272,7624,79,2023-09-27,2,Completed
5273,3034,85,2023-08-20,2,Completed
5274,2937,79,2024-05-13,1,Completed
5275,5660,5,2023-02-14,1,Completed
5276,9342,69,2023-08-20,3,Returned
5277,5068,25,2023-09-07,,Cancelled
5278,4803,88,2023-11-22,1,Completed
5279,9902,31,2023-03-07,1,Completed
5280,3159,46,2024-07-25,1,Returned
5281,9559,34,2023-06-02,1,Completed
5282,4491,41,2023-10-10,1,Completed
5283,456,78,2024-03-08,1,Completed
5284,7644,91,2024-08-22,1,Cancelled
5285,4621,68,2024-08-06,,Completed
5286,8868,87,2023-10-30,4,Completed
5287,9194,38,2023-04-14,2,Completed
5288,9088,46,2023-01-31,,Pending
5289,5100,69,2023-05-31,1,Completed
5290,60,27,2024-03-25,3,Completed
5291,6200,43,2024-04-24,3,Cancelled
5292,6312,78,2023-10-28,1,Completed
5293,5532,71,2023-02-12,2,Cancelled
5294,2765,45,2023-12-25,,Completed
5295,7009,18,2024-01-13,1,Completed
5296,1795,32,2023-11-01,1,Completed
5297,5687,2,2023-08-20,,Completed
5298,3488,41,2024-06-25,1,Completed
5299,4988,20,2023-09-02,2,Returned
5300,3422,93,2024-05-07,,Cancelled
5301,6581,58,2024-08-18,,Completed
5302,5533,90,2024-01-28,,Completed
5303,1374,38,2023-12-02,2,Pending
5304,3554,1,2024-07-18,1,Cancelled
5305,3673,69,2024-05-01,4,Cancelled
5306,8145,54,2023-01-07,3,Completed
5307,9275,14,2023-02-03,3,Completed
5308,9126,25,2024-02-26,4,Pending
5309,5438,9,2023-08-18,,Completed
5310,8164,94,2024-02-22,3,Completed
5311,7447,83,2023-01-14,1,Completed
5312,8750,61,2024-05-08,1,Completed
5313,5966,52,2023-03-25,2,Pending
5314,5916,8,2023-04-05,1,Pending
5315,9735,16,2023-11-26,1,Cancelled
5316,6116,8,2024-04-11,3,Completed
5317,5095,23,2023-04-11,3,Pending
5318,2383,73,2024-07-29,3,Pending
5319,4099,96,2023-05-10,1,Returned
5320,9200,34,2023-11-28,2,Pending
5321,9474,18,2024-03-29,1,Completed
5322,4359,44,2023-12-31,3,Completed
5323,8313,15,2023-03-19,3,Completed
5324,9097,15,2023-08-06,2,Cancelled
5325,140,93,2024-03-05,1,Completed
5326,7645,23,2024-05-30,1,Completed
5327,1816,87,2023-09-28,4,Completed
5328,5409,65,2024-02-09,1,Completed
5329,4302,86,2023-09-09,3,Cancelled
5330,7286,71,2023-06-29,1,Completed
5331,9221,32,2023-03-28,1,Completed
5332,6779,92,2023-02-13,1,Returned
5333,8537,32,2024-01-09,4,Pending
5334,2420,33,2024-05-31,1,Completed
5335,3236,43,2024-02-23,,Completed
5336,2595,13,2024-03-22,4,Returned
5337,1388,92,2024-01-19,3,Pending
5338,984,9,2023-08-25,2,Completed
5339,2123,62,2023-09-27,,Completed
5340,5420,57,2023-11-23,2,Completed
5341,2995,48,2023-05-27,2,Completed
5342,7057,43,2024-03-11,3,Pending
5343,7549,67,2023-12-28,1,Completed
5344,6854,81,2024-01-04,1,Completed
5345,2901,98,2023-09-30,,Completed
5346,776,32,2024-05-13,4,Completed
5347,4982,73,2023-07-20,2,Cancelled
5348,736,60,2024-07-19,2,Completed
5349,6778,1,2023-02-07,4,Completed
5350,7754,57,2023-08-01,3,Completed
5351,5148,84,2023-06-05,2,Pending
5352,1487,69,2024-07-14,2,Completed
5353,396,85,2024-05-16,1,Completed
5354,2002,69,2023-06-07,1,Completed
5355,8556,68,2024-02-26,,Completed
5356,8063,61,2024-08-10,,Completed
5357,7269,8,2023-01-09,2,Completed
5358,5878,89,2024-06-06,2,Pending
5359,4189,7,2023-08-19,4,Completed
5360,4362,37,2024-03-19,3,Pending
5361,6350,42,2023-01-18,1,Completed
5362,6181,32,2023-03-28,2,Completed
5363,7795,17,2023-02-27,1,Completed
5364,744,28,2024-06-05,,Pending
5365,6163,70,2023-12-15,3,Completed
5366,374,48,2023-07-11,1,Pending
5367,5906,54,2023-01-03,,Completed
5368,4128,42,2023-03-29,,
5369,8332,36,2023-05-11,2,Completed
5370,5690,66,2023-05-31,3,
5371,3021,31,2023-11-09,3,Cancelled
5372,3293,65,2023-10-22,3,Completed
5373,6877,3,2024-05-28,3,Completed
5374,6898,13,2023-06-30,3,Completed
5375,5339,31,2024-05-14,,Completed
5376,1565,29,2024-05-02,2,Cancelled
5377,58,57,2023-01-19,1,Completed
5378,3497,33,2023-04-28,1,Completed
5379,5395,53,2024-06-22,1,Completed
5380,5143,10,2024-02-04,2,Completed
5381,2949,63,2023-05-09,1,Completed
5382,4474,73,2023-03-15,4,Completed
5383,8565,65,2023-09-16,4,
5384,3135,96,2024-05-14,4,Completed
5385,1588,97,2023-02-06,4,Pending
5386,8970,2,2024-01-20,1,Completed
5387,4263,2,2023-01-21,2,Completed
5388,6667,69,2023-04-21,2,Pending
5389,3679,74,2023-01-23,1,Completed
5390,999,37,2023-10-19,,
5391,8752,2,2024-03-25,3,Completed
5392,3344,61,2023-06-08,1,Completed
5393,3502,40,2023-09-12,1,
5394,4015,63,2023-10-16,2,Completed
5395,5108,25,2023-04-07,1,Pending
5396,4329,38,2023-04-14,1,Completed
5397,4656,37,2023-10-20,3,Returned
5398,5328,82,2024-03-12,,Completed
5399,7621,27,2023-05-07,,Cancelled
5400,5859,84,2024-07-31,2,Completed
5401,5621,50,2023-11-21,2,Completed
5402,9113,34,2024-04-11,,Completed
5403,7005,44,2023-05-09,4,Completed
5404,1243,72,2023-01-29,3,Cancelled
5405,7016,4,2024-02-02,4,Cancelled
5406,81,94,2024-03-11,2,Completed
5407,2662,52,2024-05-01,1,Completed
5408,4799,55,2024-05-18,,Cancelled
5409,541,100,2023-01-15,2,Cancelled
5410,5946,73,2023-11-12,3,Returned
5411,6909,12,2024-03-31,2,Returned
5412,9467,14,2023-01-18,1,Completed
5413,2786,35,2024-02-28,1,Completed
5414,3487,6,2023-11-17,1,Completed
5415,3158,47,2024-01-09,1,Returned
5416,4718,23,2024-02-15,1,Completed
5417,5337,68,2023-09-28,3,Completed
5418,7166,65,2023-09-09,,Completed
5419,2244,59,2023-02-03,4,Completed
5420,9513,9,2023-04-01,1,Completed
5421,2994,58,2024-06-05,4,Completed
5422,2092,48,2024-03-08,2,Returned
5423,5210,63,2024-03-12,3,Cancelled
5424,7646,9,2024-05-31,1,
5425,5741,44,2023-08-02,2,Completed
5426,4155,46,2024-03-21,4,Returned
5427,8671,15,2024-07-10,2,Returned
5428,2666,88,2023-06-19,1,Completed
5429,6019,53,2023-07-23,2,Cancelled
5430,1757,48,2023-02-08,1,Cancelled
5431,9991,72,2024-05-24,3,Completed
5432,5714,92,2024-05-09,,Cancelled
5433,3121,42,2023-12-30,3,Pending
5434,5152,17,2023-04-20,4,Completed
5435,5606,35,2024-01-30,4,
5436,2579,31,2024-02-28,1,Completed
5437,1027,4,2024-06-29,1,Completed
5438,4474,48,2024-01-18,2,Completed
5439,4668,14,2024-06-23,1,Completed
5440,1955,25,2023-09-28,3,Completed
5441,9757,46,2023-06-27,1,Cancelled
5442,587,48,2024-01-22,2,Completed
5443,685,40,2024-01-05,2,Completed
5444,6043,50,2023-08-25,2,Completed
5445,3269,7,2023-05-30,3,Completed
5446,659,95,2023-10-20,,Completed
5447,1297,60,2024-08-19,1,Completed
5448,1526,35,2024-07-26,3,Completed
5449,7151,63,2024-03-07,1,Cancelled
5450,7793,20,2023-06-23,1,Completed
5451,6605,16,2024-07-04,1,Completed
5452,5790,22,2024-06-24,2,Completed
5453,7421,36,2023-04-01,3,Cancelled
5454,5754,19,2024-03-10,1,Completed
5455,9264,2,2023-11-07,2,Completed
5456,6635,68,2024-01-11,1,Cancelled
5457,5109,98,2023-11-21,3,Cancelled
5458,5248,7,2024-01-26,3,Completed
5459,8402,47,2023-04-26,4,Cancelled
5460,624,49,2024-02-18,2,Completed
5461,9998,78,2023-04-02,3,Completed
5462,5262,43,2023-03-31,1,Cancelled
5463,4269,32,2024-07-01,1,Cancelled
5464,5985,17,2023-07-09,3,Pending
5465,3750,14,2023-04-24,3,Completed
5466,4543,81,2023-09-16,,Completed
5467,11,32,2023-08-04,,Returned
5468,761,60,2024-06-04,4,Completed
5469,9520,60,2023-05-18,,Pending
5470,1178,52,2024-07-25,3,Completed
5471,9169,66,2023-04-04,1,Completed
5472,2493,4,2023-10-10,1,Completed
5473,2390,94,2024-07-05,4,Completed
5474,6365,94,2023-09-19,1,Completed
5475,2553,63,2023-12-25,1,Completed
5476,1483,33,2023-07-10,2,Completed
5477,2311,1,2024-07-29,2,Completed
5478,3742,97,2024-04-24,3,Completed
5479,7286,100,2023-07-17,3,Completed
5480,7618,64,2023-04-01,3,Completed
5481,3840,95,2023-01-25,3,Returned
5482,7582,37,2024-06-04,2,Completed
5483,2756,78,2023-03-13,1,Returned
5484,9015,70,2023-09-11,,Completed
5485,3598,7,2024-07-29,2,Completed
5486,8653,24,2023-11-12,2,Pending
5487,5238,68,2024-03-14,3,Completed
5488,1741,55,2024-08-08,2,Completed
5489,2125,89,2023-09-02,2,Completed
5490,9637,3,2024-05-05,1,Completed
5491,5292,92,2024-05-03,1,Pending
5492,3098,23,2023-03-13,1,Pending
5493,5248,36,2023-10-18,,
5494,4470,57,2023-06-15,3,Completed
5495,8846,48,2023-04-16,1,Pending
5496,5000,13,2023-01-23,3,Completed
5497,8936,61,2023-10-04,1,Completed
5498,6567,86,2024-07-15,2,Completed
5499,7345,89,2024-01-16,4,Completed
5500,853,24,2023-07-15,4,Cancelled
5501,4927,43,2024-03-25,3,Completed
5502,9754,33,2023-06-05,,Completed
5503,5069,78,2023-12-25,,
5504,5390,24,2024-03-05,3,Returned
5505,1319,22,2024-06-27,,Completed
5506,122,52,2024-01-29,2,Completed
5507,4255,87,2023-08-05,1,Completed
5508,8499,6,2023-06-15,4,Completed
5509,9305,19,2023-06-06,1,Completed
5510,1897,76,2023-08-13,2,Cancelled
5511,5977,90,2024-07-12,2,Completed
5512,8007,29,2023-10-21,4,Completed
5513,8538,64,2024-01-18,1,Completed
5514,3912,14,2023-12-24,2,Completed
5515,8341,81,2024-01-28,2,Returned
5516,1040,30,2023-12-25,3,Returned
5517,9583,71,2023-03-08,2,Completed
5518,3905,21,2023-12-26,3,Cancelled
5519,4877,65,2023-07-25,,Completed
5520,8310,4,2023-04-28,1,
5521,704,46,2023-10-14,4,Completed
5522,2956,8,2024-04-07,2,Completed
5523,5471,18,2024-04-12,2,Completed
5524,6441,60,2024-01-29,3,Completed
5525,2025,45,2024-04-10,,Completed
5526,4997,72,2024-05-08,1,Returned
5527,6570,95,2023-09-01,3,Cancelled
5528,4346,31,2023-09-16,1,
5529,5863,28,2024-04-10,2,Completed
5530,5635,64,2024-01-30,3,Completed
5531,998,37,2023-03-06,1,Returned
5532,406,67,2024-01-04,4,Completed
5533,244,79,2023-12-24,2,Completed
5534,7968,68,2023-06-08,3,Completed
5535,2415,35,2023-12-03,3,Returned
5536,3857,98,2023-08-04,3,Cancelled
5537,6264,36,2023-01-18,1,
5538,7939,57,2023-11-18,1,Cancelled
5539,9798,70,2024-01-01,4,Cancelled
5540,8625,4,2024-06-15,,
5541,1142,49,2024-08-04,3,Completed
5542,4127,94,2023-01-04,3,Cancelled
5543,3025,39,2023-07-31,4,Completed
5544,9365,18,2024-08-06,2,Completed
5545,7008,60,2023-09-16,2,Pending
5546,3457,86,2024-04-08,4,Pending
5547,6000,10,2024-02-24,1,Completed
5548,4198,93,2024-05-08,4,Completed
5549,9288,23,2023-05-28,2,Returned
5550,5825,68,2024-07-02,2,Completed
5551,6767,59,2024-05-19,3,Pending
5552,2853,83,2023-04-15,1,Returned
5553,2456,90,2024-02-02,3,Completed
5554,7515,7,2023-12-13,3,Cancelled
5555,1391,13,2023-10-01,1,Returned
5556,4926,3,2023-06-08,2,Completed
5557,2837,40,2024-05-07,2,Completed
5558,618,11,2023-12-29,3,Pending
5559,2470,80,2023-03-19,1,Completed
5560,2703,84,2024-05-12,3,Completed
5561,6258,51,2023-01-13,1,Cancelled
5562,8106,87,2024-01-09,3,Completed
5563,3166,23,2024-01-01,4,Completed
5564,8452,32,2023-08-09,4,Completed
5565,4431,41,2023-09-17,4,Completed
5566,9239,42,2023-01-19,2,Completed
5567,5993,38,2024-01-09,,Completed
5568,6598,67,2023-08-25,1,Pending
5569,1408,72,2024-06-03,2,Pending
5570,9593,78,2023-03-09,1,Completed
5571,9202,72,2023-04-26,3,Completed
5572,5558,75,2024-07-15,4,Completed
5573,7000,42,2023-01-09,4,Completed
5574,7590,43,2023-10-27,1,Cancelled
5575,3407,33,2024-06-19,1,Cancelled
5576,5701,79,2024-08-03,3,Completed
5577,8128,37,2024-06-26,,Completed
5578,4228,78,2024-08-07,1,Cancelled
5579,9937,90,2023-05-07,,Completed
5580,1546,57,2023-03-26,3,Completed
5581,7308,64,2024-02-26,3,Cancelled
5582,8133,64,2024-08-03,2,Completed
5583,135,60,2023-07-28,4,Completed
5584,2860,52,2023-09-10,,Completed
5585,6004,72,2023-10-20,1,Completed
5586,1265,68,2023-09-14,2,Completed
5587,1773,100,2023-12-13,4,Pending
5588,165,82,2023-12-06,1,Completed
5589,8812,27,2023-07-30,2,Completed
5590,8423,59,2023-02-11,1,Completed
5591,6726,19,2024-04-11,3,Completed
5592,2781,3,2024-04-27,1,Pending
5593,7754,73,2023-10-28,2,Completed
5594,5299,39,2024-06-03,2,Cancelled
5595,9570,66,2023-08-16,1,Cancelled
5596,6815,73,2024-02-29,3,Completed
5597,3753,56,2023-08-04,1,Returned
5598,3973,6,2023-07-22,4,Completed
5599,3233,28,2023-08-15,2,Completed
5600,7595,48,2023-07-13,3,Completed
5601,403,98,2024-01-14,3,Completed
5602,7200,93,2023-04-18,1,Completed
5603,6265,48,2023-01-22,4,Cancelled
5604,4481,67,2023-10-21,,Cancelled
5605,6620,54,2024-07-31,2,Completed
5606,2608,16,2023-04-08,2,Cancelled
5607,9383,35,2023-08-27,4,Completed
5608,8581,75,2023-03-07,3,
5609,3405,87,2024-04-16,3,
5610,5643,30,2024-06-17,,Completed
5611,9966,48,2024-04-29,3,Cancelled
5612,790,69,2023-02-13,1,Pending
5613,6897,8,2024-03-16,1,Completed
5614,1495,51,2024-07-23,2,Completed
5615,2752,10,2023-08-25,3,Completed
5616,9740,28,2024-07-14,1,Completed
5617,6711,36,2023-01-27,1,Pending
5618,821,60,2024-01-26,,Pending
5619,5141,10,2023-08-12,2,Pending
5620,5139,14,2024-08-03,2,Completed
5621,9672,63,2024-02-05,1,Completed
5622,2370,47,2023-11-07,2,Completed
5623,4066,69,2023-01-02,2,Pending
5624,1464,56,2024-07-28,,Cancelled
5625,1908,6,2023-09-10,4,
5626,6202,94,2024-05-02,1,Pending
5627,7896,19,2023-09-02,3,Completed
5628,7826,52,2023-08-17,3,Completed
5629,3966,62,2023-02-19,1,Completed
5630,9509,49,2023-03-18,2,Cancelled
5631,182,78,2023-01-12,,Pending
5632,6001,11,2023-11-13,4,Completed
5633,7246,46,2023-01-18,2,Pending
5634,9153,69,2024-07-24,2,Completed
5635,990,45,2023-09-24,3,Completed
5636,9918,95,2023-12-01,2,Returned
5637,6273,58,2023-04-09,2,Completed
5638,707,32,2023-07-27,2,Completed
5639,6653,88,2023-09-30,1,Returned
5640,4848,10,2023-11-16,,Returned
5641,4331,13,2024-06-27,1,Completed
5642,1621,13,2023-07-19,3,Completed
5643,4650,36,2023-06-25,,Completed
5644,6597,86,2023-02-06,2,Completed
5645,4682,73,2023-01-22,1,Completed
5646,8045,19,2023-11-10,,Completed
5647,3581,7,2024-02-10,4,Completed
5648,8615,15,2023-09-03,3,Completed
5649,4016,81,2023-04-11,3,Returned
5650,3197,46,2023-03-27,2,Returned
5651,6150,78,2024-01-03,3,Completed
5652,4554,48,2023-10-23,3,Completed
5653,4011,66,2023-10-26,1,Completed
5654,6666,78,2023-02-05,1,Completed
5655,4647,4,2024-04-26,2,Pending
5656,6091,3,2023-01-22,2,Completed
5657,3751,3,2023-03-08,,Completed
5658,9838,75,2023-08-25,3,Completed
5659,2537,69,2023-05-18,2,Completed
5660,3260,93,2023-10-26,4,Completed
5661,6880,28,2024-05-22,2,Cancelled
5662,7439,23,2024-05-05,,Completed
5663,2512,30,2023-03-27,4,Completed
5664,2091,62,2023-03-24,4,Cancelled
5665,4635,87,2024-07-08,1,Cancelled
5666,568,51,2023-12-18,1,Completed
5667,121,41,2023-05-11,2,Completed
5668,6769,86,2024-06-08,2,Cancelled
5669,8508,64,2024-01-23,4,Completed
5670,621,43,2023-07-13,1,Completed
5671,4064,76,2023-12-27,2,Completed
5672,454,91,2023-02-26,3,Completed
5673,2735,58,2023-07-03,2,Completed
5674,959,59,2024-04-05,1,Cancelled
5675,763,40,2024-01-28,4,Returned
5676,9553,46,2023-09-19,1,Completed
5677,4336,62,2023-01-21,2,Completed
5678,6521,49,2023-09-05,4,Completed
5679,2052,79,2024-08-03,3,Cancelled
5680,6990,23,2023-08-24,3,Returned
5681,8389,44,2023-10-02,4,Completed
5682,7808,44,2023-11-05,4,Returned
5683,261,19,2024-01-13,2,Completed
5684,6747,44,2023-06-09,2,Pending
5685,5891,11,2023-12-02,3,Completed
5686,6054,60,2023-08-13,4,Completed
5687,1281,38,2023-06-10,3,Completed
5688,136,3,2023-06-09,2,Completed
5689,6100,16,2023-01-06,3,Returned
5690,7878,96,2023-05-08,2,Completed
5691,2546,9,2023-07-28,4,Completed
5692,8561,41,2023-01-12,1,Cancelled
5693,3663,38,2024-01-28,4,Completed
5694,6730,69,2024-08-10,3,Returned
5695,3455,65,2024-06-01,3,
5696,4809,35,2023-10-06,2,Completed
5697,8049,35,2023-02-10,1,Returned
5698,6521,76,2023-07-14,4,Completed
5699,545,100,2023-07-05,1,
5700,6217,85,2023-12-18,1,Completed
5701,7118,48,2024-04-17,1,
5702,4600,8,2024-07-12,1,Completed
5703,3424,27,2023-08-12,2,Returned
5704,4806,9,2023-02-12,1,Completed
5705,4484,92,2024-04-13,3,Completed
5706,6972,30,2024-01-05,3,Cancelled
5707,7120,14,2023-11-11,4,Cancelled
5708,1098,23,2024-04-26,1,Pending
5709,6861,29,2024-04-16,2,Completed
5710,5436,26,2024-07-19,1,Pending
5711,1944,86,2023-09-09,4,Cancelled
5712,1720,15,2024-03-21,2,Completed
5713,5769,73,2023-09-11,3,Completed
5714,8483,90,2024-02-21,2,Returned
5715,9167,81,2023-04-22,1,Pending
5716,415,73,2023-06-17,1,Returned
5717,9043,67,2023-04-19,4,Cancelled
5718,7106,16,2023-11-08,1,
5719,2729,13,2024-07-10,,Returned
5720,7204,90,2024-02-05,,Pending
5721,4642,81,2024-02-03,2,Cancelled
5722,742,96,2023-09-18,,Returned
5723,592,24,2024-07-26,1,Completed
5724,750,62,2023-06-01,1,Cancelled
5725,2220,57,2023-03-30,1,Completed
5726,9030,36,2023-07-04,1,Completed
5727,8726,60,2023-02-12,1,Completed
5728,4461,86,2023-08-01,2,Returned
5729,7512,73,2023-02-18,1,Completed
5730,9966,22,2024-08-16,3,Completed
5731,7509,84,2024-03-05,2,Completed
5732,2654,3,2023-01-28,1,Cancelled
5733,2571,36,2023-06-27,4,Completed
5734,5749,97,2024-01-26,3,Completed
5735,265,82,2023-08-06,4,Completed
5736,3596,36,2023-08-03,,Completed
5737,2035,10,2023-04-21,3,Completed
5738,3203,100,2023-01-03,4,Completed
5739,8574,21,2023-02-03,1,Cancelled
5740,9359,89,2023-03-07,2,Completed
5741,389,49,2023-12-28,2,Completed
5742,6198,9,2023-04-18,2,Cancelled
5743,2072,91,2023-06-20,3,Completed
5744,8587,79,2023-03-15,4,Returned
5745,7841,52,2023-03-23,3,
5746,3257,96,2024-01-30,1,Returned
5747,4020,48,2024-05-04,2,Cancelled
5748,6059,60,2023-12-31,3,Completed
5749,6631,50,2024-04-01,2,Completed
5750,2860,39,2024-04-20,1,Completed
5751,2394,16,2023-03-25,,Cancelled
5752,6820,28,2024-07-18,,Cancelled
5753,6072,6,2023-01-15,4,Completed
5754,2051,61,2024-02-21,1,Completed
5755,3122,6,2023-07-25,2,Cancelled
5756,9117,66,2023-03-23,2,Completed
5757,4972,40,2023-10-31,3,Cancelled
5758,7696,71,2024-07-11,1,Returned
5759,3355,91,2024-05-23,2,Completed
5760,4475,62,2024-05-17,4,Completed
5761,3398,28,2023-02-14,,Completed
5762,5418,80,2024-04-06,3,Completed
5763,3769,47,2024-03-28,,Returned
5764,6282,9,2023-06-29,,Completed
5765,2982,52,2024-04-14,2,Completed
5766,5522,15,2023-07-10,3,Completed
5767,3473,34,2023-12-02,1,Completed
5768,2618,20,2023-11-17,2,Returned
5769,5482,78,2023-06-13,1,Cancelled
5770,6210,60,2023-08-19,1,Completed
5771,3500,58,2023-03-24,4,Returned
5772,6996,75,2023-07-08,4,Completed
5773,7882,94,2024-06-24,2,
5774,3593,67,2024-08-01,2,Pending
5775,8624,2,2023-08-01,2,Pending
5776,6055,50,2023-05-06,2,Returned
5777,7273,14,2023-10-22,1,Cancelled
5778,9305,56,2024-01-24,4,Completed
5779,4697,93,2023-05-04,2,Completed
5780,7547,69,2024-06-12,1,Cancelled
5781,6474,44,2023-01-02,3,Completed
5782,5223,46,2023-09-13,4,Completed
5783,2450,6,2023-01-22,,Pending
5784,5803,8,2024-01-03,3,Completed
5785,545,39,2023-04-18,1,Completed
5786,6653,93,2023-09-27,3,Completed
5787,6328,44,2023-06-26,,Completed
5788,7059,27,2023-05-29,2,Cancelled
5789,2629,16,2023-05-16,,Completed
5790,3452,91,2023-01-22,1,Cancelled
5791,8730,39,2024-05-19,3,Cancelled
5792,1437,1,2023-04-04,1,Returned
5793,8088,51,2023-01-07,4,
5794,6662,63,2023-09-24,1,Completed
5795,3063,33,2023-04-02,2,Completed
5796,260,50,2023-07-24,4,Pending
5797,7552,54,2023-10-26,2,Completed
5798,4412,27,2023-04-25,4,Pending
5799,4842,81,2024-02-16,2,
5800,7962,79,2023-06-12,,Pending
5801,719,86,2023-01-29,1,
5802,5197,19,2023-02-14,3,Completed
5803,2728,28,2023-05-21,,Completed
5804,7547,23,2023-02-28,2,Completed
5805,8653,64,2023-09-17,,Returned
5806,2855,100,2024-03-18,3,Completed
5807,5201,39,2023-06-30,2,Cancelled
5808,4068,49,2023-12-20,2,Completed
5809,9895,59,2023-07-01,4,Cancelled
5810,2978,20,2024-05-14,,Completed
5811,3481,61,2023-12-05,3,Completed
5812,9934,9,2024-06-13,2,
5813,8222,23,2023-12-27,1,Completed
5814,3494,7,2023-02-07,2,Completed
5815,9174,31,2023-02-24,1,Pending
5816,231,60,2024-07-16,2,Completed
5817,7527,61,2023-02-03,4,Completed
5818,5282,75,2023-12-19,2,Cancelled
5819,1252,81,2023-04-08,3,Returned
5820,5341,100,2023-03-07,1,Completed
5821,6890,26,2024-03-03,4,Returned
5822,1964,100,2023-11-26,2,Completed
5823,3167,82,2024-06-22,2,Completed
5824,1779,54,2024-06-26,3,Completed
5825,8053,31,2023-07-12,1,Completed
5826,4871,99,2024-07-12,2,Completed
5827,1148,41,2023-06-20,4,
5828,2848,28,2023-03-19,1,Completed
5829,3851,90,2024-02-07,,Pending
5830,3071,6,2024-01-04,3,Completed
5831,621,34,2023-02-23,2,Completed
5832,964,92,2024-02-23,2,Completed
5833,7216,9,2024-06-23,3,Cancelled
5834,2143,93,2024-07-05,3,Cancelled
5835,9693,98,2023-07-15,4,Returned
5836,7419,12,2023-01-02,2,Cancelled
5837,1327,16,2024-06-24,3,Completed
5838,122,71,2024-06-08,,Completed
5839,4314,31,2024-05-11,1,Completed
5840,1077,33,2024-04-24,,Completed
5841,1183,7,2023-01-04,2,Pending
5842,795,3,2024-04-05,1,Completed
5843,9817,20,2023-04-08,2,Completed
5844,4272,5,2024-05-12,1,Completed
5845,8484,67,2023-11-29,2,Completed
5846,7327,38,2024-04-09,1,Returned
5847,8683,79,2024-01-30,1,Pending
5848,2809,99,2024-04-11,1,Completed
5849,3429,56,2023-08-22,1,
5850,8826,23,2024-06-12,1,Completed
5851,3500,97,2023-02-05,,Completed
5852,2173,2,2023-05-17,,
5853,5987,100,2023-04-01,4,Completed
5854,3908,21,2023-03-13,1,Completed
5855,4700,78,2023-04-18,1,Cancelled
5856,7082,14,2023-08-24,1,Completed
5857,5225,62,2024-07-13,2,Completed
5858,3469,11,2023-06-24,,Cancelled
5859,5761,4,2023-02-17,4,Cancelled
5860,491,47,2024-08-07,1,Returned
5861,4264,94,2023-11-19,2,Completed
5862,7770,100,2023-12-19,4,Completed
5863,8951,20,2023-02-16,4,Completed
5864,1198,52,2023-12-18,1,Pending
5865,1905,16,2024-01-17,1,Cancelled
5866,5270,98,2023-08-25,2,Completed
5867,1651,45,2023-04-15,1,Returned
5868,3192,8,2023-12-26,4,Completed
5869,28,62,2023-08-01,1,Completed
5870,6261,84,2024-02-18,1,Completed
5871,2751,21,2024-07-27,1,Pending
5872,2880,64,2023-09-07,1,Completed
5873,4358,30,2023-10-04,3,
5874,2833,36,2023-09-14,1,Completed
5875,3110,5,2024-02-08,1,Completed
5876,9653,85,2023-01-24,4,Completed
5877,5759,38,2023-11-29,1,Completed
5878,2922,87,2023-02-03,1,Completed
5879,1434,19,2024-08-19,1,Completed
5880,4429,74,2024-02-16,1,Completed
5881,7699,27,2023-11-19,2,Completed
5882,8112,99,2023-10-21,1,Completed
5883,3537,13,2024-03-11,3,Completed
5884,6864,9,2024-04-22,2,Cancelled
5885,1182,17,2024-05-13,3,
5886,3406,95,2023-01-09,,Returned
5887,3915,44,2023-12-03,1,Completed
5888,9976,45,2023-01-30,3,
5889,3723,88,2024-01-28,4,Returned
5890,2643,42,2024-07-01,,Completed
5891,7578,51,2024-04-08,3,Completed
5892,3712,83,2024-07-03,1,
5893,2961,58,2023-06-29,1,Completed
5894,4831,58,2024-08-22,1,Completed
5895,5459,30,2023-06-29,,Completed
5896,9772,5,2024-05-18,2,Completed
5897,1620,8,2023-11-19,3,Completed
5898,6139,37,2024-04-04,3,Cancelled
5899,6681,47,2023-01-05,2,Completed
5900,2341,100,2024-04-17,1,Completed
5901,9420,89,2024-03-17,,Completed
5902,1729,45,2024-06-23,4,Returned
5903,3586,5,2024-05-24,2,
5904,202,97,2024-02-17,2,Completed
5905,5986,63,2023-09-02,2,Returned
5906,6176,86,2024-05-28,1,Completed
5907,3161,47,2024-05-16,1,Pending
5908,1714,25,2024-08-04,1,Completed
5909,7873,50,2024-05-20,2,Pending
5910,7840,93,2023-10-11,1,Cancelled
5911,6860,45,2023-05-19,1,Cancelled
5912,753,30,2023-03-22,4,Completed
5913,115,48,2024-05-03,4,Returned
5914,5342,51,2023-11-15,1,Completed
5915,3981,94,2024-07-19,1,Completed
5916,6326,55,2023-09-16,4,Cancelled
5917,2819,55,2024-07-17,4,Pending
5918,469,46,2023-03-27,2,Completed
5919,426,31,2023-04-15,3,Completed
5920,8142,34,2023-02-25,1,Returned
5921,1576,92,2023-12-21,4,Returned
5922,834,74,2024-07-05,4,Completed
5923,4107,68,2024-05-14,3,Pending
5924,3704,33,2024-02-16,,
5925,1409,56,2024-01-10,1,Completed
5926,3482,58,2024-03-03,1,Completed
5927,6186,57,2024-06-04,2,Pending
5928,5822,17,2023-03-30,1,Completed
5929,6845,11,2023-08-11,4,Cancelled
5930,6396,71,2023-06-19,4,Completed
5931,8796,81,2024-04-19,4,
5932,213,92,2023-07-05,1,Pending
5933,6412,17,2023-12-28,4,Returned
5934,4802,10,2023-09-18,1,Completed
5935,1759,26,2023-11-16,1,Cancelled
5936,5781,6,2023-09-14,3,Completed
5937,8974,81,2023-05-28,1,Completed
5938,1527,16,2024-01-01,,Returned
5939,841,90,2024-06-10,2,Completed
5940,1342,4,2023-01-26,2,Completed
5941,1501,62,2023-03-07,4,Completed
5942,8122,84,2023-07-19,2,Returned
5943,5560,64,2023-08-08,2,Completed
5944,5927,56,2024-07-26,2,Cancelled
5945,8708,75,2023-04-28,2,Completed
5946,7676,23,2024-03-06,2,Completed
5947,9340,33,2023-02-08,,Completed
5948,6458,31,2024-03-08,,Completed
5949,3257,7,2023-04-13,2,Cancelled
5950,2595,86,2023-11-05,2,Completed
5951,3657,5,2023-02-08,4,Completed
5952,9741,37,2023-05-03,3,Pending
5953,2087,1,2024-01-28,4,Completed
5954,3156,70,2024-04-13,3,Completed
5955,7189,45,2023-07-18,,Cancelled
5956,6397,47,2023-05-25,4,Completed
5957,979,68,2024-01-20,4,Completed
5958,3048,94,2023-01-08,2,Completed
5959,2590,30,2023-11-30,2,Cancelled
5960,2007,81,2023-07-07,3,Completed
5961,6784,60,2023-01-24,1,Cancelled
5962,5943,24,2023-09-10,2,Completed
5963,2600,31,2024-06-23,,Returned
5964,2509,28,2023-02-08,2,Completed
5965,8472,45,2023-08-24,1,Completed
5966,1194,4,2024-07-06,2,Returned
5967,5916,61,2023-08-17,1,Returned
5968,9950,39,2023-12-05,4,
5969,2046,83,2023-11-08,4,Completed
5970,7797,24,2023-06-18,4,Completed
5971,8440,71,2024-06-12,1,Completed
5972,9577,46,2024-07-08,2,
5973,9565,53,2023-11-07,1,Completed
5974,7603,48,2023-04-02,1,Pending
5975,3673,9,2023-02-27,3,Cancelled
5976,7182,22,2024-04-20,2,Pending
5977,45,2,2023-09-10,1,Completed
5978,2086,91,2023-06-04,2,Completed
5979,4512,16,2024-01-11,1,Completed
5980,6389,5,2023-01-25,4,Completed
5981,7776,12,2024-06-02,1,Pending
5982,5372,52,2024-06-19,2,Completed
5983,7949,26,2024-08-17,1,Completed
5984,6224,15,2023-07-10,2,Completed
5985,4324,67,2023-11-22,2,Completed
5986,6627,73,2023-10-03,3,Cancelled
5987,8815,59,2024-05-11,3,Completed
5988,8050,92,2023-04-20,1,Completed
5989,7092,39,2024-05-13,1,Completed
5990,8677,63,2024-01-05,,Completed
5991,8217,100,2023-06-02,4,
5992,1226,25,2023-11-14,2,Completed
5993,1249,41,2023-06-12,1,Completed
5994,8971,28,2024-06-20,1,Returned
5995,5027,21,2023-03-20,3,Completed
5996,2843,93,2024-01-01,,Completed
5997,5699,89,2023-10-06,3,Pending
5998,1583,94,2023-08-03,1,Completed
5999,4849,61,2024-01-10,3,Completed
6000,9906,57,2023-08-05,,Completed
6001,3139,11,2023-01-21,2,Completed
6002,4756,19,2024-01-15,,Cancelled
6003,1518,75,2023-03-20,3,Completed
6004,4643,89,2023-08-09,1,Completed
6005,5197,1,2024-04-11,1,Returned
6006,3769,32,2023-07-17,1,Completed
6007,6199,85,2023-12-24,3,Cancelled
6008,8073,77,2023-12-24,3,Completed
6009,9689,34,2024-05-22,2,Completed
6010,5559,17,2023-12-27,1,Pending
6011,9928,55,2024-07-17,,Returned
6012,1344,19,2024-03-01,1,Completed
6013,5491,74,2024-03-14,1,Cancelled
6014,5336,42,2023-02-07,1,Returned
6015,49,59,2023-01-31,1,
6016,5917,73,2023-06-12,,Cancelled
6017,2511,75,2023-11-29,1,Cancelled
6018,6226,38,2023-06-20,1,Cancelled
6019,3661,31,2023-02-06,3,Completed
6020,1747,66,2023-02-05,3,Completed
6021,8688,88,2023-12-03,1,Returned
6022,8171,69,2024-05-27,1,Completed
6023,634,50,2023-07-07,1,Completed
6024,6981,30,2024-05-11,4,Pending
6025,2721,35,2024-03-31,3,Completed
6026,176,59,2024-07-26,,Completed
6027,8831,17,2024-03-22,1,Completed
6028,8153,95,2023-03-18,2,Completed
6029,3358,66,2023-06-10,3,Returned
6030,4393,80,2024-01-28,1,Completed
6031,5380,21,2023-11-04,3,Completed
6032,5971,94,2023-07-06,2,Completed
6033,8667,52,2023-01-25,2,Pending
6034,9839,65,2024-04-04,3,Completed
6035,1959,14,2024-03-26,2,Pending
6036,6680,16,2024-07-03,4,Returned
6037,7349,55,2023-09-22,,Completed
6038,5885,9,2024-08-19,3,Cancelled
6039,8541,8,2024-02-12,2,Cancelled
6040,8829,73,2023-04-11,4,Cancelled
6041,3615,34,2023-07-13,1,Completed
6042,3821,33,2024-05-31,1,Completed
6043,4323,86,2024-03-16,2,Cancelled
6044,5468,94,2023-04-13,3,Returned
6045,5503,7,2023-12-28,4,Completed
6046,6380,82,2023-08-09,,Completed
6047,1205,21,2024-04-13,4,Returned
6048,6450,5,2024-04-20,,Cancelled
6049,8540,71,2023-01-24,2,Completed
6050,1204,12,2023-06-04,2,Completed
6051,6559,59,2024-07-08,2,
6052,983,81,2023-07-05,3,Cancelled
6053,8924,58,2024-03-17,2,Completed
6054,6529,88,2023-04-23,3,Completed
6055,6656,37,2024-02-20,4,Completed
6056,5600,83,2024-03-06,1,Returned
6057,5691,45,2023-08-28,1,Cancelled
6058,5906,80,2023-09-30,2,Pending
6059,6332,25,2023-09-02,,Completed
6060,8645,27,2023-06-20,1,Completed
6061,4074,51,2023-06-14,,Cancelled
6062,2895,42,2024-04-04,,Completed
6063,2235,71,2024-05-04,1,Cancelled
6064,7632,42,2024-05-20,4,Cancelled
6065,5860,60,2024-08-23,1,Completed
6066,8356,72,2024-07-23,2,
6067,1448,79,2023-10-18,2,Returned
6068,102,58,2024-03-10,,Completed
6069,7435,80,2024-07-11,2,Completed
6070,7321,72,2024-05-19,2,Cancelled
6071,9645,100,2023-01-27,3,Completed
6072,536,96,2024-05-04,2,Completed
6073,7501,81,2024-04-23,2,Cancelled
6074,1701,100,2024-04-30,,Completed
6075,7040,22,2024-06-30,1,
6076,9656,96,2023-05-08,2,Completed
6077,7115,58,2023-08-12,1,Completed
6078,7470,11,2023-02-16,4,Completed
6079,6493,6,2023-03-19,1,Cancelled
6080,4345,22,2023-12-10,1,Completed
6081,1972,78,2024-08-15,4,Pending
6082,9645,92,2023-05-19,2,Completed
6083,9786,12,2024-05-01,3,Pending
6084,713,27,2023-10-27,4,Completed
6085,3656,1,2023-06-30,2,Completed
6086,6242,64,2024-02-17,1,Cancelled
6087,6473,74,2023-12-08,1,Cancelled
6088,7761,97,2024-07-07,3,Completed
6089,9641,80,2024-03-23,1,Returned
6090,3649,39,2023-12-11,3,Completed
6091,5125,60,2024-02-04,2,Completed
6092,8651,70,2023-11-19,2,Cancelled
6093,2844,54,2024-08-16,1,Pending
6094,7974,25,2023-02-04,2,Cancelled
6095,593,20,2023-02-12,1,Completed
6096,498,36,2023-09-15,2,Returned
6097,2135,23,2023-08-26,4,Returned
6098,2450,80,2023-06-26,1,Completed
6099,5413,1,2024-03-19,,Completed
6100,7449,94,2023-02-01,2,Completed
6101,4293,27,2023-03-08,1,Completed
6102,27,52,2023-12-29,,Returned
6103,9910,2,2024-05-17,2,Completed
6104,2254,21,2023-04-07,3,Completed
6105,3643,9,2024-06-10,1,Completed
6106,3656,88,2024-02-16,2,Completed
6107,9476,48,2024-01-10,3,
6108,1087,39,2023-12-14,1,Completed
6109,8023,42,2023-08-31,3,Completed
6110,2016,71,2023-07-20,3,Pending
6111,5068,94,2023-05-31,1,Cancelled
6112,9908,45,2023-04-08,4,Cancelled
6113,7124,2,2023-07-27,1,Completed
6114,9919,76,2023-03-24,1,Completed
6115,7085,77,2024-07-08,,Returned
6116,9100,67,2023-02-05,1,Cancelled
6117,3464,43,2023-08-23,4,Completed
6118,4342,18,2023-12-15,3,Completed
6119,6422,39,2024-07-30,3,Pending
6120,4468,6,2023-01-10,3,
6121,9001,42,2024-04-29,1,Cancelled
6122,2897,52,2023-08-12,3,Cancelled
6123,3129,27,2023-01-11,,Completed
6124,4256,79,2024-08-05,1,
6125,9343,15,2023-05-29,2,Cancelled
6126,6881,19,2023-05-14,2,Completed
6127,1335,62,2024-04-08,1,Completed
6128,8710,64,2023-11-23,3,
6129,7079,51,2024-02-01,3,Pending
6130,1289,47,2023-08-21,1,Completed
6131,8938,57,2024-08-21,3,Completed
6132,5648,20,2024-05-02,2,Completed
6133,5929,20,2024-01-05,1,Returned
6134,4803,82,2023-08-17,4,Completed
6135,698,64,2023-06-06,1,Returned
6136,475,98,2023-04-23,2,Completed
6137,7697,99,2023-11-11,2,Completed
6138,6533,38,2023-07-02,3,Completed
6139,8703,38,2023-10-12,1,Cancelled
6140,8730,65,2023-09-25,4,Completed
6141,2945,76,2023-11-26,,Cancelled
6142,5633,5,2024-03-27,2,Completed
6143,5385,64,2023-07-26,1,Returned
6144,1367,27,2024-05-26,4,Returned
6145,1062,20,2023-06-05,,Completed
6146,2308,60,2023-02-05,3,Completed
6147,308,40,2024-07-16,2,Cancelled
6148,9189,83,2023-03-02,1,Completed
6149,9477,79,2023-01-02,1,Pending
6150,9322,6,2024-06-29,1,Completed
6151,304,73,2024-04-07,1,Returned
6152,6487,36,2024-01-09,,Completed
6153,5567,87,2023-01-19,3,Returned
6154,5158,74,2024-04-16,1,Cancelled
6155,3892,65,2023-01-05,2,Completed
6156,9047,11,2023-07-31,1,Pending
6157,9938,49,2024-03-02,3,Pending
6158,5725,84,2023-09-06,2,Pending
6159,6281,28,2023-10-13,1,Completed
6160,5351,22,2024-01-23,1,Completed
6161,9010,84,2023-02-14,3,Completed
6162,9165,47,2024-02-16,2,Completed
6163,4134,80,2023-08-02,2,Completed
6164,9371,66,2023-09-12,4,Completed
6165,105,25,2024-06-24,3,Completed
6166,8447,91,2024-05-18,2,Completed
6167,7572,67,2024-03-05,,Completed
6168,6602,87,2023-08-24,1,Completed
6169,6672,32,2024-08-16,1,Cancelled
6170,8783,17,2023-08-11,,Cancelled
6171,8717,40,2023-07-31,4,Completed
6172,8562,84,2024-05-31,1,Completed
6173,2964,30,2023-03-26,,Completed
6174,8856,59,2023-02-05,1,Completed
6175,690,28,2024-06-03,4,Cancelled
6176,6744,47,2023-07-10,1,Cancelled
6177,2589,23,2023-05-08,1,Completed
6178,1536,83,2024-04-23,2,Cancelled
6179,2029,57,2023-01-13,4,Pending
6180,1857,89,2024-07-22,4,Completed
6181,3187,88,2023-07-01,,Completed
6182,2770,1,2023-09-13,2,Completed
6183,6086,92,2024-08-18,2,Completed
6184,6487,29,2024-04-10,1,Completed
6185,7242,50,2023-12-14,1,Completed
6186,2988,64,2024-01-30,2,Completed
6187,8136,99,2023-03-16,4,Completed
6188,6091,81,2023-02-08,4,Cancelled
6189,9341,75,2024-01-05,1,Completed
6190,781,37,2024-05-13,3,Completed
6191,4406,61,2024-08-01,4,Completed
6192,2154,7,2024-01-11,2,Completed
6193,8748,90,2023-11-20,3,Completed
6194,3297,87,2024-08-06,2,Completed
6195,3314,64,2024-08-05,,Completed
6196,4493,18,2024-04-16,1,Completed
6197,6297,29,2023-11-30,2,Cancelled
6198,2584,98,2023-03-05,1,Cancelled
6199,3044,60,2023-02-06,4,Cancelled
6200,7570,54,2023-02-22,1,Returned
6201,5980,72,2023-11-11,2,Pending
6202,1170,21,2024-05-28,3,Completed
6203,3263,21,2023-01-30,2,Completed
6204,7037,58,2023-08-04,2,Completed
6205,6727,49,2023-11-26,1,Completed
6206,4023,36,2024-07-26,1,Cancelled
6207,8393,17,2023-06-29,,Cancelled
6208,1891,80,2024-04-10,3,Completed
6209,8204,53,2023-01-05,4,Returned
6210,5172,15,2024-06-06,2,Returned
6211,9518,79,2024-08-19,1,Completed
6212,6665,40,2023-04-26,1,Cancelled
6213,7308,81,2023-01-27,1,Pending
6214,6244,51,2024-07-28,4,Completed
6215,3557,65,2024-06-28,3,Completed
6216,7305,13,2024-08-20,2,Returned
6217,4967,38,2023-03-17,4,Completed
6218,366,74,2023-02-16,2,
6219,8052,97,2023-12-11,,Cancelled
6220,657,26,2024-01-15,1,Completed
6221,8353,76,2024-08-20,,Completed
6222,8367,83,2024-03-06,4,Completed
6223,3471,15,2024-01-29,2,Cancelled
6224,4061,5,2024-06-30,3,Completed
6225,5600,2,2024-01-29,4,Completed
6226,545,78,2024-07-25,2,Pending
6227,6427,93,2024-04-04,1,Returned
6228,1762,65,2024-05-03,,Completed
6229,957,77,2023-07-29,2,Pending
6230,8644,60,2023-02-10,2,Returned
6231,8177,96,2023-12-19,1,Pending
6232,7792,98,2024-06-14,1,Completed
6233,8274,56,2024-08-16,4,Completed
6234,1237,78,2024-07-14,2,Completed
6235,4912,38,2023-08-09,,Completed
6236,6278,57,2024-04-27,3,Pending
6237,447,51,2024-08-23,,Completed
6238,2166,41,2024-07-28,1,Completed
6239,1620,79,2023-10-17,1,Completed
6240,1794,70,2023-03-10,2,Completed
6241,9366,93,2023-06-30,1,Completed
6242,6006,83,2023-03-29,3,Completed
6243,646,52,2023-03-07,3,Completed
6244,379,1,2024-05-04,2,Completed
6245,2656,85,2023-10-20,1,Pending
6246,7110,18,2023-12-18,1,Returned
6247,3585,27,2023-09-05,1,Completed
6248,1141,92,2023-09-13,3,Completed
6249,3736,72,2023-12-27,1,Completed
6250,662,95,2023-11-28,,Pending
6251,5437,76,2023-01-16,3,Cancelled
6252,8204,42,2023-02-20,4,Completed
6253,5210,6,2024-07-16,2,Pending
6254,388,90,2023-02-28,,Returned
6255,3024,80,2023-06-07,3,Completed
6256,4736,94,2024-06-30,2,Completed
6257,8292,83,2024-05-04,1,Cancelled
6258,6472,82,2023-05-09,4,Completed
6259,2772,24,2023-09-28,2,Completed
6260,4170,45,2023-07-03,1,Cancelled
6261,7264,84,2023-10-12,1,Returned
6262,6236,71,2023-03-08,1,
6263,4020,7,2023-11-15,2,Completed
6264,4271,16,2023-12-16,3,Cancelled
6265,5857,58,2024-06-18,2,Pending
6266,35,57,2023-11-20,3,Cancelled
6267,7619,42,2024-07-24,2,Cancelled
6268,3381,14,2024-02-11,1,Completed
6269,5477,56,2024-04-25,1,Returned
6270,7544,12,2024-03-15,4,Completed
6271,3177,93,2023-05-22,1,Completed
6272,8368,15,2024-01-04,4,Pending
6273,2154,8,2024-05-12,1,
6274,4688,58,2024-08-19,3,Completed
6275,1587,53,2024-08-18,3,Returned
6276,8057,9,2023-04-04,1,Completed
6277,5423,46,2023-10-27,3,Completed
6278,3659,92,2023-07-17,2,Completed
6279,953,91,2023-06-11,3,
6280,6271,7,2024-05-09,4,Completed
6281,5366,44,2023-01-20,1,Completed
6282,2872,14,2024-08-08,3,Completed
6283,2979,75,2023-03-22,1,Completed
6284,2971,96,2023-12-05,2,Completed
6285,4909,92,2023-03-03,1,Pending
6286,1960,6,2024-06-04,2,Completed
6287,5183,35,2023-01-13,1,Completed
6288,806,70,2023-01-21,3,Completed
6289,3101,61,2023-05-08,2,Completed
6290,1576,24,2024-02-16,4,Returned
6291,8792,73,2024-05-31,3,Pending
6292,2616,2,2023-10-06,3,Completed
6293,8804,78,2023-05-09,1,Pending
6294,5627,51,2023-03-26,1,Completed
6295,8753,31,2023-09-06,,Pending
6296,627,94,2023-05-25,2,Pending
6297,6885,27,2024-02-22,2,Completed
6298,2812,100,2023-06-16,1,Cancelled
6299,1611,31,2024-04-27,1,Pending
6300,8867,70,2024-02-18,,Completed
6301,49,43,2024-01-06,3,Completed
6302,1387,82,2023-01-13,2,Completed
6303,1903,52,2023-05-13,,Completed
6304,4723,14,2023-08-24,3,Returned
6305,4373,59,2024-04-24,3,Completed
6306,3843,20,2024-05-07,2,Pending
6307,7070,52,2024-01-25,2,Completed
6308,4312,75,2023-06-24,1,Completed
6309,8422,40,2024-07-09,3,Returned
6310,7807,68,2023-02-04,1,Completed
6311,6467,44,2024-07-24,4,Completed
6312,7998,6,2024-07-05,1,Completed
6313,6369,87,2024-02-10,1,Completed
6314,1686,57,2024-01-30,,Cancelled
6315,9503,58,2023-09-12,2,Completed
6316,8140,72,2023-03-09,1,Pending
6317,5134,30,2023-11-30,,Pending
6318,8825,100,2023-03-19,2,Completed
6319,2423,52,2024-04-05,1,Completed
6320,2751,11,2023-04-06,2,Completed
6321,8525,47,2023-10-18,3,Returned
6322,6310,5,2023-01-13,2,Cancelled
6323,8699,3,2024-06-24,,Completed
6324,4213,15,2023-08-25,1,Completed
6325,943,2,2024-02-17,1,Completed
6326,8828,2,2024-02-26,1,Completed
6327,9782,72,2023-08-17,1,Completed
6328,1463,54,2024-05-02,2,Returned
6329,7472,46,2023-01-31,4,Completed
6330,1992,94,2024-05-24,2,Completed
6331,5391,41,2024-03-02,1,Pending
6332,9927,69,2024-06-16,4,Pending
6333,113,30,2023-01-20,2,Completed
6334,7184,44,2023-07-29,2,Returned
6335,2264,10,2024-06-11,1,Completed
6336,8619,97,2023-02-26,1,Pending
6337,5255,88,2023-02-04,1,Pending
6338,9259,83,2024-04-08,1,Returned
6339,2812,30,2023-05-11,2,Completed
6340,834,89,2024-01-09,1,Completed
6341,7228,75,2023-09-16,1,Completed
6342,8422,49,2023-05-30,2,Cancelled
6343,4255,35,2024-06-03,4,Completed
6344,9016,65,2023-07-22,3,Cancelled
6345,2519,17,2023-08-21,1,Completed
6346,3668,31,2023-09-10,1,Returned
6347,9297,70,2023-12-04,3,Cancelled
6348,1042,77,2023-04-30,3,Completed
6349,5113,52,2023-11-18,3,Returned
6350,708,26,2023-05-17,1,Completed
6351,7459,100,2023-02-11,1,Completed
6352,1384,5,2023-02-28,4,Completed
6353,1303,14,2024-02-13,4,Completed
6354,7119,51,2024-07-31,2,Completed
6355,8869,15,2023-02-22,,Completed
6356,2565,12,2023-08-02,2,Completed
6357,9756,46,2023-07-13,4,Pending
6358,1261,64,2024-03-15,2,Completed
6359,3204,72,2024-01-07,3,Completed
6360,358,59,2023-10-17,3,Cancelled
6361,5405,95,2024-05-09,1,Cancelled
6362,5413,26,2023-11-12,1,Completed
6363,3235,29,2023-06-28,2,Completed
6364,8084,4,2023-06-10,1,Completed
6365,419,50,2023-06-29,2,Cancelled
6366,7907,92,2024-07-07,2,Completed
6367,5588,25,2024-05-05,1,Completed
6368,3956,40,2024-05-03,3,Completed
6369,1594,32,2023-07-14,1,Completed
6370,4603,100,2023-10-03,1,Completed
6371,9578,75,2023-02-04,3,Returned
6372,245,37,2023-01-29,2,Completed
6373,4573,10,2023-08-17,1,Cancelled
6374,615,38,2023-05-17,1,Cancelled
6375,250,61,2024-01-24,3,Completed
6376,6621,100,2024-04-09,1,Completed
6377,9788,27,2024-02-23,,Returned
6378,5870,81,2024-01-10,4,Pending
6379,5972,7,2023-06-29,1,Completed
6380,511,73,2023-03-16,4,Completed
6381,5969,99,2023-09-05,2,Cancelled
6382,4870,9,2024-01-24,2,Completed
6383,9558,59,2024-07-21,1,Completed
6384,7506,36,2024-07-20,1,Pending
6385,7648,30,2024-02-29,4,Cancelled
6386,9116,95,2023-02-25,3,Returned
6387,74,19,2024-08-14,2,Returned
6388,9001,41,2023-03-23,1,Completed
6389,2879,55,2024-06-28,,Completed
6390,5142,87,2024-03-10,2,Completed
6391,2127,84,2023-12-21,2,Returned
6392,2205,6,2023-08-13,1,Completed
6393,6471,88,2023-10-27,4,Cancelled
6394,3680,22,2024-06-10,2,Completed
6395,8090,70,2024-03-24,1,Cancelled
6396,985,24,2023-02-10,2,Cancelled
6397,1299,62,2023-01-01,4,Returned
6398,7549,42,2023-12-26,2,Completed
6399,7188,22,2024-05-26,3,Cancelled
6400,3956,82,2023-03-24,2,Pending
6401,5714,16,2023-10-24,3,Completed
6402,3688,100,2024-03-25,3,
6403,3046,13,2023-09-09,3,Completed
6404,9052,37,2023-09-20,3,Pending
6405,6717,52,2023-04-01,1,Pending
6406,2086,24,2024-07-09,4,Returned
6407,6534,83,2023-07-02,3,Completed
6408,2728,84,2024-08-16,2,Completed
6409,377,91,2024-05-22,1,Completed
6410,6993,17,2024-02-10,4,Returned
6411,5701,16,2023-06-18,2,Completed
6412,4691,1,2024-06-02,1,Completed
6413,2795,85,2023-10-08,,Returned
6414,1066,91,2024-07-13,1,Completed
6415,3683,1,2024-01-12,2,Returned
6416,7638,30,2023-03-21,3,Completed
6417,1052,84,2023-02-21,,Completed
6418,8821,24,2023-01-20,1,Cancelled
6419,8081,46,2023-05-29,3,Returned
6420,2374,2,2024-01-15,2,Completed
6421,6763,15,2023-12-18,1,Completed
6422,8059,29,2024-01-17,,
6423,6469,99,2023-03-12,4,Completed
6424,3975,62,2023-09-25,4,Completed
6425,9376,13,2023-03-29,4,Completed
6426,6660,83,2024-01-29,3,Pending
6427,7829,65,2023-05-09,2,Completed
6428,4842,45,2023-05-24,2,Completed
6429,9470,47,2023-05-29,3,Cancelled
6430,1952,16,2023-12-03,3,Completed
6431,3922,3,2023-12-01,2,Completed
6432,3425,70,2023-01-13,3,
6433,6726,95,2023-06-13,3,Completed
6434,9518,5,2023-03-29,,Cancelled
6435,1172,26,2023-06-30,4,Completed
6436,3770,92,2023-07-19,1,Pending
6437,3632,15,2023-06-11,2,Completed
6438,2311,73,2023-05-17,3,Cancelled
6439,2344,55,2024-05-14,1,Completed
6440,3387,22,2023-04-04,,Completed
6441,3068,37,2023-04-05,1,Completed
6442,2340,85,2024-07-08,3,Completed
6443,684,29,2023-11-30,,Completed
6444,9068,26,2023-02-16,3,Completed
6445,1055,70,2023-07-01,3,Returned
6446,7212,11,2024-04-16,,Cancelled
6447,2603,100,2024-03-10,4,Completed
6448,4015,20,2024-06-26,,Completed
6449,7302,84,2023-08-01,3,Completed
6450,349,91,2024-06-05,3,Completed
6451,1023,70,2023-03-31,4,Cancelled
6452,8642,33,2023-11-23,1,Completed
6453,504,30,2023-12-09,4,Completed
6454,8278,50,2023-11-25,,Pending
6455,523,34,2024-07-14,3,Completed
6456,2509,5,2024-07-19,1,Completed
6457,8822,80,2023-10-06,1,Returned
6458,18,12,2023-12-22,1,Completed
6459,7424,76,2024-07-15,2,Cancelled
6460,1269,75,2023-01-25,2,Completed
6461,1177,52,2024-01-15,,Completed
6462,1633,51,2023-10-18,,Cancelled
6463,3614,21,2024-04-05,2,Completed
6464,115,71,2023-10-28,4,Completed
6465,8945,58,2023-04-08,3,Completed
6466,6591,98,2023-05-19,1,Returned
6467,2401,64,2024-01-22,,Completed
6468,6769,93,2023-12-18,1,
6469,2589,6,2024-07-01,4,
6470,322,100,2024-02-04,3,Completed
6471,7627,98,2023-02-23,3,Completed
6472,834,49,2024-06-18,4,Completed
6473,8404,72,2023-01-23,2,Completed
6474,9449,37,2023-08-17,4,Cancelled
6475,159,10,2023-02-21,3,Cancelled
6476,2620,80,2023-06-20,,Completed
6477,1348,66,2024-03-28,3,Cancelled
6478,3165,56,2023-11-08,2,Returned
6479,6814,83,2024-01-19,4,Cancelled
6480,911,71,2024-01-10,2,Completed
6481,7167,66,2023-09-24,4,Completed
6482,2452,45,2023-04-03,4,Cancelled
6483,404,87,2023-09-18,3,Cancelled
6484,1691,95,2024-07-05,4,Cancelled
6485,3486,68,2023-09-15,2,Completed
6486,9449,64,2023-05-03,1,Completed
6487,4289,16,2023-09-12,3,Completed
6488,9835,10,2023-08-15,4,Returned
6489,8117,21,2024-06-14,1,Cancelled
6490,523,92,2023-09-21,4,
6491,4446,12,2023-07-02,3,Pending
6492,6460,13,2024-05-28,1,Completed
6493,7087,81,2023-09-20,2,
6494,1945,82,2024-06-22,1,Completed
6495,3572,10,2023-03-04,2,Completed
6496,1561,92,2024-05-31,4,Completed
6497,4748,13,2023-01-20,1,Completed
6498,7155,34,2024-04-03,2,Returned
6499,593,59,2024-01-23,3,Completed
6500,5328,49,2024-05-03,,Returned
6501,756,6,2023-05-15,3,Cancelled
6502,9492,12,2024-05-22,1,Returned
6503,497,29,2023-07-19,,Completed
6504,2422,77,2023-11-02,2,Completed
6505,1599,26,2024-08-05,2,Cancelled
6506,4128,68,2024-04-05,1,Completed
6507,7017,79,2023-10-02,,Returned
6508,5552,16,2024-07-31,3,Returned
6509,3591,53,2023-06-23,,Completed
6510,462,19,2024-07-06,1,Completed
6511,4967,47,2024-07-17,2,Completed
6512,8560,90,2023-08-21,1,Pending
6513,166,32,2023-09-25,2,Completed
6514,1729,70,2024-06-05,4,Cancelled
6515,7697,70,2024-02-07,1,Completed
6516,4698,61,2023-08-12,1,Completed
6517,2174,5,2023-03-18,3,Completed
6518,38,59,2023-11-13,1,Completed
6519,4444,2,2023-09-25,2,Completed
6520,7487,2,2023-11-18,2,Cancelled
6521,2022,3,2023-03-17,4,Completed
6522,6881,70,2023-07-12,1,Pending
6523,8926,95,2023-03-15,4,Returned
6524,4522,43,2023-05-21,3,Returned
6525,8840,5,2023-12-23,1,Completed
6526,3303,50,2024-07-31,1,Completed
6527,8512,10,2023-04-18,,Completed
6528,4608,27,2023-12-14,3,Pending
6529,6369,24,2024-04-27,2,Completed
6530,9915,22,2024-05-10,1,Completed
6531,9949,89,2024-07-11,1,Cancelled
6532,5874,3,2024-02-23,3,Completed
6533,7499,16,2024-06-02,2,Cancelled
6534,7173,30,2024-05-30,4,Completed
6535,5636,43,2024-03-10,4,Completed
6536,3848,4,2023-04-08,2,Cancelled
6537,9130,40,2024-04-06,1,Pending
6538,765,16,2024-04-19,4,Pending
6539,6307,72,2024-03-18,3,Completed
6540,653,88,2023-01-21,,Completed
6541,7045,16,2024-03-13,4,Completed
6542,3965,91,2023-10-16,2,Pending
6543,4612,66,2023-05-22,2,Completed
6544,5760,55,2024-03-27,1,Pending
6545,8379,20,2024-07-06,2,Completed
6546,146,51,2024-01-12,3,Completed
6547,5102,84,2023-01-14,3,Pending
6548,4248,84,2023-01-05,2,Pending
6549,9579,83,2023-06-29,4,Returned
6550,4189,57,2024-02-21,1,Completed
6551,2697,51,2024-03-21,1,Completed
6552,8241,18,2023-03-04,2,Cancelled
6553,3330,77,2023-03-25,3,Cancelled
6554,3482,81,2024-04-05,3,Pending
6555,8967,59,2023-12-10,2,Completed
6556,4642,97,2024-08-18,3,Completed
6557,5560,28,2023-03-25,1,Cancelled
6558,1261,69,2024-07-30,1,Completed
6559,650,28,2023-04-21,3,Completed
6560,3049,89,2023-08-26,1,Completed
6561,2024,84,2023-03-26,1,Cancelled
6562,9273,85,2023-02-26,1,Completed
6563,4271,13,2023-05-28,2,Pending
6564,5334,6,2024-05-31,4,Completed
6565,2075,29,2024-03-18,4,Completed
6566,6038,9,2024-04-01,4,Completed
6567,2313,29,2023-03-28,1,
6568,3475,38,2023-06-07,,Cancelled
6569,3261,65,2024-04-23,2,Completed
6570,4839,56,2023-11-11,4,Pending
6571,5619,30,2024-03-07,,Cancelled
6572,1351,96,2023-06-14,2,Completed
6573,9286,59,2024-06-05,1,Completed
6574,6049,87,2024-01-20,3,
6575,7932,58,2023-07-18,2,Cancelled
6576,8142,10,2023-10-08,1,Completed
6577,7324,21,2023-06-28,1,Pending
6578,5778,56,2023-03-12,3,Completed
6579,1855,26,2023-02-13,1,Cancelled
6580,2267,15,2023-06-26,4,Cancelled
6581,561,81,2024-08-11,1,Cancelled
6582,7547,35,2023-05-06,2,Cancelled
6583,4988,89,2024-04-06,1,Completed
6584,7208,15,2023-05-02,4,Returned
6585,6487,97,2023-06-25,3,Pending
6586,2384,75,2024-06-04,1,Completed
6587,6148,88,2023-07-16,3,Completed
6588,7665,6,2024-01-31,1,Completed
6589,1684,28,2023-01-09,4,Returned
6590,9391,63,2023-11-11,2,Cancelled
6591,1010,29,2023-11-28,1,Cancelled
6592,9964,48,2023-03-22,3,Cancelled
6593,9900,63,2023-08-04,1,Completed
6594,2273,58,2023-06-30,3,Completed
6595,2613,21,2023-06-08,3,Completed
6596,7425,76,2024-05-07,4,Completed
6597,7227,22,2024-01-21,4,Completed
6598,6064,27,2023-05-24,3,Completed
6599,4342,85,2023-03-30,2,Completed
6600,1543,79,2023-02-08,4,Completed
6601,1238,57,2024-03-11,4,Completed
6602,5710,82,2024-05-22,4,
6603,9917,10,2023-08-07,,Returned
6604,2264,22,2023-06-02,,Completed
6605,283,44,2024-07-15,1,Completed
6606,7999,84,2024-08-22,1,Cancelled
6607,7741,83,2023-09-10,2,
6608,3287,28,2023-12-26,,Completed
6609,8364,50,2023-01-11,1,Completed
6610,1883,51,2023-01-28,3,Completed
6611,6188,1,2024-02-03,4,Pending
6612,2276,34,2023-06-16,,Completed
6613,6875,35,2024-08-03,3,Completed
6614,7503,90,2023-10-07,2,Completed
6615,8793,61,2024-08-19,1,Completed
6616,3791,30,2023-05-27,,Completed
6617,2024,76,2023-08-25,,Pending
6618,467,78,2023-08-15,4,Pending
6619,3951,68,2023-08-29,,Completed
6620,3890,76,2024-01-08,1,Returned
6621,2593,88,2023-02-06,3,Completed
6622,6633,40,2023-07-31,1,Completed
6623,9212,95,2024-01-13,4,Returned
6624,6359,65,2024-03-27,1,Completed
6625,1548,37,2023-12-19,1,Completed
6626,7170,64,2024-03-01,4,Completed
6627,4750,1,2023-09-06,3,Completed
6628,4437,15,2023-05-23,,Returned
6629,704,13,2024-03-25,3,Cancelled
6630,6551,29,2023-09-26,2,Completed
6631,9045,55,2024-01-22,2,Completed
6632,8498,45,2023-01-26,,Pending
6633,7637,4,2023-09-14,3,Completed
6634,9980,64,2024-04-19,4,Completed
6635,9066,15,2023-05-30,1,Returned
6636,1582,48,2023-11-09,2,Pending
6637,3958,76,2023-11-25,,Completed
6638,4591,56,2023-05-21,1,Completed
6639,3333,89,2023-03-13,2,Completed
6640,1686,91,2024-01-13,2,
6641,9798,70,2024-07-07,3,Returned
6642,7532,87,2024-02-11,1,Returned
6643,6912,15,2024-02-25,3,Completed
6644,5732,39,2024-03-27,,Pending
6645,896,69,2023-05-29,1,Completed
6646,8033,87,2024-02-07,2,Pending
6647,2347,79,2024-01-08,1,Cancelled
6648,3532,89,2024-01-04,2,Returned
6649,1862,60,2023-02-01,2,Completed
6650,4853,94,2023-09-21,3,Cancelled
6651,31,44,2024-02-15,1,Completed
6652,243,43,2024-03-14,2,Completed
6653,6919,4,2023-07-13,3,Completed
6654,9691,77,2023-03-02,,Cancelled
6655,5512,50,2024-05-30,1,Completed
6656,5509,39,2023-09-09,3,Completed
6657,4669,54,2023-08-05,2,Completed
6658,6088,23,2024-08-23,1,Completed
6659,7016,60,2024-03-25,3,Completed
6660,7637,80,2023-12-28,3,Cancelled
6661,6663,35,2023-04-14,3,Completed
6662,4004,54,2023-05-09,1,
6663,9852,58,2024-06-17,4,Completed
6664,599,62,2023-09-14,1,Completed
6665,2196,80,2023-06-09,1,Completed
6666,70,48,2023-10-05,3,Pending
6667,8140,7,2023-05-31,1,Completed
6668,9586,45,2024-04-15,1,Pending
6669,3660,13,2023-02-10,2,Completed
6670,9842,53,2024-03-25,3,Returned
6671,5635,93,2024-02-28,2,Pending
6672,2282,39,2023-10-27,3,Completed
6673,6823,84,2024-01-16,4,Completed
6674,3683,93,2023-05-29,,Pending
6675,2684,18,2023-05-15,1,Returned
6676,4563,22,2024-08-10,3,Completed
6677,4653,36,2024-06-10,1,Pending
6678,4932,53,2023-05-24,4,Cancelled
6679,9503,100,2023-08-20,4,Completed
6680,4714,72,2023-06-13,2,Completed
6681,5414,3,2024-03-07,3,Completed
6682,5601,62,2023-11-11,4,Completed
6683,4104,29,2023-09-11,2,Completed
6684,2076,73,2024-07-03,3,Pending
6685,783,8,2024-07-28,4,Pending
6686,3807,94,2023-05-19,4,Completed
6687,9526,76,2024-03-09,2,Completed
6688,1058,46,2023-08-09,,Returned
6689,2055,92,2023-05-26,3,Returned
6690,2110,56,2024-05-06,1,Completed
6691,7284,49,2023-11-09,3,Completed
6692,1321,43,2023-08-19,1,Pending
6693,7850,10,2023-01-17,2,Cancelled
6694,4418,13,2023-07-18,4,Completed
6695,3700,57,2024-03-28,,Cancelled
6696,733,2,2023-01-02,4,Cancelled
6697,6563,65,2024-01-29,2,Pending
6698,3550,86,2024-08-20,2,Pending
6699,6164,97,2024-06-29,,Completed
6700,6556,80,2023-11-27,,Completed
6701,5379,42,2024-02-07,,Completed
6702,8797,58,2023-06-10,2,Completed
6703,1723,93,2024-05-07,4,Completed
6704,2813,10,2023-09-26,4,Pending
6705,9774,63,2023-11-01,1,Cancelled
6706,7538,71,2023-05-01,1,Completed
6707,2279,61,2023-01-27,4,Pending
6708,2351,1,2023-09-02,2,Pending
6709,3624,26,2024-05-04,1,Pending
6710,6531,5,2024-04-10,1,Returned
6711,715,35,2024-06-01,2,Completed
6712,925,13,2024-05-17,1,Cancelled
6713,3163,27,2024-03-16,1,Completed
6714,4154,12,2024-07-22,1,Cancelled
6715,4530,94,2023-07-05,4,Completed
6716,2570,50,2024-08-21,1,Pending
6717,2816,96,2023-03-19,2,Pending
6718,6973,59,2024-05-14,2,Completed
6719,4579,31,2024-07-18,4,Returned
6720,4463,69,2024-07-17,1,Pending
6721,889,37,2023-01-23,2,Completed
6722,5949,2,2024-01-20,1,Completed
6723,3479,71,2024-03-31,,Completed
6724,3590,65,2024-08-10,3,
6725,1724,3,2024-02-12,1,Pending
6726,1259,20,2023-11-12,4,Completed
6727,7027,2,2023-10-23,1,Completed
6728,8603,42,2023-02-11,2,Completed
6729,2231,43,2023-10-26,3,Completed
6730,7455,21,2023-07-15,2,Completed
6731,2061,45,2024-07-14,3,Completed
6732,3899,96,2024-06-01,1,Completed
6733,2614,20,2024-06-12,4,Completed
6734,7016,43,2023-10-06,2,Returned
6735,6699,50,2024-06-17,1,Completed
6736,1803,95,2023-10-03,3,Returned
6737,678,43,2023-02-22,,Cancelled
6738,8088,97,2023-08-11,2,Cancelled
6739,4714,24,2024-01-06,3,Pending
6740,7731,82,2023-04-11,3,Returned
6741,3005,84,2024-05-10,4,Completed
6742,8987,60,2023-10-21,1,Completed
6743,729,32,2024-05-29,3,Completed
6744,9886,5,2024-03-06,3,Completed
6745,4735,2,2024-01-09,1,Pending
6746,191,26,2023-04-20,2,Completed
6747,4995,25,2023-05-10,2,Completed
6748,3867,50,2023-02-10,4,Completed
6749,9682,86,2024-02-14,4,Pending
6750,6040,39,2023-03-03,1,Completed
6751,6446,86,2024-06-27,1,Completed
6752,8830,75,2024-01-02,3,Completed
6753,4046,11,2023-11-11,3,Completed
6754,6316,63,2023-11-06,1,Completed
6755,5625,68,2023-03-18,2,Pending
6756,4159,97,2023-03-25,4,Completed
6757,4112,18,2024-07-30,1,Pending
6758,6835,95,2023-07-25,2,
6759,9034,28,2023-06-10,3,Completed
6760,3952,42,2023-08-01,4,Completed
6761,5221,60,2023-05-02,3,Returned
6762,4059,22,2023-02-12,2,Completed
6763,3248,40,2023-09-22,,Pending
6764,1217,62,2023-01-29,1,Completed
6765,6093,3,2023-04-02,2,Completed
6766,7981,71,2024-01-31,2,Completed
6767,9091,63,2023-11-20,1,
6768,5587,20,2023-05-06,3,Returned
6769,7077,71,2024-04-02,1,Cancelled
6770,7941,71,2023-08-16,2,Pending
6771,2223,93,2023-06-14,2,
6772,9450,26,2023-08-15,4,Completed
6773,7980,41,2023-08-28,,Returned
6774,1515,3,2023-04-14,1,Returned
6775,8609,43,2024-06-09,,Completed
6776,2884,17,2024-04-11,,Completed
6777,3827,84,2024-03-31,1,Pending
6778,4340,98,2024-06-07,,Completed
6779,675,53,2023-05-20,3,Completed
6780,6290,52,2023-03-15,4,Completed
6781,103,33,2023-03-16,,Completed
6782,3994,80,2023-12-22,4,Cancelled
6783,3709,60,2023-06-05,2,Completed
6784,1496,87,2024-05-14,3,Completed
6785,3393,68,2024-06-27,2,Completed
6786,7538,56,2024-01-24,2,Completed
6787,2786,64,2024-04-25,1,Cancelled
6788,5820,97,2023-04-01,2,
6789,3660,8,2023-08-13,4,Completed
6790,4881,69,2023-01-12,4,Cancelled
6791,5589,33,2023-02-07,,
6792,4803,25,2023-03-05,1,Returned
6793,4892,71,2024-07-27,3,Completed
6794,3526,7,2023-06-15,3,Pending
6795,3518,59,2023-07-20,1,Pending
6796,4778,33,2024-06-23,2,Completed
6797,4190,41,2024-08-10,2,Completed
6798,6934,33,2023-08-10,,Pending
6799,6138,29,2023-02-03,,Cancelled
6800,6255,39,2023-05-17,4,Completed
6801,1914,57,2023-09-03,2,Cancelled
6802,7336,96,2024-03-11,1,Cancelled
6803,1151,93,2023-09-13,,Completed
6804,4138,64,2023-06-13,1,Completed
6805,4137,86,2024-03-28,2,Completed
6806,7730,66,2023-04-12,1,Completed
6807,1511,9,2023-02-15,,Completed
6808,3916,29,2023-03-30,1,Completed
6809,6326,97,2023-04-05,1,Completed
6810,3253,74,2024-08-16,4,Completed
6811,8936,28,2023-03-03,1,Completed
6812,3939,53,2024-02-11,,Cancelled
6813,2512,46,2024-01-12,2,Returned
6814,1074,39,2023-09-07,,Returned
6815,2193,76,2024-08-19,3,Completed
6816,8208,58,2023-03-11,3,Cancelled
6817,7384,86,2023-12-06,,Completed
6818,5172,54,2023-05-16,2,Completed
6819,8299,6,2023-02-21,2,Completed
6820,4315,45,2023-01-12,1,
6821,6481,40,2023-08-29,1,Completed
6822,2858,23,2024-05-02,4,Completed
6823,4350,98,2023-08-31,1,Cancelled
6824,1429,42,2024-04-14,2,Completed
6825,6724,38,2024-08-19,2,Completed
6826,6780,16,2023-12-05,3,Pending
6827,7857,74,2023-04-18,1,Cancelled
6828,7301,47,2023-09-18,4,Cancelled
6829,6646,21,2023-01-05,1,Completed
6830,7671,74,2023-11-24,4,Completed
6831,2922,75,2023-12-02,4,Cancelled
6832,8167,21,2024-04-12,1,Completed
6833,7245,25,2023-11-13,4,Completed
6834,879,61,2024-07-07,3,Completed
6835,8503,98,2024-03-09,4,Completed
6836,9307,54,2023-06-14,2,Completed
6837,1322,95,2024-02-19,1,Cancelled
6838,4376,91,2024-01-31,,Pending
6839,9159,89,2023-12-05,4,Completed
6840,8887,60,2024-08-23,1,Pending
6841,5006,42,2023-10-12,,Returned
6842,8463,61,2023-02-01,,Completed
6843,5637,32,2024-02-20,2,Completed
6844,5221,53,2024-01-26,1,Cancelled
6845,9604,44,2023-05-20,3,Completed
6846,3028,11,2023-07-08,,Returned
6847,3125,47,2024-05-09,1,Completed
6848,1754,90,2023-06-19,3,Completed
6849,8187,60,2023-11-01,3,Completed
6850,5100,36,2023-08-31,1,Completed
6851,4336,60,2023-07-20,2,Pending
6852,3286,33,2023-08-20,1,Completed
6853,8553,97,2023-10-11,3,Pending
6854,8926,42,2023-11-09,2,Cancelled
6855,852,100,2023-11-20,1,Pending
6856,860,13,2023-02-20,4,Returned
6857,1351,14,2023-04-02,2,Pending
6858,4919,58,2023-05-03,3,Completed
6859,5731,40,2023-08-17,4,Returned
6860,327,65,2023-01-13,1,Completed
6861,2121,5,2024-01-08,1,Completed
6862,994,30,2024-03-02,1,Cancelled
6863,5376,82,2023-02-19,2,Cancelled
6864,1767,45,2024-06-06,4,Completed
6865,9373,58,2023-07-12,4,Returned
6866,1965,39,2023-05-17,4,Completed
6867,6602,12,2023-02-25,4,Completed
6868,2782,34,2023-11-07,1,Completed
6869,7020,14,2023-11-02,2,Completed
6870,2906,38,2024-03-13,1,Completed
6871,8291,16,2023-07-15,1,Completed
6872,244,61,2024-08-23,2,Completed
6873,4038,59,2023-03-25,2,Returned
6874,7939,75,2023-12-01,3,Completed
6875,9693,97,2024-08-02,1,Completed
6876,5495,79,2023-07-30,3,Completed
6877,2710,74,2024-06-23,1,Cancelled
6878,7702,67,2023-03-11,2,
6879,7796,11,2023-06-29,2,Pending
6880,7089,11,2024-04-27,1,Completed
6881,1048,16,2023-01-10,2,Completed
6882,4379,38,2024-07-08,1,Completed
6883,9508,30,2024-06-09,2,Completed
6884,9579,41,2023-05-13,1,Completed
6885,6545,1,2024-04-03,,Completed
6886,6712,38,2023-07-21,1,Completed
6887,7222,98,2024-01-01,,
6888,9930,60,2023-12-28,2,
6889,8614,19,2023-02-13,2,Completed
6890,6993,98,2024-06-19,4,Completed
6891,8063,59,2023-07-23,3,Pending
6892,3802,100,2023-05-10,1,Completed
6893,5363,68,2024-02-19,1,
6894,5474,10,2024-08-07,4,Completed
6895,9604,17,2023-08-20,1,Completed
6896,4571,80,2024-01-26,3,Completed
6897,2453,85,2023-08-26,,Pending
6898,2084,92,2023-12-11,2,Returned
6899,9543,72,2023-03-01,1,Completed
6900,5164,29,2024-07-18,1,Cancelled
6901,4834,6,2024-01-04,1,Completed
6902,6802,94,2023-05-20,3,Completed
6903,3341,66,2024-03-02,3,Pending
6904,3845,63,2024-06-19,2,Completed
6905,640,31,2024-02-29,1,Returned
6906,9767,25,2023-07-09,1,
6907,8097,87,2023-04-03,,Completed
6908,8152,21,2024-03-30,1,Pending
6909,8378,16,2023-03-02,2,Completed
6910,5401,4,2023-11-04,1,Completed
6911,1319,46,2023-09-16,1,Completed
6912,8720,8,2023-06-19,,Cancelled
6913,3260,6,2024-03-13,1,Completed
6914,3484,53,2023-08-17,3,Pending
6915,3020,64,2024-08-09,2,Pending
6916,4780,91,2024-04-03,3,Completed
6917,9760,51,2023-01-21,4,Completed
6918,8767,100,2023-01-17,1,Cancelled
6919,1325,100,2024-08-04,1,Cancelled
6920,4405,63,2023-05-05,1,Completed
6921,9405,88,2024-03-10,2,Completed
6922,5938,6,2023-07-04,2,Pending
6923,1435,62,2024-07-23,,Completed
6924,8730,33,2024-05-16,1,Completed
6925,7555,2,2024-03-02,4,Cancelled
6926,4954,41,2023-11-25,1,Pending
6927,9767,16,2024-06-16,1,Completed
6928,8385,59,2023-10-31,3,Cancelled
6929,9379,9,2024-08-13,,Completed
6930,8667,69,2024-07-23,1,Cancelled
6931,4270,10,2023-11-03,1,Completed
6932,7379,94,2024-05-25,3,Cancelled
6933,2438,7,2024-04-30,4,Completed
6934,4553,93,2024-02-15,4,Returned
6935,1355,66,2024-02-01,1,Cancelled
6936,3401,20,2024-05-16,3,Pending
6937,7197,63,2023-12-04,2,Completed
6938,3755,4,2024-01-20,2,Cancelled
6939,6266,28,2023-08-07,1,Completed
6940,159,72,2023-06-23,1,Completed
6941,6742,35,2024-05-08,,Completed
6942,1838,2,2023-02-10,2,Completed
6943,4612,41,2023-07-26,1,Completed
6944,1026,28,2023-04-01,4,Returned
6945,7813,75,2023-03-15,3,Cancelled
6946,7247,100,2023-10-16,2,Completed
6947,659,73,2023-06-26,2,Completed
6948,678,1,2024-04-20,2,Completed
6949,4047,27,2023-12-12,1,
6950,3822,67,2024-01-23,,Completed
6951,2376,39,2023-03-23,2,Completed
6952,276,73,2023-02-22,4,Completed
6953,6860,40,2023-03-18,3,Completed
6954,1589,28,2024-05-28,3,Completed
6955,4582,85,2024-07-11,1,Completed
6956,246,92,2023-12-09,2,Pending
6957,9081,24,2023-01-03,3,Returned
6958,6671,82,2023-05-04,1,Cancelled
6959,8193,51,2024-04-16,3,Completed
6960,2185,56,2023-03-04,1,Completed
6961,3252,73,2023-11-21,4,Completed
6962,5864,26,2023-12-26,,Completed
6963,3052,88,2024-02-25,3,Completed
6964,9703,52,2023-07-18,1,Completed
6965,3772,6,2023-10-01,3,Returned
6966,9321,59,2024-01-25,3,Completed
6967,8890,12,2024-03-21,,Completed
6968,9281,63,2024-04-01,1,Completed
6969,2420,36,2024-08-15,4,Completed
6970,7397,9,2024-07-22,1,Returned
6971,2629,74,2024-06-26,4,Completed
6972,7310,67,2023-02-23,4,Cancelled
6973,686,29,2024-06-02,4,Completed
6974,2757,71,2023-10-22,3,Completed
6975,5024,90,2023-11-04,2,Completed
6976,9925,8,2023-05-20,4,Completed
6977,4836,43,2024-04-07,2,Cancelled
6978,1973,77,2024-01-27,1,
6979,711,35,2024-08-12,,Completed
6980,8517,83,2023-06-11,2,Cancelled
6981,5086,22,2023-10-02,3,Completed
6982,5647,80,2024-06-08,1,
6983,4894,79,2023-03-14,1,
6984,2595,66,2024-07-30,3,Completed
6985,1093,21,2023-08-10,3,
6986,2956,94,2024-04-16,2,Cancelled
6987,8404,71,2023-01-14,2,
6988,9774,95,2023-08-12,2,Returned
6989,9636,41,2023-02-03,4,Completed
6990,4144,41,2023-04-18,2,Returned
6991,8771,49,2023-07-13,,Cancelled
6992,7645,99,2023-02-15,1,Completed
6993,2998,4,2023-01-01,,Returned
6994,5209,98,2023-11-05,3,Cancelled
6995,9947,65,2023-02-02,2,
6996,2980,10,2023-03-07,1,Cancelled
6997,3606,94,2024-06-11,4,Completed
6998,422,96,2023-04-19,,
6999,611,67,2023-03-13,,Cancelled
7000,8638,10,2024-08-08,2,Completed
7001,9153,73,2023-04-25,1,Completed
7002,131,17,2023-10-13,2,Returned
7003,2648,67,2023-09-14,2,Completed
7004,6674,91,2023-10-05,1,Pending
7005,3730,53,2024-05-19,2,
7006,4432,35,2023-05-10,3,Completed
7007,1025,4,2024-03-27,3,Completed
7008,9845,68,2024-03-05,1,Completed
7009,7040,96,2024-07-24,1,Completed
7010,538,11,2023-01-14,2,Completed
7011,4592,44,2023-09-15,4,Completed
7012,3084,60,2024-03-13,,Returned
7013,508,70,2023-12-26,1,
7014,3925,62,2024-08-13,2,Completed
7015,8873,99,2024-06-06,2,Cancelled
7016,2613,32,2023-07-26,2,Completed
7017,4877,46,2023-01-12,1,Pending
7018,8952,23,2023-06-13,2,Completed
7019,4224,37,2023-10-17,1,Completed
7020,3148,90,2023-09-29,3,Completed
7021,2194,98,2024-02-22,2,Completed
7022,8083,75,2023-07-26,2,Completed
7023,2547,58,2024-06-07,3,Completed
7024,5062,85,2023-05-05,4,Completed
7025,4656,43,2023-01-15,1,Completed
7026,1223,88,2023-12-06,2,Completed
7027,7751,15,2023-06-24,4,Completed
7028,5020,67,2023-04-10,2,Returned
7029,3575,2,2023-01-09,2,Completed
7030,5724,71,2024-05-18,1,Completed
7031,6547,5,2023-11-10,4,Completed
7032,3024,53,2023-06-08,1,Completed
7033,3281,45,2023-06-11,3,Completed
7034,9264,93,2023-05-19,2,Completed
7035,541,41,2023-06-11,2,Completed
7036,511,63,2024-07-22,3,Cancelled
7037,6163,96,2024-07-18,3,Returned
7038,6703,94,2023-04-17,2,Completed
7039,345,72,2024-04-19,1,Completed
7040,5180,32,2024-01-11,2,Completed
7041,8084,2,2023-04-19,1,Completed
7042,6373,10,2023-02-17,1,Completed
7043,2481,43,2023-01-17,4,Cancelled
7044,8591,43,2023-06-13,3,Completed
7045,5820,67,2023-03-09,1,Completed
7046,6743,23,2023-10-20,1,Returned
7047,9487,98,2024-01-15,1,Pending
7048,6901,82,2023-08-09,4,Completed
7049,5639,97,2023-09-22,4,Completed
7050,5901,97,2024-08-13,2,Cancelled
7051,5524,60,2023-04-10,4,Returned
7052,3850,81,2024-03-05,,Completed
7053,1778,6,2024-03-22,,Cancelled
7054,8572,13,2024-03-30,,Pending
7055,3764,21,2023-06-19,4,Cancelled
7056,9854,95,2023-06-08,1,Completed
7057,3059,58,2023-07-18,1,Completed
7058,9499,85,2023-04-23,4,Completed
7059,2466,97,2023-02-23,2,Completed
7060,4452,28,2024-04-24,2,Returned
7061,16,70,2024-06-13,1,
7062,4411,8,2024-05-12,3,Completed
7063,2581,77,2023-12-24,2,Completed
7064,5136,98,2024-06-19,1,Completed
7065,7949,58,2023-04-23,3,Returned
7066,2593,40,2024-07-25,,Cancelled
7067,4790,86,2023-10-17,2,Completed
7068,8261,1,2024-03-03,3,Cancelled
7069,8603,77,2023-02-22,1,Cancelled
7070,7233,65,2024-04-01,1,Returned
7071,8094,10,2023-05-23,2,Completed
7072,919,60,2023-04-04,4,Cancelled
7073,4836,69,2023-08-22,,Cancelled
7074,9683,20,2023-08-06,3,Completed
7075,3344,62,2023-12-25,2,Completed
7076,2487,13,2023-03-20,4,Pending
7077,6874,58,2023-08-18,1,Completed
7078,273,37,2023-10-02,1,Completed
7079,4555,10,2024-02-03,4,Completed
7080,820,3,2023-03-09,4,Completed
7081,5293,34,2023-06-04,4,Completed
7082,2616,34,2023-05-14,3,Completed
7083,6070,30,2023-09-14,4,Returned
7084,5641,37,2023-08-04,1,
7085,3985,68,2024-08-17,1,Completed
7086,4891,34,2023-01-27,4,Cancelled
7087,7702,32,2024-02-28,2,Returned
7088,5192,85,2023-05-15,1,Cancelled
7089,2982,58,2024-03-07,4,Returned
7090,3040,24,2023-01-24,4,Pending
7091,4936,9,2023-03-13,2,Cancelled
7092,603,41,2023-08-06,2,Completed
7093,7460,24,2024-04-20,4,Completed
7094,7420,25,2024-04-06,4,Completed
7095,9625,36,2023-11-19,4,Completed
7096,8448,8,2023-08-09,3,Completed
7097,7693,93,2023-10-16,1,Pending
7098,2488,89,2023-12-03,2,
7099,1359,59,2023-09-26,2,Completed
7100,690,35,2023-08-27,1,Completed
7101,8500,38,2023-01-20,1,Completed
7102,6132,92,2023-10-30,1,Returned
7103,9889,83,2023-01-27,1,Pending
7104,3167,32,2023-07-05,2,Completed
7105,8601,51,2023-06-26,2,Completed
7106,826,28,2023-03-28,2,Cancelled
7107,1192,56,2023-03-05,2,Completed
7108,5648,99,2023-01-10,2,Completed
7109,6786,8,2023-04-26,1,Completed
7110,6814,41,2024-01-15,3,Completed
7111,9967,23,2023-01-03,3,Cancelled
7112,5642,54,2023-06-27,4,Completed
7113,534,23,2024-06-19,2,Pending
7114,6511,32,2023-05-17,3,Completed
7115,1208,10,2023-12-07,3,Completed
7116,8609,81,2023-10-20,2,Completed
7117,1238,35,2023-07-03,,Pending
7118,4944,99,2023-06-27,3,Returned
7119,4766,63,2023-02-25,2,
7120,4837,67,2023-10-10,3,Completed
7121,460,36,2024-05-05,,Returned
7122,8842,93,2023-11-01,,Completed
7123,120,49,2024-08-02,,Completed
7124,4769,46,2023-08-09,1,Completed
7125,5981,27,2024-08-01,2,Completed
7126,8510,31,2023-06-25,2,Completed
7127,6482,34,2023-10-18,2,Completed
7128,6299,76,2024-03-08,1,Completed
7129,9060,59,2023-01-26,4,
7130,3227,54,2023-11-17,3,Cancelled
7131,8586,89,2023-11-15,3,Completed
7132,2553,66,2023-07-10,2,Pending
7133,5379,30,2024-06-27,2,Completed
7134,3229,73,2023-02-20,4,Completed
7135,77,23,2023-07-07,2,Completed
7136,3411,9,2023-06-14,3,Completed
7137,409,84,2024-06-29,1,Completed
7138,4093,55,2023-11-03,2,Pending
7139,2268,1,2023-02-20,1,Completed
7140,8936,56,2023-11-20,1,Pending
7141,4529,39,2023-11-10,3,Completed
7142,5575,87,2023-07-06,1,Pending
7143,5774,18,2023-08-30,,Completed
7144,3835,42,2024-07-01,3,Completed
7145,3998,96,2024-03-05,3,Completed
7146,7308,73,2024-07-29,1,Completed
7147,9180,75,2023-04-13,1,Completed
7148,5618,65,2023-03-25,2,Completed
7149,2702,75,2023-06-28,,Completed
7150,3713,33,2023-11-19,1,Completed
7151,3908,30,2023-04-27,2,Completed
7152,8947,5,2023-02-22,1,Returned
7153,676,50,2023-06-16,4,Returned
7154,4928,65,2023-01-08,3,Completed
7155,5350,10,2024-01-30,1,Cancelled
7156,6169,60,2024-08-15,3,Completed
7157,9903,77,2023-03-11,,Pending
7158,3476,27,2023-08-30,2,Completed
7159,6817,72,2023-07-19,1,Completed
7160,542,28,2024-06-16,1,Returned
7161,165,45,2024-07-15,,Pending
7162,7093,52,2023-06-21,3,Returned
7163,985,66,2023-08-31,2,Completed
7164,2662,62,2024-05-16,1,Completed
7165,4469,76,2023-12-04,,Completed
7166,618,91,2023-09-09,3,Pending
7167,8261,77,2023-08-17,1,Completed
7168,5640,60,2024-02-02,1,Pending
7169,4197,86,2024-08-18,,
7170,1,40,2023-03-06,3,Completed
7171,8378,15,2024-08-18,1,Returned
7172,4439,95,2024-05-23,3,Completed
7173,4809,7,2024-05-04,2,Completed
7174,3080,39,2023-02-17,4,Cancelled
7175,6720,51,2023-07-07,1,Completed
7176,8328,99,2023-06-15,2,Completed
7177,6019,7,2024-05-28,1,Completed
7178,383,12,2024-02-25,1,Cancelled
7179,928,14,2023-11-19,1,Completed
7180,5060,34,2024-03-03,1,Completed
7181,561,39,2023-12-01,1,Completed
7182,1190,73,2024-06-13,4,
7183,898,64,2023-12-27,4,Cancelled
7184,2369,97,2023-11-11,1,Completed
7185,9931,12,2023-07-28,3,Completed
7186,4954,34,2024-03-06,3,Completed
7187,7899,27,2024-02-28,1,Completed
7188,4381,22,2023-09-09,1,Completed
7189,2399,18,2024-01-19,3,Completed
7190,6227,46,2024-02-01,2,Completed
7191,5744,44,2024-06-15,3,Cancelled
7192,9586,18,2024-08-19,3,Pending
7193,2589,37,2023-12-15,1,Completed
7194,6357,7,2024-07-22,3,Completed
7195,3686,68,2024-03-14,1,Cancelled
7196,9122,80,2023-05-21,2,Pending
7197,4310,86,2024-04-22,3,Completed
7198,4400,60,2023-04-30,4,Pending
7199,3227,48,2024-06-12,2,Returned
7200,1404,51,2023-12-02,1,Completed
7201,8392,100,2024-05-18,4,Completed
7202,2286,84,2024-08-14,4,Cancelled
7203,8863,95,2023-12-28,,Completed
7204,1729,52,2024-07-30,2,Completed
7205,1250,97,2023-01-24,1,Completed
7206,879,77,2023-05-29,,Completed
7207,2524,52,2023-03-25,2,Completed
7208,498,84,2024-04-13,1,Cancelled
7209,9170,54,2024-03-24,2,
7210,7703,41,2024-05-09,1,Completed
7211,7579,42,2023-06-06,2,Completed
7212,4880,22,2023-09-10,2,Completed
7213,539,39,2024-06-25,,Completed
7214,9093,23,2023-05-24,3,Completed
7215,1467,48,2024-07-01,2,Cancelled
7216,7715,33,2024-02-23,2,Completed
7217,1734,41,2024-07-16,3,Completed
7218,491,30,2024-04-09,4,Completed
7219,1710,78,2023-05-08,1,Completed
7220,9946,47,2023-05-04,3,Completed
7221,6712,100,2023-02-23,2,Completed
7222,1919,57,2023-10-28,3,Completed
7223,8167,72,2024-08-01,2,Cancelled
7224,6026,57,2024-01-24,1,Completed
7225,9679,62,2024-01-31,3,Returned
7226,6100,86,2023-04-22,3,Returned
7227,9693,57,2024-07-11,1,Completed
7228,198,68,2024-08-10,1,Returned
7229,9727,99,2024-01-27,1,Cancelled
7230,1714,72,2024-04-04,3,Completed
7231,9541,98,2024-07-22,2,
7232,4784,86,2024-07-24,4,Cancelled
7233,8103,25,2024-02-15,1,Completed
7234,3845,89,2024-06-20,2,Pending
7235,596,40,2023-11-02,2,Completed
7236,8331,17,2023-07-08,2,Cancelled
7237,1015,80,2024-07-22,2,Completed
7238,242,48,2023-12-09,2,Completed
7239,2364,39,2024-03-05,1,Completed
7240,733,15,2023-10-21,4,Cancelled
7241,135,17,2023-04-05,1,Completed
7242,3762,35,2024-01-23,2,Completed
7243,2627,33,2024-02-12,1,Completed
7244,7180,18,2024-08-08,3,Cancelled
7245,1511,30,2023-07-09,2,Completed
7246,2797,87,2024-03-07,1,Cancelled
7247,6908,37,2024-01-30,1,Completed
7248,4513,7,2023-10-25,1,Completed
7249,4303,74,2023-04-25,4,Pending
7250,1644,80,2024-06-05,4,Pending
7251,4407,28,2023-10-29,,Pending
7252,3365,87,2024-06-25,1,Returned
7253,6769,98,2024-08-06,1,Completed
7254,9592,18,2023-02-07,1,Completed
7255,9743,47,2023-05-18,1,Completed
7256,3412,23,2024-05-18,3,
7257,83,20,2024-04-27,,Completed
7258,5697,31,2024-06-09,1,Completed
7259,9672,14,2023-06-17,2,Completed
7260,2441,23,2023-09-24,2,Cancelled
7261,5761,2,2023-01-19,4,Completed
7262,1783,29,2024-01-29,3,Completed
7263,8797,50,2024-02-13,,Completed
7264,6427,73,2023-09-11,3,
7265,7907,59,2024-02-18,3,Completed
7266,8923,33,2024-07-11,1,Cancelled
7267,1361,48,2024-01-11,,Pending
7268,2079,44,2024-03-17,3,Pending
7269,978,12,2023-03-13,2,Completed
7270,7794,83,2023-02-14,2,Completed
7271,1638,42,2023-02-18,1,Returned
7272,3301,84,2023-07-01,1,Completed
7273,4005,95,2023-12-01,1,Cancelled
7274,583,35,2023-05-02,,Returned
7275,8652,41,2023-12-29,4,Returned
7276,8328,85,2024-06-03,4,Completed
7277,9170,55,2024-06-20,3,Completed
7278,8476,13,2023-03-19,2,Completed
7279,2399,39,2024-08-15,1,
7280,4113,91,2023-05-06,1,Completed
7281,1239,89,2024-01-09,,Completed
7282,3467,66,2024-06-08,1,Completed
7283,5519,35,2023-01-25,3,Returned
7284,5364,72,2023-04-04,3,Completed
7285,3167,33,2024-04-21,2,Returned
7286,780,89,2024-01-20,,Pending
7287,2135,85,2023-02-08,1,Completed
7288,2237,36,2023-06-29,4,Completed
7289,1640,13,2024-08-21,3,Completed
7290,8612,56,2023-07-30,,Completed
7291,3690,46,2023-12-16,,Completed
7292,4956,73,2023-05-22,1,Completed
7293,8399,99,2023-07-19,2,Completed
7294,7373,46,2023-05-07,4,Pending
7295,3391,100,2023-10-20,1,Completed
7296,7251,44,2024-03-19,2,Completed
7297,7250,46,2024-01-30,3,Completed
7298,3797,74,2023-12-12,3,Cancelled
7299,2535,69,2023-04-30,3,Returned
7300,2181,31,2023-05-18,3,Completed
7301,4307,24,2024-04-01,3,
7302,4228,32,2023-05-26,3,Completed
7303,9590,67,2023-08-20,,
7304,1447,16,2023-08-11,2,
7305,952,57,2023-09-25,1,Completed
7306,4022,84,2023-12-06,2,Completed
7307,5486,24,2023-04-01,,Completed
7308,1718,34,2024-06-13,1,Pending
7309,4243,52,2023-11-26,3,Returned
7310,3806,48,2023-03-27,2,Completed
7311,5914,87,2023-01-12,,Completed
7312,7476,53,2023-06-07,,Returned
7313,4811,55,2023-01-16,4,Completed
7314,1597,38,2023-01-24,1,Completed
7315,6595,2,2024-05-01,1,Completed
7316,3217,69,2023-06-16,1,Returned
7317,9099,82,2024-05-10,2,Returned
7318,5756,53,2024-04-30,1,Completed
7319,6284,50,2023-01-29,2,Completed
7320,1338,29,2023-03-18,1,Completed
7321,2975,74,2023-07-05,4,Cancelled
7322,4474,55,2023-01-06,4,Completed
7323,8553,61,2024-02-20,2,Completed
7324,6827,50,2024-07-14,,Returned
7325,5668,16,2023-01-14,1,Completed
7326,8765,87,2023-11-16,1,Completed
7327,8014,94,2024-07-17,1,Completed
7328,3045,70,2024-07-07,,Completed
7329,9777,44,2023-05-15,2,Completed
7330,5019,100,2023-07-24,,Completed
7331,2234,84,2023-12-25,1,Completed
7332,5638,16,2023-06-08,4,Completed
7333,7468,28,2023-11-17,2,Completed
7334,3247,57,2023-03-03,3,Completed
7335,4042,26,2024-06-04,,Completed
7336,1890,86,2023-10-23,,Completed
7337,7677,11,2023-11-12,4,Completed
7338,2656,1,2023-01-15,1,Completed
7339,3719,69,2023-09-28,3,Cancelled
7340,5536,43,2023-06-17,4,Completed
7341,9249,46,2024-07-16,2,Completed
7342,2130,36,2023-09-25,3,Cancelled
7343,9699,66,2024-02-06,1,Completed
7344,1631,57,2024-06-13,1,Completed
7345,5061,6,2024-08-02,3,Completed
7346,992,62,2023-09-17,2,Cancelled
7347,4591,27,2024-03-28,1,Cancelled
7348,9386,26,2023-06-24,1,Returned
7349,6867,99,2024-06-28,3,Returned
7350,8895,13,2024-01-06,3,Pending
7351,9223,76,2023-05-08,1,Completed
7352,4922,18,2024-08-13,,Completed
7353,8022,38,2023-02-13,1,Completed
7354,2482,6,2024-02-02,3,Completed
7355,8755,92,2023-05-16,1,Completed
7356,6282,28,2023-03-02,2,Returned
7357,8559,89,2023-12-14,3,Cancelled
7358,6250,5,2023-07-18,3,Returned
7359,794,59,2024-04-06,4,Completed
7360,4732,79,2024-05-03,4,Completed
7361,987,73,2023-02-07,1,Completed
7362,9150,45,2023-02-23,3,Cancelled
7363,3596,53,2023-09-29,2,Completed
7364,855,2,2023-07-30,4,Completed
7365,1570,49,2023-11-28,3,Completed
7366,2257,73,2023-11-30,1,Pending
7367,4104,90,2023-02-28,3,Pending
7368,4177,87,2023-09-03,,Pending
7369,7962,63,2023-07-15,1,
7370,5255,92,2023-03-10,2,Cancelled
7371,8430,70,2023-04-22,3,Pending
7372,7907,58,2023-07-16,1,Completed
7373,6002,4,2023-12-18,3,Completed
7374,1733,30,2024-01-11,1,Completed
7375,815,57,2023-06-18,,Completed
7376,7036,47,2023-05-08,4,Returned
7377,1187,18,2024-07-17,,Completed
7378,7582,94,2023-12-17,2,Returned
7379,2226,91,2023-06-28,1,Pending
7380,9177,95,2023-06-15,2,Completed
7381,6424,44,2023-08-05,2,Completed
7382,8990,52,2023-06-09,,Completed
7383,5174,49,2023-09-17,4,Completed
7384,8736,30,2024-03-19,3,Completed
7385,5883,52,2023-01-15,3,Returned
7386,520,37,2024-03-15,,Completed
7387,5042,63,2023-11-07,4,Completed
7388,1455,12,2024-03-08,3,Completed
7389,6871,17,2024-05-08,2,Returned
7390,7214,34,2023-04-07,2,Cancelled
7391,7760,28,2023-09-06,4,Returned
7392,9251,4,2023-10-24,4,Completed
7393,9305,98,2023-01-14,1,Completed
7394,3407,46,2023-12-23,2,Cancelled
7395,947,14,2023-01-20,4,Cancelled
7396,4031,13,2023-07-05,3,Completed
7397,8328,58,2023-09-08,3,Pending
7398,793,49,2023-06-10,2,Returned
7399,1137,50,2023-08-23,3,Completed
7400,9555,67,2023-03-25,3,Completed
7401,555,21,2023-07-17,2,Returned
7402,7038,80,2023-06-10,,Pending
7403,3404,51,2024-05-18,3,Completed
7404,2255,38,2023-05-03,4,Completed
7405,1367,26,2023-11-30,1,Completed
7406,949,6,2023-01-02,4,Cancelled
7407,8296,18,2023-06-28,3,Cancelled
7408,7810,6,2023-11-13,2,Returned
7409,7208,41,2023-11-05,1,Completed
7410,9239,57,2023-09-17,2,Completed
7411,7420,50,2023-05-12,2,Completed
7412,4027,25,2023-10-02,1,Pending
7413,5957,48,2024-02-13,3,Pending
7414,7370,24,2023-10-03,2,Returned
7415,7323,30,2023-06-16,4,Pending
7416,2615,87,2023-10-29,3,Cancelled
7417,9156,45,2023-09-16,2,Cancelled
7418,3272,43,2023-07-02,2,Completed
7419,9030,72,2023-06-21,,Cancelled
7420,7385,56,2023-05-03,,Pending
7421,5679,73,2024-08-15,2,Returned
7422,882,70,2023-03-28,3,Cancelled
7423,3189,33,2023-09-12,,Completed
7424,3335,97,2024-02-20,,Cancelled
7425,2199,45,2023-05-22,1,Completed
7426,8404,7,2024-02-16,3,Completed
7427,9408,18,2023-12-05,3,Completed
7428,9073,70,2023-05-16,1,Completed
7429,755,45,2023-02-12,4,
7430,5218,37,2023-11-11,2,Returned
7431,8893,21,2024-07-08,2,Completed
7432,371,90,2023-08-23,1,Returned
7433,1733,79,2023-10-04,2,Completed
7434,5260,44,2023-07-14,1,Cancelled
7435,802,30,2024-05-17,,Returned
7436,6400,11,2023-07-15,2,Cancelled
7437,9182,8,2024-04-08,1,Completed
7438,4772,5,2023-07-19,1,Returned
7439,7008,8,2023-10-04,2,Pending
7440,416,5,2024-06-05,3,Completed
7441,3338,10,2023-06-11,4,Completed
7442,5259,15,2024-08-19,,Pending
7443,8028,56,2024-08-20,3,
7444,5058,55,2024-04-04,2,Completed
7445,6968,3,2023-02-17,2,Completed
7446,1621,41,2024-02-14,3,Pending
7447,9728,10,2023-12-17,2,Completed
7448,5983,7,2023-03-08,3,Completed
7449,7994,63,2023-11-25,2,Completed
7450,2793,63,2023-04-04,1,Completed
7451,8765,88,2024-01-31,2,Completed
7452,7387,26,2023-06-26,1,Completed
7453,4894,34,2023-02-21,1,Completed
7454,5097,72,2023-08-04,2,Completed
7455,4857,39,2023-06-18,3,Completed
7456,3656,60,2023-10-31,1,Completed
7457,8485,69,2023-07-30,1,Completed
7458,4294,100,2023-07-07,2,Pending
7459,80,26,2024-07-29,1,Cancelled
7460,4309,62,2023-05-01,,Pending
7461,1863,10,2024-04-19,4,Completed
7462,619,97,2023-04-26,4,Pending
7463,960,100,2024-07-23,3,Returned
7464,3736,54,2024-06-04,,
7465,8115,31,2024-04-05,3,Completed
7466,2169,38,2023-03-19,2,Cancelled
7467,3246,25,2024-01-29,3,Completed
7468,7236,77,2023-08-11,2,Pending
7469,9915,65,2023-06-19,3,Completed
7470,1162,100,2023-03-05,4,Pending
7471,2041,100,2023-08-17,2,Completed
7472,8161,50,2023-05-22,3,Completed
7473,5650,24,2024-06-09,1,Completed
7474,9292,27,2023-09-09,,Completed
7475,7319,82,2024-02-03,1,Completed
7476,9881,50,2023-11-27,,Completed
7477,7484,50,2024-07-01,3,Completed
7478,4133,15,2023-04-12,2,Pending
7479,845,17,2024-05-26,2,Completed
7480,5778,29,2023-07-18,2,Completed
7481,1644,5,2023-08-06,4,Completed
7482,1264,11,2023-10-11,1,Pending
7483,2935,80,2024-03-03,1,Completed
7484,6140,52,2023-06-04,1,Completed
7485,7175,34,2024-01-31,2,Completed
7486,216,81,2023-05-20,2,Completed
7487,4777,33,2023-12-08,3,Cancelled
7488,2341,49,2023-06-12,,
7489,7707,31,2023-01-11,4,Completed
7490,9700,18,2023-01-27,4,Completed
7491,2091,89,2023-07-06,3,Cancelled
7492,1117,5,2023-05-05,1,Pending
7493,7751,30,2024-06-19,2,Completed
7494,5335,45,2024-01-21,1,Completed
7495,2162,87,2024-02-03,1,Completed
7496,3257,38,2024-07-06,2,Cancelled
7497,9341,82,2023-07-11,4,Completed
7498,3177,96,2023-11-15,3,Returned
7499,6381,94,2023-08-14,,Completed
7500,3346,29,2024-06-30,1,Completed
7501,6997,36,2024-05-07,2,Pending
7502,9333,9,2024-02-17,4,Completed
7503,2934,23,2023-12-31,2,Completed
7504,7742,3,2023-10-29,2,Completed
7505,5656,86,2023-06-02,4,Returned
7506,2449,56,2023-06-08,2,Completed
7507,828,40,2023-02-07,,
7508,5897,56,2024-03-31,1,Pending
7509,1204,58,2023-08-07,4,Completed
7510,6620,31,2023-10-11,1,Pending
7511,6799,86,2023-02-26,1,Cancelled
7512,845,11,2023-02-03,2,Completed
7513,2972,42,2023-09-07,2,Completed
7514,1269,3,2024-06-30,2,Completed
7515,4745,57,2023-06-29,4,Completed
7516,7736,14,2024-07-30,4,Completed
7517,9822,46,2023-06-11,2,Completed
7518,3531,19,2023-03-29,2,Completed
7519,5086,60,2024-02-14,2,Completed
7520,8996,31,2023-06-28,1,Returned
7521,8320,36,2024-05-24,3,Pending
7522,9144,32,2024-07-14,1,Cancelled
7523,2265,63,2023-03-25,,Completed
7524,20,26,2023-09-30,2,Completed
7525,1782,65,2023-08-19,3,Completed
7526,6858,2,2024-08-08,4,Completed
7527,4835,70,2023-08-23,1,Cancelled
7528,7297,45,2023-03-10,2,Pending
7529,8749,78,2024-04-05,1,Cancelled
7530,2245,92,2023-07-22,2,Pending
7531,2984,97,2023-01-16,3,Completed
7532,2726,25,2023-07-13,1,Cancelled
7533,4600,40,2024-08-02,3,Pending
7534,5367,18,2023-12-23,2,Completed
7535,4888,98,2024-07-18,2,
7536,197,12,2024-07-17,,Completed
7537,5227,91,2023-10-18,2,Pending
7538,2829,24,2023-05-01,2,Cancelled
7539,3989,97,2023-05-24,2,Completed
7540,5733,79,2024-07-02,3,Completed
7541,5280,43,2023-01-22,2,Cancelled
7542,2470,32,2024-01-16,4,Completed
7543,1631,81,2023-04-29,1,Completed
7544,3279,99,2023-03-08,1,Completed
7545,2039,47,2024-08-01,3,Completed
7546,5433,45,2023-06-25,1,Completed
7547,5022,35,2023-04-13,1,
7548,4331,77,2023-05-17,1,Cancelled
7549,6471,9,2023-08-21,,Completed
7550,7078,10,2024-01-06,1,Completed
7551,4762,65,2023-12-16,1,Cancelled
7552,5220,59,2023-10-05,4,Completed
7553,7002,98,2023-11-28,,Completed
7554,1388,57,2023-08-18,3,Completed
7555,642,89,2023-12-27,,Completed
7556,5613,86,2023-08-22,4,Completed
7557,7211,10,2023-04-14,2,Completed
7558,575,90,2024-08-13,2,Pending
7559,9914,19,2023-09-27,3,Completed
7560,9211,50,2024-02-05,2,Completed
7561,7797,68,2023-01-15,1,Completed
7562,8592,5,2023-12-26,,Completed
7563,4691,29,2023-09-25,3,Returned
7564,1457,5,2023-11-24,4,Completed
7565,1596,60,2023-06-22,3,Cancelled
7566,8309,65,2024-03-25,2,
7567,7987,28,2024-03-01,,Cancelled
7568,8575,83,2024-03-27,4,Completed
7569,2130,100,2023-02-10,2,Completed
7570,832,1,2023-05-13,4,Cancelled
7571,4969,29,2023-02-19,1,Cancelled
7572,3482,51,2023-04-07,3,Completed
7573,2118,36,2023-08-22,1,Cancelled
7574,4483,32,2023-11-05,4,Completed
7575,2007,64,2024-01-15,3,
7576,8489,14,2023-03-24,1,Pending
7577,6761,32,2024-02-14,1,Returned
7578,8911,9,2023-01-15,2,Completed
7579,5695,83,2024-06-03,3,Completed
7580,6063,11,2024-01-30,1,Completed
7581,3080,48,2023-09-07,,Completed
7582,5279,51,2023-07-08,,Returned
7583,11,4,2023-10-22,3,Pending
7584,4881,41,2024-01-26,2,Returned
7585,411,25,2023-08-30,4,Completed
7586,599,17,2024-07-11,4,Completed
7587,824,47,2023-01-20,1,Completed
7588,7877,8,2023-12-22,2,Returned
7589,5218,58,2024-04-19,,Pending
7590,7087,1,2023-06-02,2,Completed
7591,313,2,2024-04-24,,Completed
7592,6672,10,2024-08-16,,Cancelled
7593,6701,91,2023-02-28,2,Completed
7594,2493,27,2023-12-22,,
7595,231,13,2024-07-20,1,Returned
7596,3741,63,2023-05-13,1,Completed
7597,44,11,2023-10-01,1,Returned
7598,7533,14,2023-10-02,2,Returned
7599,8093,96,2023-08-29,1,Completed
7600,7279,80,2023-05-18,2,Completed
7601,3458,93,2023-12-28,1,Returned
7602,5385,98,2024-01-19,2,Pending
7603,5616,26,2023-07-05,4,Completed
7604,5507,69,2023-05-10,3,Pending
7605,2996,83,2023-12-18,4,Completed
7606,3639,39,2023-02-02,1,Cancelled
7607,7518,92,2024-03-06,2,Cancelled
7608,3285,28,2024-05-07,1,Completed
7609,8363,17,2024-02-16,2,Completed
7610,4342,37,2023-04-28,3,Cancelled
7611,9832,83,2024-01-21,3,Completed
7612,617,27,2024-01-23,1,Pending
7613,240,76,2023-01-02,1,Completed
7614,6053,67,2024-08-02,2,Completed
7615,6455,68,2023-12-13,4,Completed
7616,9115,47,2023-03-05,1,Completed
7617,4888,75,2023-06-18,3,
7618,1905,34,2023-10-28,1,Completed
7619,6166,18,2024-08-11,,Completed
7620,813,35,2024-08-06,2,Cancelled
7621,5000,18,2023-09-19,1,Completed
7622,7643,70,2023-08-11,3,Pending
7623,1731,34,2023-11-20,2,Completed
7624,9024,33,2024-02-02,4,Completed
7625,3425,72,2023-11-11,3,Cancelled
7626,6063,84,2023-01-16,3,Cancelled
7627,2208,84,2024-03-18,4,Cancelled
7628,3369,43,2023-01-10,2,Pending
7629,5472,82,2023-01-09,4,Pending
7630,2228,27,2023-08-03,1,Completed
7631,7640,48,2024-08-12,4,Completed
7632,4381,69,2024-01-28,3,Completed
7633,1821,71,2024-07-20,3,Pending
7634,8841,22,2023-05-16,2,Pending
7635,189,34,2024-02-22,1,Completed
7636,9415,43,2024-02-14,3,Completed
7637,5222,77,2023-06-15,2,Pending
7638,8671,96,2023-04-22,1,Cancelled
7639,6747,88,2023-10-03,1,Completed
7640,4613,16,2023-08-26,2,Cancelled
7641,1889,14,2024-06-18,1,Completed
7642,1551,39,2024-04-16,,Completed
7643,7060,71,2023-10-26,1,Completed
7644,5234,12,2023-07-22,1,Completed
7645,5636,84,2023-12-27,1,Completed
7646,34,97,2024-07-17,1,
7647,8488,55,2024-06-30,4,Completed
7648,1430,6,2023-01-28,1,Cancelled
7649,5247,40,2023-11-16,1,Completed
7650,1988,91,2023-01-12,,Completed
7651,6272,13,2024-04-08,1,Returned
7652,2883,69,2024-07-05,1,Returned
7653,9902,24,2023-06-05,2,Completed
7654,1548,74,2024-04-04,2,Completed
7655,463,59,2024-02-06,4,Completed
7656,6708,46,2024-01-18,,Pending
7657,5306,96,2023-12-20,4,Returned
7658,514,73,2023-05-05,3,Completed
7659,5175,99,2023-05-09,,Cancelled
7660,3567,44,2023-12-04,4,Pending
7661,3804,76,2023-01-04,1,Completed
7662,3939,11,2023-09-17,2,Completed
7663,1472,61,2024-07-28,2,Completed
7664,8004,36,2024-02-06,2,Completed
7665,338,72,2023-01-23,1,Completed
7666,7052,10,2024-07-22,3,Completed
7667,7445,78,2023-04-17,1,
7668,3413,94,2023-02-15,3,Completed
7669,2393,1,2023-05-22,2,Cancelled
7670,977,63,2024-01-01,2,Returned
7671,4979,12,2023-01-16,2,Returned
7672,4069,5,2023-03-26,2,Completed
7673,9896,78,2023-08-10,3,Completed
7674,872,36,2023-01-24,4,Completed
7675,3410,17,2023-11-09,2,Cancelled
7676,2590,58,2024-06-14,3,Completed
7677,1550,22,2024-08-09,4,Completed
7678,4462,31,2023-09-15,1,Cancelled
7679,2622,26,2024-07-06,1,Completed
7680,2530,13,2023-09-18,2,Completed
7681,7163,63,2023-05-27,2,Cancelled
7682,8352,67,2024-07-02,,Pending
7683,6400,63,2023-01-10,3,Completed
7684,2582,11,2023-05-13,2,Completed
7685,6566,69,2024-03-28,3,Cancelled
7686,7106,64,2023-08-14,4,Completed
7687,6957,68,2023-11-14,1,Completed
7688,2935,32,2023-06-30,2,Returned
7689,2312,74,2023-10-28,1,Pending
7690,2796,10,2023-10-08,4,Cancelled
7691,4329,54,2023-01-04,4,Completed
7692,6824,55,2023-05-27,,Cancelled
7693,4329,82,2023-08-31,2,Completed
7694,3589,62,2024-06-29,1,Completed
7695,3117,55,2023-05-05,4,Completed
7696,4654,87,2023-06-28,4,Completed
7697,3748,82,2023-03-17,1,Completed
7698,6825,35,2024-07-06,1,Completed
7699,1460,67,2023-01-09,2,Completed
7700,4431,65,2024-03-09,2,Completed
7701,2452,17,2023-02-05,4,
7702,7332,42,2023-02-23,1,Completed
7703,4091,59,2024-01-02,3,Returned
7704,8964,70,2023-06-24,2,Completed
7705,5042,11,2024-01-06,1,
7706,1112,78,2023-09-09,2,Completed
7707,9787,28,2024-05-10,2,Completed
7708,9474,39,2023-02-09,,
7709,3586,54,2023-11-18,3,Returned
7710,7602,100,2024-01-22,3,
7711,2374,11,2024-04-28,1,Completed
7712,6843,58,2023-12-13,1,Completed
7713,8534,40,2023-01-28,1,Completed
7714,5099,4,2023-06-20,1,
7715,4724,64,2023-07-21,3,Completed
7716,2819,48,2024-01-26,2,Completed
7717,2926,70,2023-01-01,1,Completed
7718,9465,83,2024-02-10,2,Completed
7719,710,31,2023-06-20,1,Completed
7720,6993,2,2024-03-12,,Completed
7721,739,43,2024-04-12,2,Cancelled
7722,9971,89,2023-04-16,2,Completed
7723,4591,41,2023-04-12,3,Completed
7724,6088,60,2023-04-05,2,Pending
7725,3719,75,2024-05-02,3,Cancelled
7726,8202,46,2023-12-31,,Completed
7727,5082,40,2024-03-06,2,Cancelled
7728,9930,59,2024-06-05,2,Cancelled
7729,2579,45,2023-09-13,2,Completed
7730,1559,42,2024-02-16,3,Completed
7731,4001,21,2023-06-27,4,Completed
7732,4546,3,2024-07-27,2,Completed
7733,5340,66,2024-06-09,1,Completed
7734,9057,11,2024-03-03,3,Completed
7735,9993,24,2024-06-07,,Returned
7736,2717,50,2023-10-12,4,Completed
7737,4303,88,2023-03-25,4,Completed
7738,1810,21,2024-04-09,1,Returned
7739,5831,25,2024-08-14,3,Pending
7740,1998,4,2024-07-28,1,Completed
7741,2932,43,2023-02-27,2,Cancelled
7742,2131,47,2023-12-06,2,
7743,4413,23,2023-03-26,,Cancelled
7744,6514,60,2024-04-14,1,Pending
7745,2797,88,2024-08-19,4,Cancelled
7746,7749,21,2023-11-29,1,Completed
7747,6324,66,2024-05-27,3,Completed
7748,6746,87,2023-01-22,1,Pending
7749,5203,51,2024-04-08,,Returned
7750,1556,15,2023-12-05,3,Completed
7751,8182,58,2023-09-18,2,Completed
7752,4444,26,2024-03-19,1,Completed
7753,8523,90,2023-04-09,3,Pending
7754,4706,92,2023-08-07,1,Completed
7755,4840,59,2023-06-23,1,Completed
7756,3959,90,2024-07-25,3,Pending
7757,4665,45,2024-03-24,3,Completed
7758,9877,66,2024-04-21,1,Cancelled
7759,9163,35,2023-02-26,2,Completed
7760,747,96,2024-02-20,3,Completed
7761,2185,94,2023-07-03,,Completed
7762,7947,64,2023-04-07,4,Completed
7763,9577,84,2024-03-16,2,Completed
7764,5322,77,2024-06-10,4,Completed
7765,9211,27,2023-08-20,2,Cancelled
7766,7149,87,2024-03-30,1,Returned
7767,2025,80,2023-05-25,2,Completed
7768,6174,31,2023-03-23,4,Completed
7769,9735,12,2024-06-19,,Pending
7770,2712,97,2023-11-04,,Completed
7771,7019,45,2023-05-20,3,Cancelled
7772,9647,32,2023-10-26,2,Completed
7773,7198,54,2023-06-15,1,Completed
7774,1703,66,2023-07-06,1,Completed
7775,5530,87,2023-09-02,2,Completed
7776,7217,32,2023-12-31,3,Completed
7777,7656,15,2023-12-07,2,Completed
7778,5418,55,2023-06-30,3,
7779,6325,41,2023-01-08,3,Returned
7780,3874,40,2023-12-23,,Returned
7781,8314,72,2023-09-12,1,Cancelled
7782,9669,49,2024-05-13,3,Completed
7783,266,86,2024-01-15,2,Cancelled
7784,8220,38,2024-01-06,1,Cancelled
7785,5379,56,2024-07-18,2,Cancelled
7786,2125,34,2023-02-12,1,Completed
7787,432,1,2023-10-24,2,Completed
7788,4975,10,2024-06-06,3,Completed
7789,3778,40,2023-08-13,4,Completed
7790,7038,16,2023-09-13,4,Completed
7791,1086,88,2023-08-10,2,Returned
7792,6196,46,2023-08-31,,Completed
7793,6260,24,2023-03-06,4,Cancelled
7794,2486,14,2024-07-12,3,Completed
7795,8293,90,2023-08-14,1,Cancelled
7796,5399,39,2023-12-21,1,Completed
7797,5079,18,2023-02-13,4,Completed
7798,7203,84,2024-07-21,2,Completed
7799,3049,41,2024-03-25,1,Completed
7800,6503,56,2024-02-27,2,Completed
7801,800,36,2024-03-28,1,Pending
7802,3823,24,2023-02-14,4,Completed
7803,5612,90,2023-05-09,4,Completed
7804,6010,29,2023-06-14,2,Completed
7805,9488,22,2024-07-13,1,Completed
7806,5264,11,2023-08-28,2,Cancelled
7807,8627,41,2023-02-07,1,
7808,5571,49,2024-02-08,2,Cancelled
7809,9108,11,2023-04-08,4,Pending
7810,4641,52,2023-12-05,1,Completed
7811,5334,67,2023-04-21,2,Completed
7812,8840,85,2024-03-19,1,Pending
7813,2296,75,2024-05-07,2,Cancelled
7814,1432,8,2023-01-10,1,Returned
7815,5173,31,2024-04-29,2,Completed
7816,2362,74,2024-04-23,2,Completed
7817,7542,6,2023-04-14,4,Completed
7818,724,81,2023-01-27,2,Pending
7819,1548,71,2023-01-29,3,
7820,9172,96,2023-01-08,,Pending
7821,8276,13,2023-05-07,3,Completed
7822,1366,6,2023-10-06,2,Completed
7823,8742,67,2024-04-20,1,Completed
7824,3854,27,2024-06-11,4,Cancelled
7825,4683,45,2023-04-29,3,Completed
7826,5961,26,2023-01-12,1,Completed
7827,8344,4,2023-07-02,1,Completed
7828,7690,37,2024-06-05,2,Cancelled
7829,5158,21,2023-04-09,1,Returned
7830,3499,28,2023-08-27,3,Pending
7831,2986,82,2023-08-07,1,Completed
7832,1568,32,2023-11-02,2,Completed
7833,8404,53,2023-04-06,1,Completed
7834,6670,33,2023-03-28,2,Completed
7835,4192,26,2023-04-04,1,Cancelled
7836,9719,17,2023-05-09,3,Returned
7837,7157,56,2023-02-09,,
7838,8714,93,2023-03-30,4,Completed
7839,6518,84,2024-01-09,1,Completed
7840,5136,30,2024-07-24,2,Completed
7841,9895,5,2023-04-07,2,Returned
7842,6752,6,2023-07-09,,Cancelled
7843,8210,62,2023-08-20,4,Completed
7844,7175,10,2024-05-20,1,Cancelled
7845,1720,70,2023-09-05,1,Completed
7846,8062,10,2024-08-09,3,Returned
7847,4015,85,2023-11-15,1,Completed
7848,879,44,2023-01-23,,Completed
7849,8786,56,2023-11-12,,Returned
7850,6273,4,2023-02-23,4,Completed
7851,1610,13,2023-07-24,1,Returned
7852,9068,74,2024-01-14,2,Returned
7853,6715,80,2023-06-22,2,Completed
7854,5110,19,2023-12-10,4,Completed
7855,2449,70,2023-06-18,1,Pending
7856,2137,90,2023-07-22,2,Completed
7857,6967,62,2024-03-13,1,Completed
7858,2054,9,2023-10-19,2,Returned
7859,7764,46,2023-08-25,,Completed
7860,84,56,2024-02-23,,Completed
7861,9632,74,2024-05-06,4,Returned
7862,2669,40,2023-05-22,,Pending
7863,5232,67,2023-06-11,1,Completed
7864,8891,83,2024-07-22,3,Returned
7865,1821,62,2023-05-12,2,Cancelled
7866,4415,99,2023-10-04,2,Completed
7867,7250,46,2024-03-21,2,Completed
7868,9291,6,2023-08-11,4,Completed
7869,6573,29,2024-06-06,2,Cancelled
7870,7628,19,2023-03-13,3,Completed
7871,2895,15,2023-07-04,3,Cancelled
7872,3418,57,2023-09-08,1,Pending
7873,249,38,2023-08-28,1,Completed
7874,7811,21,2024-08-18,4,Returned
7875,1891,51,2023-05-27,2,Completed
7876,7881,39,2024-03-14,4,Pending
7877,2116,87,2024-07-19,1,Completed
7878,6582,20,2024-04-03,4,Completed
7879,3064,2,2023-10-25,4,Completed
7880,5652,32,2024-03-10,2,Cancelled
7881,1807,92,2023-10-17,2,
7882,7301,4,2023-05-03,2,Completed
7883,8488,7,2024-02-26,1,Completed
7884,2695,3,2024-01-08,3,Completed
7885,5494,25,2023-07-22,1,Completed
7886,8224,9,2023-07-25,4,Cancelled
7887,4651,87,2023-08-25,4,Pending
7888,8127,87,2023-07-13,3,Cancelled
7889,793,26,2024-05-22,1,Completed
7890,4192,64,2023-10-10,1,Completed
7891,1090,18,2023-06-04,4,Completed
7892,8422,88,2024-03-13,4,Completed
7893,2781,91,2024-07-17,2,Pending
7894,4498,2,2023-06-15,2,Completed
7895,790,1,2023-03-18,2,Completed
7896,4195,48,2024-08-13,4,Completed
7897,9991,80,2023-10-20,3,Returned
7898,4458,63,2023-09-07,1,Cancelled
7899,6672,88,2023-11-04,3,Pending
7900,4636,36,2024-06-04,1,Completed
7901,5962,63,2023-06-01,3,Completed
7902,6739,75,2023-08-05,4,Completed
7903,5156,26,2024-08-07,4,Completed
7904,314,6,2023-06-02,3,Completed
7905,6634,26,2023-02-15,1,Completed
7906,233,93,2023-05-07,4,Completed
7907,5736,43,2023-11-25,4,Completed
7908,9222,1,2023-10-31,3,Completed
7909,7850,9,2023-03-19,1,Completed
7910,2712,27,2024-04-14,1,Cancelled
7911,7941,71,2024-07-20,1,Completed
7912,3345,3,2024-07-01,1,Pending
7913,2123,61,2023-02-01,1,Completed
7914,3780,73,2023-07-27,1,Completed
7915,5655,2,2023-04-30,,Returned
7916,9073,74,2023-10-05,3,Completed
7917,1173,81,2023-09-22,2,
7918,7318,31,2023-04-26,1,Completed
7919,7745,65,2024-08-23,,Completed
7920,160,18,2023-10-08,2,Completed
7921,7964,6,2024-05-09,,Completed
7922,2130,42,2024-01-09,3,Cancelled
7923,3079,68,2024-06-16,1,Completed
7924,2230,4,2024-06-04,4,Completed
7925,2918,99,2023-09-22,2,Completed
7926,3014,4,2023-11-30,2,Returned
7927,9742,65,2024-01-22,4,Completed
7928,6327,41,2024-06-06,4,Completed
7929,1580,43,2024-06-05,4,Completed
7930,1961,95,2023-08-30,4,Completed
7931,7903,55,2024-02-10,3,Completed
7932,6658,19,2023-04-23,3,Pending
7933,3845,21,2023-10-12,4,
7934,4698,58,2023-04-20,3,
7935,2391,30,2023-11-17,1,Completed
7936,1420,7,2024-02-05,3,Completed
7937,3918,69,2024-04-19,1,Completed
7938,4943,64,2023-07-23,1,Completed
7939,8355,2,2023-11-24,1,Pending
7940,8308,67,2023-07-20,1,Completed
7941,7571,79,2023-09-24,1,Completed
7942,5199,74,2024-03-24,1,Cancelled
7943,9663,9,2023-10-16,3,Completed
7944,6003,23,2024-07-20,1,Completed
7945,5143,14,2023-04-18,1,Completed
7946,3853,54,2023-01-31,4,Completed
7947,543,45,2023-03-22,4,Completed
7948,8606,97,2023-12-15,2,Completed
7949,8874,16,2023-12-07,4,Completed
7950,8834,84,2023-03-09,3,Completed
7951,3979,72,2023-02-18,1,Completed
7952,1433,98,2023-09-17,4,Cancelled
7953,8861,95,2023-09-25,,Completed
7954,7806,57,2023-01-19,3,Completed
7955,969,8,2023-01-04,1,Completed
7956,5801,25,2023-09-28,1,Completed
7957,7846,41,2023-10-27,1,Completed
7958,9373,62,2023-11-25,2,Completed
7959,5592,77,2023-10-04,2,Pending
7960,5384,18,2023-05-23,2,Completed
7961,7471,50,2023-06-11,2,Returned
7962,4820,41,2024-06-13,2,Pending
7963,7633,34,2023-11-15,2,Cancelled
7964,3236,100,2023-04-07,1,Completed
7965,5256,81,2023-06-24,2,Cancelled
7966,252,12,2024-08-09,,Completed
7967,4301,80,2023-05-25,3,
7968,7410,77,2024-01-26,2,Returned
7969,3999,75,2024-06-21,1,Returned
7970,8983,78,2024-02-13,1,Completed
7971,5181,42,2024-01-21,3,Completed
7972,5422,55,2023-11-18,2,Returned
7973,1496,92,2024-04-09,1,Completed
7974,7979,59,2023-11-10,1,Completed
7975,8142,51,2024-02-28,2,Returned
7976,5379,88,2023-06-20,1,Completed
7977,2578,53,2023-11-20,,Returned
7978,5307,81,2023-06-30,1,Completed
7979,8134,9,2023-12-14,,Returned
7980,1236,94,2024-01-11,3,Completed
7981,1059,3,2023-11-24,2,Cancelled
7982,9363,8,2024-02-19,2,Returned
7983,3660,82,2024-01-19,2,
7984,5369,59,2024-03-18,3,Completed
7985,57,30,2023-08-29,1,Cancelled
7986,7473,67,2023-08-06,1,
7987,2570,55,2023-05-26,2,Completed
7988,4081,34,2023-12-14,1,Completed
7989,6378,43,2023-03-02,1,Cancelled
7990,1949,28,2023-07-21,,Completed
7991,223,37,2024-01-05,4,Completed
7992,9832,89,2023-11-23,4,Completed
7993,5218,30,2023-06-25,2,Completed
7994,9950,71,2024-04-24,1,Cancelled
7995,9028,62,2023-08-16,1,Pending
7996,2537,29,2024-03-20,,Returned
7997,2526,2,2023-06-10,4,Completed
7998,9177,90,2023-09-23,2,Completed
7999,1358,57,2024-07-11,3,Cancelled
8000,4888,57,2024-07-22,4,Completed
8001,7723,42,2023-03-29,3,
8002,5983,49,2024-07-10,4,Pending
8003,4478,57,2023-03-28,1,Completed
8004,9639,71,2024-06-19,2,Returned
8005,1372,18,2023-11-15,3,Completed
8006,3225,70,2023-01-28,3,Cancelled
8007,1875,27,2024-04-24,,Completed
8008,3362,54,2023-02-03,4,Returned
8009,6105,24,2024-02-29,1,Completed
8010,1143,97,2024-08-16,1,Completed
8011,4310,95,2024-06-27,3,Completed
8012,8757,34,2023-08-27,1,
8013,6899,22,2024-01-22,1,Completed
8014,1589,88,2024-07-16,3,Completed
8015,4999,63,2023-03-24,2,Completed
8016,9663,36,2024-03-08,4,Cancelled
8017,4343,92,2023-11-13,2,Cancelled
8018,3363,84,2023-02-08,2,Completed
8019,1637,61,2023-10-28,1,Completed
8020,9665,82,2024-02-19,3,Completed
8021,6228,42,2024-03-15,3,Completed
8022,1245,96,2023-07-14,1,Returned
8023,6915,33,2023-08-17,1,Pending
8024,5307,74,2023-03-29,1,Completed
8025,4515,9,2024-05-08,3,Completed
8026,8451,25,2024-07-29,1,Completed
8027,2359,13,2023-04-14,1,Completed
8028,5616,47,2023-03-18,1,Completed
8029,1269,45,2024-08-08,4,Completed
8030,9132,5,2023-03-25,1,Cancelled
8031,2377,31,2024-08-15,1,Completed
8032,8388,31,2024-07-30,1,Completed
8033,3097,98,2024-07-28,2,Cancelled
8034,3636,90,2023-01-19,3,Completed
8035,562,71,2024-06-29,2,Pending
8036,8232,41,2023-02-09,2,Completed
8037,9960,46,2023-06-05,,Completed
8038,7740,52,2023-01-07,4,Completed
8039,6872,84,2023-08-16,2,Completed
8040,2505,86,2023-04-07,1,Completed
8041,7022,5,2024-07-14,3,
8042,5972,12,2024-08-13,3,Completed
8043,7877,21,2023-05-11,,Pending
8044,8980,9,2023-09-26,,Cancelled
8045,4098,93,2023-11-09,3,Completed
8046,9685,91,2024-05-10,1,Pending
8047,9322,17,2023-07-22,1,Completed
8048,6823,24,2023-07-14,4,Completed
8049,5879,27,2024-08-09,3,Pending
8050,4510,8,2023-05-19,3,Returned
8051,6187,44,2023-08-22,3,Completed
8052,9837,62,2023-12-09,2,Completed
8053,3561,29,2023-11-23,3,Completed
8054,5680,83,2023-03-10,1,Completed
8055,2686,74,2023-01-26,2,
8056,6613,24,2023-06-19,1,Returned
8057,4822,34,2023-03-24,3,Pending
8058,7808,60,2023-04-12,2,
8059,1413,31,2023-06-22,3,Completed
8060,1222,4,2024-01-30,,Completed
8061,2250,95,2024-05-03,3,Completed
8062,2240,9,2023-10-05,2,Completed
8063,4203,90,2023-10-11,1,Completed
8064,7874,77,2023-12-07,1,Completed
8065,6894,90,2024-05-04,,Completed
8066,8836,54,2023-06-22,3,Returned
8067,5404,1,2023-11-20,2,Completed
8068,5186,61,2024-01-03,1,Completed
8069,4291,73,2023-05-15,4,Cancelled
8070,4143,31,2023-10-03,2,Completed
8071,9578,88,2024-06-13,2,Returned
8072,7153,45,2024-03-28,1,Completed
8073,2585,60,2023-11-09,1,Cancelled
8074,1602,86,2023-09-23,1,Completed
8075,4943,73,2023-01-24,3,Cancelled
8076,5699,87,2023-05-10,1,Completed
8077,808,84,2023-04-19,1,Completed
8078,7346,42,2024-04-15,2,Cancelled
8079,8307,85,2023-10-30,3,Cancelled
8080,2728,27,2023-11-05,1,Completed
8081,8166,58,2023-11-11,2,Completed
8082,4172,69,2023-02-03,1,Pending
8083,9642,81,2023-05-20,4,Cancelled
8084,1569,98,2024-07-10,4,Pending
8085,9515,73,2024-08-06,,Completed
8086,9053,34,2023-08-08,3,Completed
8087,742,10,2024-08-23,3,Completed
8088,9923,66,2024-02-02,3,Completed
8089,6438,25,2024-05-22,4,Completed
8090,4905,3,2023-03-28,4,Completed
8091,2934,34,2023-07-13,2,Completed
8092,4510,71,2023-04-15,3,Completed
8093,4527,28,2024-01-16,1,Completed
8094,5910,9,2024-08-08,3,Completed
8095,5350,11,2023-11-04,3,Completed
8096,3168,93,2024-04-26,4,Completed
8097,7607,80,2024-07-18,4,Completed
8098,2219,39,2023-06-21,2,
8099,1341,93,2023-09-05,,Completed
8100,8010,13,2023-04-11,,Cancelled
8101,4640,99,2024-07-21,,Completed
8102,1515,11,2023-01-23,3,Completed
8103,1412,35,2023-01-15,3,Pending
8104,7725,8,2023-03-11,2,Cancelled
8105,4168,7,2023-06-12,1,Completed
8106,1023,69,2024-04-16,2,Completed
8107,2759,70,2023-03-26,1,Completed
8108,9305,57,2024-04-22,,Completed
8109,4809,35,2023-03-21,3,Completed
8110,9751,94,2023-11-09,,Pending
8111,8834,11,2023-10-24,2,Pending
8112,6734,38,2023-09-26,1,Cancelled
8113,4908,91,2023-03-21,1,Completed
8114,3226,85,2023-06-11,2,Completed
8115,1015,78,2024-06-03,4,Completed
8116,6769,49,2024-02-25,3,Cancelled
8117,5459,35,2023-11-14,2,Completed
8118,2022,29,2023-02-28,3,Completed
8119,2677,88,2024-08-10,4,Completed
8120,9733,100,2024-04-19,1,Returned
8121,3107,41,2024-07-07,,Returned
8122,8976,96,2024-06-15,3,Cancelled
8123,8863,6,2023-07-04,4,Pending
8124,2585,10,2023-02-01,2,Returned
8125,4943,84,2024-07-09,1,Completed
8126,1278,84,2023-05-22,3,Cancelled
8127,3044,90,2024-07-31,1,Completed
8128,7371,85,2023-08-28,4,Completed
8129,5861,23,2023-02-24,3,Pending
8130,3783,46,2024-08-13,1,Completed
8131,7058,12,2024-02-11,1,Completed
8132,8370,55,2023-08-14,,Cancelled
8133,8468,13,2023-03-29,4,Completed
8134,3482,74,2023-04-16,4,Completed
8135,5773,7,2023-06-07,2,
8136,9617,12,2024-01-03,4,Completed
8137,5337,61,2024-07-12,1,Completed
8138,4123,25,2023-04-01,1,Completed
8139,2961,2,2023-04-08,2,Completed
8140,7898,26,2024-05-10,,Completed
8141,2470,51,2023-07-25,3,Cancelled
8142,7052,69,2023-05-08,1,Completed
8143,4069,62,2023-12-29,3,Cancelled
8144,5444,72,2024-05-17,3,Completed
8145,9783,73,2024-05-12,3,Completed
8146,4381,39,2023-05-17,4,Returned
8147,9305,84,2024-06-15,3,Completed
8148,9261,11,2023-02-06,1,Cancelled
8149,2546,64,2023-04-23,4,Pending
8150,7666,86,2023-02-20,1,Completed
8151,3650,80,2023-10-21,4,Pending
8152,1815,42,2024-07-02,2,Completed
8153,3908,10,2024-07-06,3,Completed
8154,3732,89,2024-07-02,,Cancelled
8155,7686,19,2023-09-22,2,Completed
8156,8274,4,2023-07-31,2,Completed
8157,5870,83,2024-04-07,4,Completed
8158,8274,3,2023-11-13,1,Completed
8159,94,81,2023-01-02,1,Returned
8160,8187,14,2023-09-16,3,Completed
8161,343,10,2023-01-05,1,Completed
8162,6941,6,2023-02-05,1,Cancelled
8163,2409,31,2024-07-14,,Completed
8164,9282,31,2024-07-17,3,Completed
8165,624,48,2023-12-21,4,Completed
8166,868,9,2023-01-28,4,Completed
8167,3473,76,2024-01-15,1,Completed
8168,171,26,2024-06-27,,
8169,9975,2,2024-06-09,4,Completed
8170,8770,4,2024-07-13,1,Returned
8171,8260,96,2023-05-22,,Pending
8172,1516,92,2024-01-14,2,Completed
8173,8193,6,2024-03-06,,Completed
8174,2199,30,2023-02-04,4,Pending
8175,902,55,2023-09-06,2,Cancelled
8176,5904,28,2024-04-18,2,Returned
8177,7756,61,2023-08-20,1,Completed
8178,8987,77,2023-05-26,2,Cancelled
8179,2067,55,2023-04-30,1,Completed
8180,8563,36,2023-02-08,,Returned
8181,2539,74,2024-01-22,3,Cancelled
8182,3908,74,2023-04-24,4,Completed
8183,6961,5,2024-03-29,2,Completed
8184,2597,29,2023-09-05,1,Completed
8185,9881,100,2024-01-06,2,Completed
8186,3322,12,2023-12-01,2,Completed
8187,9331,22,2023-12-23,1,Returned
8188,7721,59,2024-08-23,3,Completed
8189,2622,39,2023-10-10,4,Completed
8190,9358,2,2023-05-14,3,Completed
8191,9701,14,2023-12-11,1,Pending
8192,3842,10,2023-01-26,4,Completed
8193,4559,48,2024-03-05,2,Completed
8194,4919,64,2023-06-04,1,Completed
8195,8716,3,2024-06-27,,Cancelled
8196,4340,72,2023-09-28,1,Cancelled
8197,239,60,2023-09-04,1,Completed
8198,1221,81,2023-10-24,2,
8199,769,68,2023-07-15,1,Completed
8200,8427,21,2023-06-21,1,Returned
8201,6331,94,2023-07-08,3,Completed
8202,7389,19,2024-05-19,4,Completed
8203,4593,79,2023-08-26,3,Completed
8204,9712,20,2023-01-21,1,Pending
8205,7618,58,2023-07-13,4,Completed
8206,8083,42,2024-03-26,,Completed
8207,7580,94,2023-06-22,1,Completed
8208,9128,10,2023-03-10,3,Cancelled
8209,9461,23,2023-01-15,2,Completed
8210,6457,88,2023-10-29,3,
8211,9011,12,2023-06-01,,Completed
8212,4118,9,2023-10-23,,Completed
8213,2440,79,2023-06-25,2,Completed
8214,9281,29,2023-05-13,1,Cancelled
8215,6087,82,2023-04-19,2,
8216,4825,20,2023-06-02,2,Completed
8217,9966,65,2023-01-20,2,
8218,8392,3,2023-11-27,,Returned
8219,8370,8,2023-11-19,1,Returned
8220,5543,39,2024-05-10,2,Completed
8221,9123,64,2023-03-19,1,Pending
8222,2037,31,2024-02-28,,Returned
8223,9678,72,2024-01-06,,Cancelled
8224,2092,79,2024-02-11,4,Completed
8225,5551,22,2024-08-22,2,Completed
8226,4264,96,2024-01-01,1,Returned
8227,6431,5,2024-06-29,2,Completed
8228,2385,58,2023-02-19,3,Completed
8229,6327,73,2024-04-07,1,Completed
8230,8208,79,2023-12-09,,Completed
8231,7664,63,2024-01-31,4,Completed
8232,9029,61,2023-02-24,1,Returned
8233,7722,52,2023-12-10,2,Completed
8234,2158,33,2023-06-13,3,Pending
8235,9769,22,2024-03-13,1,Completed
8236,306,51,2023-03-27,1,Returned
8237,7124,11,2024-03-06,3,Cancelled
8238,2054,58,2024-08-13,,Completed
8239,5813,50,2023-06-02,,Pending
8240,3345,70,2024-04-05,1,Cancelled
8241,4457,17,2023-10-02,4,Completed
8242,1209,46,2023-11-24,3,Completed
8243,1859,44,2023-05-05,1,Completed
8244,2704,57,2023-12-29,3,Pending
8245,1972,5,2023-03-17,,Completed
8246,1114,39,2024-07-23,1,Completed
8247,984,58,2023-05-18,1,Completed
8248,2128,9,2024-08-16,3,Completed
8249,3640,93,2024-06-21,1,Completed
8250,7477,23,2024-08-02,4,Completed
8251,561,47,2023-06-10,3,Completed
8252,6653,36,2023-06-01,4,Completed
8253,4388,31,2024-03-24,1,Cancelled
8254,2933,84,2023-06-27,4,Completed
8255,8483,23,2023-05-08,2,Completed
8256,1910,56,2024-06-04,1,Completed
8257,7231,71,2023-06-11,,Completed
8258,1429,46,2024-05-27,3,
8259,948,58,2024-05-27,1,Completed
8260,1349,36,2024-04-28,1,Completed
8261,8573,68,2024-01-20,1,Completed
8262,9897,88,2023-02-10,,Pending
8263,310,60,2023-03-06,4,Completed
8264,3415,14,2023-07-08,2,Completed
8265,5790,25,2023-09-10,2,
8266,9691,71,2023-05-15,1,Cancelled
8267,6569,79,2023-08-16,3,Cancelled
8268,8853,44,2023-12-19,1,
8269,3448,46,2023-08-10,2,Completed
8270,2274,13,2023-10-21,3,Completed
8271,9690,62,2024-07-05,4,Completed
8272,2143,19,2024-08-22,3,Cancelled
8273,9798,12,2024-01-19,,Completed
8274,4740,90,2023-03-19,,Completed
8275,9624,48,2023-07-01,3,Completed
8276,459,33,2024-08-09,1,Cancelled
8277,7581,79,2024-03-22,3,Completed
8278,338,37,2024-01-18,1,Returned
8279,5451,6,2024-01-29,2,Pending
8280,7381,89,2023-01-25,4,Completed
8281,4021,81,2023-03-28,4,Completed
8282,8537,43,2023-12-30,2,Cancelled
8283,5644,100,2023-11-22,2,Completed
8284,943,50,2023-10-14,2,Completed
8285,346,46,2023-10-12,2,Cancelled
8286,3895,73,2024-02-11,2,Pending
8287,8517,28,2023-07-19,3,Completed
8288,6611,99,2024-01-07,4,Completed
8289,2139,67,2023-07-03,,Completed
8290,4390,11,2023-05-14,2,Completed
8291,8716,20,2024-01-24,1,Completed
8292,7827,87,2024-06-18,3,Completed
8293,7817,30,2024-08-15,2,Completed
8294,259,36,2024-04-25,4,Completed
8295,1111,76,2023-09-06,1,Cancelled
8296,7326,100,2023-04-27,3,Completed
8297,6488,99,2023-08-20,2,Completed
8298,821,98,2023-09-17,2,Returned
8299,5989,68,2024-07-27,3,Completed
8300,5636,88,2024-07-04,3,Pending
8301,4665,36,2023-12-06,4,Cancelled
8302,7094,58,2024-04-23,1,Completed
8303,4605,28,2023-09-08,1,Completed
8304,1564,39,2023-03-08,2,Completed
8305,6344,66,2023-09-17,2,Completed
8306,9400,43,2023-08-12,3,Completed
8307,8501,5,2024-04-20,1,Completed
8308,1840,92,2023-04-12,2,Returned
8309,7676,13,2023-02-01,2,Returned
8310,8002,100,2023-06-01,,Cancelled
8311,9576,9,2024-07-24,4,Completed
8312,2307,94,2023-10-08,4,Completed
8313,9373,57,2024-05-12,2,Cancelled
8314,5141,27,2023-12-18,2,Cancelled
8315,2687,61,2024-06-25,1,Completed
8316,961,77,2023-08-20,1,Completed
8317,8630,50,2023-05-27,4,Completed
8318,456,92,2024-07-15,2,Completed
8319,6768,82,2024-04-11,,Completed
8320,3818,34,2023-11-25,3,Completed
8321,9762,85,2023-04-20,2,Completed
8322,9296,65,2023-05-28,1,Completed
8323,9811,45,2023-07-30,,Completed
8324,1513,87,2024-04-05,2,Pending
8325,4739,34,2023-01-11,1,Completed
8326,392,100,2023-06-27,1,Completed
8327,2622,73,2023-09-01,3,Pending
8328,6177,8,2023-04-30,1,Returned
8329,9113,94,2023-04-20,1,Completed
8330,5720,48,2023-07-04,2,Returned
8331,6042,36,2023-02-16,1,Completed
8332,3601,100,2024-06-16,2,Pending
8333,5211,82,2023-05-13,2,Completed
8334,4509,66,2024-04-24,2,Cancelled
8335,6443,11,2023-06-17,2,Cancelled
8336,7655,52,2024-06-13,1,Cancelled
8337,9981,36,2023-08-28,2,Cancelled
8338,6217,95,2023-05-03,2,Completed
8339,7886,31,2024-06-26,4,Cancelled
8340,261,24,2024-04-06,3,Returned
8341,6834,21,2023-03-08,4,Completed
8342,9528,96,2023-12-17,3,Pending
8343,5945,30,2024-06-06,1,
8344,6135,72,2023-01-17,2,Completed
8345,6876,97,2023-08-27,3,Completed
8346,6829,64,2024-03-04,4,Completed
8347,335,39,2023-08-23,1,Completed
8348,7670,1,2024-05-11,1,Cancelled
8349,2780,97,2024-03-01,4,Completed
8350,8996,42,2023-05-20,2,Completed
8351,7329,77,2023-01-30,2,Cancelled
8352,2438,86,2023-10-23,2,Completed
8353,2808,5,2024-05-16,1,Completed
8354,5191,12,2023-08-12,3,Completed
8355,9133,29,2023-08-13,4,Cancelled
8356,3164,3,2023-12-19,4,Completed
8357,9095,61,2023-05-16,1,Pending
8358,7489,51,2023-01-16,3,Cancelled
8359,9461,36,2023-02-02,1,Completed
8360,24,75,2024-06-14,,Returned
8361,4653,90,2024-02-23,2,Completed
8362,2749,2,2023-09-13,4,Completed
8363,2451,29,2024-03-11,3,Completed
8364,9589,41,2024-01-10,,Completed
8365,8096,29,2024-04-19,,Completed
8366,3358,100,2024-03-31,1,Completed
8367,8096,64,2024-06-11,2,Completed
8368,8084,58,2024-06-01,2,Cancelled
8369,5973,83,2024-06-09,1,Completed
8370,9950,10,2023-11-25,,Completed
8371,8156,11,2023-09-03,2,Completed
8372,7070,7,2023-07-06,1,Cancelled
8373,5339,77,2023-02-22,1,Completed
8374,2533,61,2024-05-31,2,Returned
8375,5338,66,2023-05-17,4,Completed
8376,3774,94,2024-06-22,3,Completed
8377,6466,86,2023-05-18,1,Completed
8378,4662,53,2024-03-02,1,Cancelled
8379,2058,65,2023-05-11,,Completed
8380,678,27,2023-01-23,1,Completed
8381,2975,7,2024-05-05,,Pending
8382,8477,65,2024-03-20,,Completed
8383,5649,58,2023-05-14,3,Cancelled
8384,6445,25,2023-06-11,,Completed
8385,1841,48,2023-02-07,1,Pending
8386,1879,4,2024-04-28,,Completed
8387,6290,94,2023-05-12,1,Completed
8388,9803,8,2024-08-17,2,Completed
8389,7220,85,2023-07-26,2,Completed
8390,3315,68,2024-01-13,2,Cancelled
8391,1379,60,2024-02-10,1,Cancelled
8392,5341,4,2023-02-12,4,Completed
8393,9908,8,2023-06-01,3,Cancelled
8394,453,90,2023-03-28,,Returned
8395,8534,93,2023-11-19,2,Completed
8396,393,16,2024-06-16,2,Completed
8397,5472,19,2023-12-23,,Cancelled
8398,1270,1,2024-07-02,,Pending
8399,8138,34,2023-12-19,3,Cancelled
8400,3051,93,2024-04-09,4,Returned
8401,7281,91,2024-01-24,2,
8402,9163,45,2023-11-23,2,Completed
8403,4795,63,2024-04-28,4,Pending
8404,7411,94,2024-06-16,4,Completed
8405,166,6,2023-01-23,1,Cancelled
8406,8447,36,2024-04-25,1,Pending
8407,8494,66,2023-06-07,3,Completed
8408,6364,78,2023-12-02,4,Cancelled
8409,8080,8,2024-03-26,1,
8410,5031,67,2023-10-21,4,Completed
8411,1506,99,2023-11-18,2,Completed
8412,9449,27,2023-11-04,2,Returned
8413,7410,34,2024-06-22,1,Completed
8414,4341,28,2023-01-01,,Completed
8415,210,31,2024-05-03,1,Completed
8416,3794,17,2024-05-03,1,Completed
8417,4522,83,2023-07-07,2,Cancelled
8418,3048,55,2024-06-27,1,Completed
8419,981,75,2024-03-30,1,Completed
8420,2120,9,2023-03-17,2,Completed
8421,3746,94,2023-06-08,2,Returned
8422,178,57,2023-10-19,3,Completed
8423,1547,45,2023-09-13,1,Completed
8424,8491,6,2024-03-12,4,Completed
8425,3567,14,2024-08-07,2,Completed
8426,275,31,2023-07-11,,Completed
8427,2996,54,2023-05-15,2,Returned
8428,53,11,2023-08-02,4,Completed
8429,7776,69,2023-09-15,2,Returned
8430,9616,95,2023-02-24,2,Pending
8431,1628,2,2024-08-17,2,Completed
8432,6044,17,2023-10-14,2,Completed
8433,7824,36,2023-07-03,3,Completed
8434,8681,3,2023-09-25,3,Completed
8435,8609,63,2024-07-21,4,Cancelled
8436,9113,43,2024-03-02,3,Completed
8437,1554,93,2024-06-12,1,Cancelled
8438,8858,33,2023-07-23,,Completed
8439,2470,78,2023-04-24,3,Cancelled
8440,1475,29,2024-03-05,2,Completed
8441,6478,23,2024-07-25,,Returned
8442,338,59,2024-02-20,,Completed
8443,6992,81,2024-04-20,1,Completed
8444,8461,49,2023-12-30,1,Completed
8445,1088,55,2023-02-27,1,Returned
8446,1294,75,2023-11-15,3,Completed
8447,8849,28,2023-11-16,3,Completed
8448,5965,71,2024-08-17,3,Cancelled
8449,2829,72,2024-07-22,3,Completed
8450,6473,93,2023-06-10,1,Completed
8451,3974,25,2024-03-17,1,Completed
8452,6662,7,2024-06-28,,Completed
8453,4958,86,2023-10-15,,Cancelled
8454,6565,73,2023-03-17,1,Cancelled
8455,1337,75,2024-08-13,1,Completed
8456,1668,34,2024-07-28,2,Cancelled
8457,1826,91,2023-03-27,1,Completed
8458,1213,22,2023-06-22,1,Completed
8459,2769,67,2023-04-18,2,Completed
8460,5777,50,2023-12-03,1,
8461,445,48,2023-08-04,3,Completed
8462,9590,72,2024-08-15,,Completed
8463,4382,70,2023-09-15,,Completed
8464,3677,57,2024-07-01,3,Completed
8465,2311,25,2023-10-17,3,Completed
8466,4041,66,2023-11-23,2,Returned
8467,7086,16,2024-08-11,1,Completed
8468,1828,58,2024-01-05,3,Cancelled
8469,6286,41,2024-03-14,2,Completed
8470,3220,51,2024-07-20,1,Returned
8471,5560,21,2024-08-18,3,Returned
8472,6772,79,2024-04-16,1,Completed
8473,4689,56,2023-07-01,4,Completed
8474,4512,98,2023-01-11,,Returned
8475,2073,47,2023-05-02,1,Pending
8476,6771,43,2024-02-29,1,Completed
8477,6329,84,2023-12-31,1,Completed
8478,2331,31,2023-12-02,,Pending
8479,686,15,2024-07-07,1,Cancelled
8480,4959,48,2024-04-08,2,Returned
8481,685,62,2024-01-31,1,Completed
8482,8533,92,2023-07-27,2,Completed
8483,734,70,2024-01-28,4,Completed
8484,1497,3,2024-07-02,2,Completed
8485,9324,38,2024-05-16,4,Returned
8486,5451,87,2024-05-10,3,Completed
8487,4636,58,2023-06-08,2,Completed
8488,1733,67,2024-01-22,3,Pending
8489,6528,45,2024-07-20,4,Returned
8490,6726,44,2024-03-12,4,Cancelled
8491,6304,8,2024-03-15,3,Completed
8492,8032,66,2023-06-30,3,Completed
8493,1420,71,2023-12-10,1,Completed
8494,4711,61,2023-12-20,,Completed
8495,8680,17,2023-05-24,1,Completed
8496,1442,71,2023-06-10,2,Completed
8497,2391,97,2023-07-16,2,Completed
8498,1385,36,2024-02-10,1,Completed
8499,2157,68,2023-04-30,3,Completed
8500,4397,80,2023-01-26,1,Completed
8501,1392,21,2024-06-09,,Completed
8502,7423,82,2023-04-03,4,Completed
8503,5436,46,2023-07-03,2,Completed
8504,4801,46,2023-02-15,2,Cancelled
8505,3143,92,2024-02-13,1,Completed
8506,269,16,2024-03-14,4,Returned
8507,3918,22,2024-01-12,2,Completed
8508,9717,6,2023-01-04,1,Completed
8509,8670,94,2023-12-27,,Returned
8510,4272,56,2023-04-30,3,Completed
8511,239,45,2023-02-07,1,Completed
8512,8802,58,2023-08-28,4,Completed
8513,7003,28,2024-08-03,4,Completed
8514,7769,17,2024-03-31,2,Completed
8515,5884,36,2023-07-18,1,Completed
8516,5786,12,2023-10-29,2,Completed
8517,5094,50,2024-01-21,4,Completed
8518,6439,59,2023-05-14,1,Completed
8519,6175,12,2024-06-13,1,Completed
8520,9347,100,2023-11-04,3,Completed
8521,9944,62,2023-03-25,3,Cancelled
8522,5446,40,2024-08-16,,Returned
8523,3339,93,2023-02-05,4,Completed
8524,2334,2,2023-08-18,,
8525,4387,93,2024-02-11,2,Completed
8526,4582,94,2023-09-04,4,Completed
8527,6699,100,2023-11-26,1,Completed
8528,8360,25,2024-04-27,1,Completed
8529,3543,85,2023-04-27,3,Completed
8530,5887,86,2023-02-19,4,Completed
8531,8055,74,2024-02-17,3,Returned
8532,6915,31,2023-06-17,2,Cancelled
8533,7514,47,2023-07-25,1,Completed
8534,8270,60,2024-03-28,1,Completed
8535,1109,73,2023-07-28,4,Completed
8536,9084,98,2023-02-15,1,Cancelled
8537,4757,41,2024-07-21,2,Completed
8538,1225,50,2023-07-07,4,
8539,7529,23,2023-11-26,1,Completed
8540,8757,12,2024-05-12,1,Completed
8541,2860,71,2023-05-25,3,Completed
8542,8494,96,2023-07-16,2,Completed
8543,8301,83,2024-04-12,2,Completed
8544,2413,22,2024-03-26,3,Completed
8545,2648,56,2023-05-12,2,Completed
8546,3339,16,2024-07-31,4,
8547,5805,58,2024-04-05,,
8548,7232,72,2024-05-12,,Completed
8549,4524,94,2023-02-06,2,Returned
8550,3814,51,2024-03-04,2,Completed
8551,3646,6,2024-08-23,2,Completed
8552,3418,2,2024-08-22,2,Completed
8553,12,62,2023-06-26,2,Completed
8554,6610,98,2023-04-16,1,Cancelled
8555,3146,93,2023-07-03,1,Completed
8556,875,42,2023-08-23,4,Returned
8557,7304,43,2023-02-08,2,Pending
8558,884,52,2024-01-09,4,Completed
8559,4651,58,2023-02-05,2,Completed
8560,7711,20,2024-07-15,4,Completed
8561,6798,56,2023-12-30,3,Completed
8562,5440,67,2023-05-06,1,Completed
8563,7009,59,2023-08-04,2,Completed
8564,9772,48,2023-02-03,3,Cancelled
8565,8545,35,2023-02-15,2,Returned
8566,8163,8,2024-08-14,1,Completed
8567,9699,76,2024-07-12,2,Completed
8568,3488,32,2024-02-20,1,Completed
8569,7538,93,2023-12-16,3,Cancelled
8570,2391,45,2024-08-10,1,Completed
8571,4031,85,2023-06-14,,Returned
8572,7493,67,2024-02-24,2,Pending
8573,3439,27,2024-05-21,,Completed
8574,2384,3,2023-09-09,1,Pending
8575,3368,57,2023-01-16,3,Completed
8576,6168,65,2023-07-31,1,Completed
8577,1466,20,2023-02-08,4,Completed
8578,2152,71,2023-02-14,1,Completed
8579,3484,41,2023-09-14,4,Completed
8580,574,1,2024-06-01,2,Cancelled
8581,775,74,2023-06-23,1,Completed
8582,7031,76,2024-05-30,2,Completed
8583,4339,4,2024-07-24,4,
8584,8022,71,2023-04-19,1,Pending
8585,3931,10,2024-07-15,3,Completed
8586,4961,86,2024-06-17,2,Completed
8587,2221,89,2024-08-23,2,Cancelled
8588,1440,29,2023-07-02,4,Completed
8589,6247,15,2024-04-04,1,Completed
8590,7425,19,2024-02-22,2,Cancelled
8591,8906,58,2024-01-25,2,Completed
8592,6701,53,2024-06-17,1,
8593,8768,46,2023-01-08,1,Cancelled
8594,6340,18,2023-07-25,2,Pending
8595,5085,3,2023-02-23,2,Pending
8596,5511,70,2023-05-11,1,Completed
8597,70,22,2024-05-08,1,Cancelled
8598,9110,55,2024-04-19,1,Completed
8599,8935,64,2023-12-02,2,Completed
8600,6729,41,2023-01-25,1,Completed
8601,4151,95,2023-09-22,3,Completed
8602,2534,85,2023-12-13,1,Completed
8603,7411,8,2024-04-26,4,Returned
8604,9569,65,2024-03-03,1,Completed
8605,8602,3,2023-12-24,2,Completed
8606,3008,29,2024-02-29,2,Returned
8607,8144,70,2023-05-05,2,Completed
8608,6871,97,2023-04-03,1,Pending
8609,5135,18,2023-01-23,,Pending
8610,4243,58,2023-05-10,1,Cancelled
8611,5610,1,2024-08-23,1,Completed
8612,9872,22,2023-05-01,1,Cancelled
8613,7779,95,2023-12-29,,Cancelled
8614,9907,23,2023-07-31,1,Cancelled
8615,1198,8,2024-02-15,2,Cancelled
8616,2338,29,2023-11-10,1,Returned
8617,8087,44,2024-06-03,3,Completed
8618,3194,62,2023-04-22,3,Returned
8619,8219,19,2024-07-26,2,Completed
8620,5221,59,2024-03-11,4,Pending
8621,2974,80,2024-08-14,3,Completed
8622,6532,19,2023-05-08,,Completed
8623,3166,22,2023-02-13,3,Completed
8624,1091,83,2024-06-09,2,Completed
8625,8442,68,2023-02-16,1,Completed
8626,142,5,2023-10-02,3,Completed
8627,267,5,2024-03-02,2,Completed
8628,7720,25,2024-01-16,3,Cancelled
8629,4311,24,2023-06-19,4,Completed
8630,8681,1,2024-02-28,1,Returned
8631,8688,28,2024-07-18,4,Cancelled
8632,480,47,2024-02-18,2,Completed
8633,2691,85,2024-01-23,1,Completed
8634,6000,60,2024-01-09,3,Cancelled
8635,4937,19,2023-03-08,2,Cancelled
8636,2428,87,2023-06-09,4,Completed
8637,9036,14,2024-03-26,2,
8638,8065,70,2023-02-28,4,Completed
8639,3216,96,2023-11-01,2,Completed
8640,5982,96,2024-03-20,2,Cancelled
8641,3912,8,2024-08-12,2,
8642,4078,37,2023-02-01,1,Completed
8643,2350,86,2023-07-19,3,Completed
8644,650,72,2023-09-12,2,Pending
8645,5537,10,2024-04-28,,Completed
8646,2857,67,2023-01-13,2,Pending
8647,5579,13,2023-05-10,2,Returned
8648,1726,39,2024-08-09,1,Completed
8649,8117,64,2023-11-14,3,Completed
8650,1355,30,2024-01-05,4,Completed
8651,1294,4,2023-05-20,1,Completed
8652,3259,45,2024-02-22,1,Completed
8653,2714,6,2023-02-05,3,Pending
8654,8596,16,2023-01-26,1,Completed
8655,4033,22,2024-07-20,2,Cancelled
8656,1547,91,2024-06-09,3,
8657,2607,21,2023-04-05,2,Completed
8658,2826,93,2023-10-27,1,Completed
8659,4207,65,2023-08-22,4,Completed
8660,9005,30,2024-08-09,2,Completed
8661,3375,24,2023-05-28,1,Returned
8662,9122,64,2024-02-01,2,Cancelled
8663,7641,13,2023-02-12,1,Returned
8664,6935,94,2023-06-28,3,Completed
8665,6079,26,2023-11-12,3,Cancelled
8666,3324,98,2024-08-08,1,Completed
8667,8367,20,2023-08-12,3,Completed
8668,7106,61,2024-04-30,1,Completed
8669,1364,6,2024-05-08,3,Completed
8670,9230,43,2023-06-12,3,
8671,7490,49,2023-08-04,1,Pending
8672,7952,9,2023-12-09,1,
8673,3012,37,2024-08-11,4,Completed
8674,2091,16,2023-01-24,3,Cancelled
8675,8653,4,2024-02-07,4,Pending
8676,149,32,2024-05-22,2,Cancelled
8677,4434,84,2023-11-25,2,Completed
8678,5099,93,2023-04-11,2,Cancelled
8679,1134,95,2024-07-28,2,Completed
8680,354,17,2023-04-26,3,Cancelled
8681,9300,41,2024-08-19,4,Returned
8682,2114,89,2023-12-19,1,Returned
8683,7556,45,2024-02-14,2,Cancelled
8684,6011,16,2024-08-08,2,Completed
8685,3686,20,2023-01-25,2,Pending
8686,3207,42,2024-07-03,2,Completed
8687,1110,10,2023-10-17,4,Completed
8688,8419,52,2024-07-12,4,Completed
8689,9205,60,2023-02-17,1,Cancelled
8690,3107,48,2023-08-25,3,Cancelled
8691,3937,23,2024-03-25,2,
8692,9659,33,2023-01-30,2,Completed
8693,8462,77,2023-10-12,1,Completed
8694,3807,25,2023-07-10,1,Completed
8695,6550,50,2023-03-22,,Cancelled
8696,9724,100,2023-10-04,3,Completed
8697,8496,88,2023-08-22,2,Pending
8698,5149,70,2023-02-23,4,
8699,1933,79,2023-01-08,1,Completed
8700,2041,55,2023-01-19,3,Cancelled
8701,7935,98,2023-12-29,3,Completed
8702,8334,68,2023-09-11,2,Completed
8703,6790,78,2024-01-05,1,Completed
8704,5776,4,2023-11-08,,Cancelled
8705,9001,28,2023-07-11,2,Completed
8706,948,29,2023-05-16,1,Completed
8707,766,82,2023-10-11,3,Pending
8708,7173,84,2024-04-07,3,Completed
8709,5016,48,2023-02-10,4,Pending
8710,9131,96,2023-05-24,4,Returned
8711,2497,72,2023-01-23,3,Completed
8712,3563,13,2023-10-15,1,Completed
8713,1263,43,2024-07-25,4,Completed
8714,6394,9,2023-10-25,1,
8715,5051,40,2023-08-02,1,Completed
8716,5411,46,2023-08-15,2,Cancelled
8717,543,58,2024-02-15,2,Cancelled
8718,6665,97,2023-04-03,1,Completed
8719,7724,56,2024-05-19,2,Cancelled
8720,2782,12,2024-06-06,2,Completed
8721,2613,25,2023-05-08,2,Completed
8722,1200,89,2024-06-25,1,Completed
8723,7033,16,2023-11-26,1,Pending
8724,6324,51,2024-05-05,4,
8725,4689,80,2024-03-06,,Completed
8726,4787,99,2023-12-02,1,Cancelled
8727,3682,87,2023-10-06,3,Cancelled
8728,5230,72,2024-06-17,,Completed
8729,3496,53,2023-11-14,1,Cancelled
8730,8857,52,2023-09-16,4,Completed
8731,6079,67,2023-07-12,,Completed
8732,3163,24,2023-12-28,1,Pending
8733,1417,86,2023-02-22,1,Completed
8734,3109,14,2024-08-03,,Completed
8735,8709,22,2024-07-21,2,Completed
8736,9042,98,2024-02-16,1,Completed
8737,7830,100,2024-03-11,2,Returned
8738,908,31,2024-05-09,1,Pending
8739,8508,85,2023-06-23,,Completed
8740,7574,58,2024-01-09,1,Completed
8741,9700,69,2023-04-05,2,Cancelled
8742,9711,19,2023-03-20,4,Pending
8743,1935,53,2024-05-15,4,Completed
8744,5952,85,2023-07-12,,Returned
8745,4345,2,2023-06-06,2,Completed
8746,7427,53,2024-02-23,,Pending
8747,9994,67,2024-04-10,2,Completed
8748,6335,47,2023-03-02,4,Pending
8749,2623,53,2023-05-21,2,Completed
8750,9049,57,2024-03-19,,Completed
8751,5566,94,2023-11-25,3,Completed
8752,1526,98,2023-05-30,1,Cancelled
8753,1417,25,2023-08-30,1,Completed
8754,1795,35,2023-06-14,4,Completed
8755,2721,29,2024-03-01,4,Pending
8756,6827,76,2023-06-23,2,Pending
8757,6796,87,2024-02-28,2,Returned
8758,3677,92,2023-08-26,4,Pending
8759,5077,17,2023-04-12,1,Completed
8760,6370,80,2023-12-31,1,Cancelled
8761,8545,49,2023-01-28,3,Pending
8762,9620,56,2023-02-16,1,Completed
8763,5827,73,2023-02-03,2,Cancelled
8764,2193,3,2024-02-26,1,Completed
8765,9970,22,2024-02-13,4,
8766,3537,95,2023-10-06,1,Completed
8767,7300,14,2024-06-28,1,Completed
8768,9309,3,2023-05-08,1,Cancelled
8769,2321,38,2023-09-27,2,Completed
8770,7872,87,2024-03-05,1,Pending
8771,534,21,2023-09-02,1,Pending
8772,9410,51,2024-07-19,2,Completed
8773,5352,24,2023-06-16,1,Completed
8774,1980,96,2023-08-06,1,Completed
8775,2077,45,2024-07-12,3,Completed
8776,8724,69,2023-04-21,,Completed
8777,4236,97,2024-02-24,3,Returned
8778,6242,44,2023-09-18,4,Completed
8779,4115,47,2024-06-22,,Completed
8780,2585,57,2024-05-03,1,Completed
8781,9741,19,2023-10-15,2,Completed
8782,1489,34,2023-10-13,3,Completed
8783,3660,3,2024-03-11,2,Pending
8784,6403,39,2023-07-16,3,Completed
8785,8048,92,2023-07-14,3,Cancelled
8786,228,75,2024-02-23,4,Pending
8787,4472,60,2023-08-25,4,Pending
8788,5243,10,2024-01-04,1,Completed
8789,7624,40,2024-04-01,1,Completed
8790,4353,2,2023-06-29,1,Completed
8791,4929,45,2023-06-27,1,Completed
8792,7316,27,2023-04-08,3,Completed
8793,699,53,2024-07-02,2,Completed
8794,438,9,2024-02-04,,Completed
8795,5820,1,2023-07-19,1,Cancelled
8796,6181,33,2023-09-26,1,Cancelled
8797,9877,38,2023-10-02,4,Completed
8798,2154,57,2023-10-24,3,Completed
8799,6039,33,2023-02-22,2,Completed
8800,6009,48,2023-01-23,3,Completed
8801,6376,3,2023-04-13,1,Completed
8802,5137,32,2023-05-24,4,Completed
8803,5279,77,2023-01-26,2,
8804,960,21,2023-12-14,1,Returned
8805,8470,68,2024-01-05,1,Returned
8806,4221,17,2023-09-24,4,Returned
8807,3757,42,2024-01-27,2,Pending
8808,7588,68,2023-02-13,4,Completed
8809,9536,84,2024-06-07,3,Completed
8810,4771,12,2024-08-08,2,Completed
8811,8907,90,2024-03-05,1,Returned
8812,9698,45,2024-02-24,4,Returned
8813,3922,36,2023-11-10,3,Completed
8814,2715,80,2024-03-30,2,Pending
8815,1348,51,2023-04-29,2,Completed
8816,5009,7,2024-08-09,3,Cancelled
8817,6086,33,2023-07-12,1,Cancelled
8818,8170,48,2023-04-29,3,Completed
8819,4869,66,2024-08-20,3,Cancelled
8820,3961,33,2023-09-09,1,Completed
8821,9945,78,2023-01-13,4,Cancelled
8822,2506,84,2023-03-15,4,Completed
8823,5097,27,2023-06-01,1,Returned
8824,7376,47,2023-12-24,1,Cancelled
8825,1738,85,2023-08-22,3,Completed
8826,1109,66,2024-06-24,1,Returned
8827,2680,43,2024-04-18,4,Completed
8828,1038,80,2024-06-25,2,Completed
8829,5761,19,2024-03-11,,Completed
8830,9104,68,2024-07-22,3,Completed
8831,2097,10,2023-06-20,1,Returned
8832,359,22,2023-03-07,2,Completed
8833,5954,76,2023-10-14,2,Completed
8834,1077,66,2023-12-12,4,Completed
8835,7237,2,2023-05-12,4,Pending
8836,5672,98,2023-03-13,3,Completed
8837,5816,18,2023-12-06,1,Pending
8838,5765,80,2023-11-19,2,Cancelled
8839,4975,19,2023-02-08,1,Completed
8840,3528,89,2023-01-31,1,Cancelled
8841,2303,30,2023-02-02,2,Completed
8842,9797,6,2024-04-23,1,Completed
8843,1076,27,2023-09-24,4,Cancelled
8844,4049,15,2024-08-10,1,Returned
8845,329,31,2023-08-31,3,Cancelled
8846,3478,44,2023-05-16,2,Completed
8847,7125,86,2024-05-06,4,Completed
8848,1003,76,2023-11-13,3,Returned
8849,8769,10,2024-08-17,4,Completed
8850,8519,21,2023-02-13,2,Cancelled
8851,6387,47,2024-08-06,4,Completed
8852,9720,55,2024-03-08,1,Cancelled
8853,2822,95,2023-03-31,2,
8854,9658,36,2023-05-12,,Completed
8855,2381,74,2023-03-01,,Completed
8856,8687,58,2023-08-09,1,Pending
8857,9331,19,2023-11-17,3,Returned
8858,2417,87,2023-12-07,2,
8859,9549,64,2024-04-02,3,Completed
8860,9346,10,2024-04-29,3,Completed
8861,3250,49,2023-09-02,1,Completed
8862,2143,54,2024-07-20,4,Completed
8863,3389,61,2023-02-03,1,Pending
8864,9317,59,2023-06-05,,Completed
8865,5316,91,2024-02-20,,Pending
8866,8994,2,2023-05-04,1,Completed
8867,208,75,2024-04-14,3,Completed
8868,8665,8,2024-03-06,1,Completed
8869,1639,19,2023-02-18,1,Completed
8870,5128,80,2023-01-17,4,Returned
8871,8328,68,2023-09-29,1,Completed
8872,4357,14,2023-01-22,2,Returned
8873,9363,22,2023-12-12,,Completed
8874,8650,17,2024-07-15,1,Completed
8875,6025,63,2023-11-13,3,Completed
8876,7606,26,2024-07-13,3,Cancelled
8877,1437,99,2023-08-14,4,Pending
8878,6376,36,2023-08-29,4,Returned
8879,8699,45,2024-04-06,2,Completed
8880,6248,30,2024-07-17,3,Completed
8881,8638,21,2023-08-28,,Completed
8882,2782,20,2024-08-19,4,Cancelled
8883,444,42,2024-02-22,2,Completed
8884,118,90,2023-01-10,3,Returned
8885,9733,56,2023-01-06,3,Completed
8886,567,12,2024-03-15,4,Completed
8887,3603,8,2024-07-05,2,Pending
8888,1937,99,2023-09-24,1,Completed
8889,4184,93,2023-06-17,2,Completed
8890,7927,63,2023-03-14,3,Returned
8891,9845,56,2024-04-21,3,Completed
8892,4572,7,2024-07-15,4,Completed
8893,5802,62,2024-03-14,2,Returned
8894,4391,61,2023-10-02,1,
8895,4816,10,2024-04-21,1,Returned
8896,5501,50,2023-05-22,2,Completed
8897,5403,20,2023-10-09,1,Returned
8898,6988,28,2024-04-09,,Completed
8899,4782,14,2023-07-28,1,Returned
8900,2687,76,2023-07-04,3,Completed
8901,1204,8,2023-10-08,1,Completed
8902,5057,7,2024-01-12,1,Pending
8903,7058,5,2023-04-07,1,Pending
8904,8598,1,2023-01-25,3,Completed
8905,5714,73,2023-06-09,2,Completed
8906,5184,82,2023-04-04,1,Pending
8907,4215,10,2024-02-20,2,Completed
8908,4080,58,2023-09-30,3,Completed
8909,313,65,2023-11-02,3,Completed
8910,8355,60,2023-08-16,1,Completed
8911,1529,20,2023-06-18,,Completed
8912,5497,58,2024-05-14,1,
8913,9758,43,2024-03-23,4,Completed
8914,4769,29,2024-08-07,1,Completed
8915,7568,2,2023-06-02,3,Completed
8916,399,26,2023-04-26,2,Completed
8917,6631,75,2024-01-01,3,Completed
8918,1048,89,2023-03-09,2,Pending
8919,1943,98,2024-03-03,1,Completed
8920,240,59,2023-09-09,2,Pending
8921,6465,1,2023-01-23,1,Cancelled
8922,672,31,2023-12-27,3,Cancelled
8923,2620,38,2023-10-03,4,Completed
8924,7920,22,2023-07-29,2,Completed
8925,2462,66,2023-03-07,2,Completed
8926,8594,47,2024-08-15,1,Cancelled
8927,2107,1,2023-10-30,2,Completed
8928,4149,88,2023-09-28,1,Completed
8929,1088,50,2023-09-12,1,Returned
8930,6777,36,2023-07-01,1,Completed
8931,9335,45,2023-02-06,4,Completed
8932,4382,36,2023-06-04,,Completed
8933,5125,34,2023-09-25,4,Pending
8934,7560,9,2023-07-08,,Completed
8935,142,76,2024-06-14,3,Completed
8936,397,84,2024-06-16,1,Completed
8937,5138,4,2024-01-09,3,Cancelled
8938,7282,79,2023-01-26,3,Completed
8939,1556,63,2023-04-14,2,Completed
8940,7055,4,2023-01-15,3,Cancelled
8941,5895,5,2024-08-09,3,Cancelled
8942,1029,10,2024-03-03,2,Returned
8943,5052,44,2024-07-08,1,Cancelled
8944,671,40,2024-05-22,3,Completed
8945,4595,36,2024-04-29,1,Completed
8946,1856,35,2023-01-21,1,Completed
8947,3430,59,2024-05-25,,Cancelled
8948,5277,65,2024-03-04,2,Completed
8949,6987,82,2024-05-03,4,Completed
8950,9881,31,2023-10-16,3,Completed
8951,4432,46,2023-04-20,2,Completed
8952,570,49,2023-05-28,4,Completed
8953,6457,6,2023-12-11,1,Completed
8954,1147,70,2024-06-17,4,Completed
8955,9057,19,2023-11-01,3,Completed
8956,6515,96,2024-02-26,,Cancelled
8957,4901,42,2023-02-25,4,Completed
8958,28,30,2023-09-21,2,Cancelled
8959,5350,26,2024-01-27,4,Completed
8960,1030,3,2024-07-25,3,Completed
8961,6617,33,2023-08-21,1,Completed
8962,1997,50,2024-03-25,4,Completed
8963,1342,31,2023-12-18,,Returned
8964,9441,84,2023-11-24,1,Completed
8965,2088,68,2024-03-28,,Returned
8966,8873,96,2024-05-25,3,Completed
8967,375,82,2023-06-04,1,Returned
8968,3046,10,2023-01-31,2,Completed
8969,6276,22,2024-07-14,4,Returned
8970,5950,63,2023-11-07,2,Completed
8971,806,54,2023-07-31,3,Cancelled
8972,6353,51,2024-04-22,4,Completed
8973,6471,81,2024-07-31,4,Completed
8974,6647,4,2023-07-27,1,Cancelled
8975,279,37,2024-06-04,2,Completed
8976,1406,71,2023-09-14,1,Completed
8977,8980,63,2023-04-15,3,Returned
8978,7151,51,2024-02-17,,Completed
8979,1333,8,2024-04-21,1,Completed
8980,8066,1,2024-04-18,2,Returned
8981,3148,8,2024-06-19,,Returned
8982,7993,83,2024-06-23,4,Completed
8983,3450,81,2023-06-16,1,Pending
8984,433,55,2023-12-20,2,Completed
8985,8027,9,2023-04-17,,Pending
8986,1010,51,2023-06-24,2,Completed
8987,7280,16,2023-04-16,3,Completed
8988,5192,53,2023-05-22,3,Completed
8989,8509,59,2023-10-15,3,Cancelled
8990,5308,45,2024-03-21,2,Completed
8991,4217,37,2024-06-29,1,Returned
8992,1366,91,2024-04-16,3,Completed
8993,6797,66,2023-10-01,,Returned
8994,9128,64,2024-02-04,,Cancelled
8995,3519,36,2024-03-07,3,Cancelled
8996,2769,76,2023-02-12,2,Cancelled
8997,496,50,2024-06-12,2,Completed
8998,3593,99,2023-09-26,1,Completed
8999,2233,95,2023-01-04,4,Pending
9000,8049,53,2023-05-05,1,Pending
9001,2936,57,2023-03-15,1,Completed
9002,6720,19,2023-02-24,3,Completed
9003,4446,26,2024-07-25,3,Cancelled
9004,2368,100,2024-06-03,3,Returned
9005,6556,68,2023-10-10,3,Completed
9006,906,43,2023-09-16,2,Completed
9007,8169,95,2023-11-05,1,Returned
9008,7901,58,2023-01-28,,Completed
9009,4598,77,2023-11-29,4,Cancelled
9010,7654,59,2023-02-23,2,Returned
9011,5010,46,2023-06-03,2,Returned
9012,7236,68,2024-05-24,2,Returned
9013,9708,40,2023-03-08,3,Completed
9014,7209,13,2024-04-13,3,Completed
9015,7959,9,2024-07-22,1,Completed
9016,5289,66,2023-12-08,2,
9017,7814,99,2023-05-20,3,Completed
9018,6137,53,2023-07-15,,Completed
9019,8304,76,2023-07-24,2,Returned
9020,6607,81,2024-07-31,3,Completed
9021,9865,4,2023-01-29,2,Returned
9022,2303,14,2023-03-12,1,Completed
9023,9843,85,2023-02-24,4,Completed
9024,7326,8,2023-02-28,3,Completed
9025,4396,97,2023-07-28,2,Completed
9026,3996,62,2023-12-15,3,Cancelled
9027,8499,45,2023-11-14,4,Pending
9028,8313,92,2024-01-29,4,Completed
9029,7770,67,2024-08-18,4,Pending
9030,9470,62,2023-10-22,1,Pending
9031,1428,78,2023-02-23,4,Completed
9032,5614,83,2024-06-28,2,Completed
9033,3103,70,2024-04-28,1,
9034,9378,36,2024-07-10,1,Completed
9035,1456,84,2023-04-05,3,Completed
9036,9372,1,2024-08-09,1,Completed
9037,1347,60,2023-12-15,2,Returned
9038,8821,74,2024-06-08,3,Completed
9039,1215,13,2024-06-11,3,Completed
9040,1962,12,2023-04-26,3,Completed
9041,2996,75,2024-07-13,3,Completed
9042,4613,100,2023-04-24,,Completed
9043,9740,17,2023-03-29,4,Completed
9044,5691,47,2023-07-04,1,Cancelled
9045,2859,53,2023-09-17,,Completed
9046,762,93,2023-06-08,1,Completed
9047,5459,67,2023-04-01,3,Returned
9048,8048,93,2024-05-18,4,Completed
9049,4903,10,2024-04-10,3,Completed
9050,8106,46,2024-02-02,4,Completed
9051,1497,83,2023-08-13,,Returned
9052,9436,4,2024-07-18,,Completed
9053,4583,57,2023-11-22,2,
9054,2044,38,2024-05-11,,Pending
9055,3377,12,2024-02-26,1,Completed
9056,8709,31,2024-02-24,2,Completed
9057,835,2,2024-02-04,4,Returned
9058,624,1,2023-11-14,,Completed
9059,1048,81,2024-08-16,1,Completed
9060,1565,25,2023-02-28,,Cancelled
9061,3983,5,2024-07-03,,Completed
9062,5441,48,2023-10-16,,Completed
9063,497,14,2024-02-26,1,Completed
9064,543,52,2023-04-25,4,Completed
9065,916,74,2023-08-22,3,Completed
9066,1802,21,2024-07-24,1,Completed
9067,82,25,2024-02-17,,Completed
9068,1180,99,2024-04-21,1,Completed
9069,8358,67,2023-06-05,2,Completed
9070,2072,82,2023-02-24,1,Completed
9071,8999,50,2024-02-02,2,Completed
9072,7031,100,2023-10-05,3,Completed
9073,332,33,2023-03-20,,Completed
9074,7146,17,2024-07-21,,Cancelled
9075,9727,70,2024-05-21,2,Completed
9076,6980,34,2023-09-07,2,Completed
9077,8373,26,2023-05-12,1,Completed
9078,9509,42,2023-10-19,2,Pending
9079,6113,31,2023-05-13,,Completed
9080,9299,51,2024-05-13,1,Returned
9081,1590,92,2023-11-13,1,Completed
9082,2487,36,2024-03-22,4,Completed
9083,5835,13,2023-12-29,3,Completed
9084,2591,85,2024-06-11,2,Completed
9085,8680,90,2023-09-23,4,Completed
9086,8804,95,2024-07-16,1,Cancelled
9087,3421,80,2024-08-04,4,Pending
9088,5209,95,2023-05-25,2,Completed
9089,9590,13,2024-03-21,4,
9090,7215,94,2023-05-29,2,Completed
9091,1457,32,2024-05-25,1,Completed
9092,9530,5,2023-04-11,3,Returned
9093,4498,12,2023-09-03,1,Completed
9094,2868,59,2023-04-09,1,Completed
9095,4584,41,2023-09-24,2,Completed
9096,5255,37,2023-11-23,2,Completed
9097,6346,68,2024-07-23,3,Completed
9098,6572,48,2023-09-23,3,Completed
9099,7084,43,2024-04-19,2,Completed
9100,5299,93,2024-07-02,2,Completed
9101,79,41,2023-11-29,,Completed
9102,5653,56,2023-11-15,1,Cancelled
9103,378,69,2023-08-10,3,Completed
9104,165,11,2023-04-07,2,Completed
9105,7968,94,2023-10-06,2,Completed
9106,9913,9,2024-07-18,3,Completed
9107,5942,28,2024-03-09,4,Pending
9108,8347,22,2023-04-15,3,Completed
9109,1147,75,2024-01-15,3,Pending
9110,9256,85,2024-04-14,2,Returned
9111,2217,6,2023-01-22,2,Pending
9112,5450,26,2023-07-27,2,Returned
9113,1464,16,2024-06-14,1,Returned
9114,3471,14,2023-05-26,3,Completed
9115,1517,35,2023-02-16,2,Returned
9116,4424,42,2023-02-21,3,Completed
9117,1527,53,2024-07-30,2,Completed
9118,789,100,2023-02-10,,Completed
9119,6521,22,2023-10-27,2,Completed
9120,7422,53,2023-03-11,3,Cancelled
9121,6578,66,2023-06-25,3,Cancelled
9122,2549,13,2024-03-28,3,Completed
9123,7253,11,2024-05-12,1,Completed
9124,4609,12,2024-03-24,1,Completed
9125,8708,97,2024-01-08,3,Completed
9126,6641,86,2024-06-21,4,Completed
9127,6746,53,2023-07-27,3,Completed
9128,3063,9,2023-08-21,2,Cancelled
9129,5282,71,2023-07-13,1,Completed
9130,4763,17,2023-06-13,4,Completed
9131,9760,61,2023-04-05,,Returned
9132,9641,10,2023-01-17,1,Completed
9133,967,38,2024-07-27,4,Cancelled
9134,6077,39,2024-03-08,1,Completed
9135,5695,89,2024-05-22,,Completed
9136,8556,91,2023-04-27,3,Completed
9137,108,94,2023-01-17,1,Cancelled
9138,7182,30,2023-01-04,1,Completed
9139,8815,34,2023-09-12,3,Completed
9140,4417,33,2023-05-26,3,Completed
9141,510,32,2023-11-24,3,Completed
9142,6816,12,2023-12-04,2,Pending
9143,9257,87,2023-11-14,3,Completed
9144,3866,93,2023-01-29,4,Cancelled
9145,8496,65,2023-08-08,,Completed
9146,9161,84,2024-04-11,2,Completed
9147,9631,10,2023-02-23,2,Cancelled
9148,3872,19,2023-07-24,1,Completed
9149,5514,23,2023-08-08,2,Cancelled
9150,6509,85,2024-06-17,4,
9151,7165,57,2023-03-17,2,
9152,3501,99,2023-12-24,2,Pending
9153,2200,59,2023-09-12,4,Completed
9154,3902,96,2023-06-03,1,Completed
9155,7759,54,2023-01-06,4,Completed
9156,6071,74,2023-09-21,1,Completed
9157,2271,2,2024-02-21,1,Completed
9158,5386,100,2023-08-14,2,
9159,230,48,2023-12-19,4,Completed
9160,2487,6,2023-09-25,,Completed
9161,8342,43,2024-06-20,3,Cancelled
9162,910,17,2023-08-24,2,Completed
9163,978,79,2023-10-17,2,Completed
9164,635,36,2023-11-22,3,Cancelled
9165,5990,24,2023-09-15,,Completed
9166,4718,61,2023-12-30,,Returned
9167,2191,29,2023-04-24,4,Completed
9168,5190,78,2024-03-22,3,Completed
9169,4940,58,2023-05-05,2,Cancelled
9170,7082,66,2024-07-31,1,Returned
9171,3475,86,2024-07-27,2,Pending
9172,6696,53,2023-11-21,2,Completed
9173,7195,70,2024-05-27,1,Cancelled
9174,1866,9,2023-02-17,2,Completed
9175,299,76,2023-02-18,3,Returned
9176,2740,42,2023-04-08,3,Pending
9177,6702,39,2023-10-05,1,Cancelled
9178,3726,69,2023-09-12,2,Completed
9179,4541,40,2024-06-28,3,Completed
9180,8290,59,2024-05-29,,Completed
9181,4815,44,2023-10-19,1,Completed
9182,6135,65,2023-06-04,3,Completed
9183,3523,74,2023-05-09,1,Completed
9184,4419,11,2023-08-04,1,Completed
9185,6819,91,2023-07-09,1,Returned
9186,8125,87,2024-07-09,2,Pending
9187,8163,84,2024-03-23,4,Returned
9188,5490,5,2023-07-31,4,Completed
9189,6086,77,2023-04-15,2,Completed
9190,9038,74,2023-04-17,2,Completed
9191,4186,49,2023-01-07,1,Cancelled
9192,4227,51,2023-11-17,2,Returned
9193,8097,36,2023-07-08,1,Completed
9194,3882,16,2024-06-11,1,Completed
9195,7693,7,2023-12-01,1,Cancelled
9196,9245,96,2024-01-08,4,Completed
9197,3616,89,2023-01-29,1,Completed
9198,6806,44,2024-07-26,3,Completed
9199,3158,26,2023-04-26,1,Completed
9200,2106,36,2024-05-17,4,
9201,5177,53,2023-10-12,1,Pending
9202,994,92,2023-07-23,1,Completed
9203,3097,44,2023-03-15,2,Completed
9204,190,12,2023-09-19,,Completed
9205,2899,90,2024-07-10,4,
9206,5857,68,2023-05-15,3,Completed
9207,4250,23,2023-08-30,1,
9208,5389,88,2024-02-17,1,Completed
9209,7047,95,2023-01-22,4,Pending
9210,3412,30,2024-06-27,4,Returned
9211,9239,63,2024-05-02,2,Pending
9212,606,3,2023-08-20,2,Pending
9213,1367,80,2024-03-24,3,Completed
9214,6483,34,2023-06-29,2,Returned
9215,9257,92,2023-04-17,2,Cancelled
9216,5796,49,2024-08-08,1,Pending
9217,518,44,2023-01-10,1,Completed
9218,5219,41,2024-02-10,3,Completed
9219,3808,48,2023-10-24,4,Cancelled
9220,5436,71,2023-03-29,3,Completed
9221,2273,8,2024-02-08,3,Returned
9222,2309,7,2024-01-06,,Completed
9223,9295,37,2023-03-13,2,Completed
9224,4793,55,2024-07-20,1,Completed
9225,811,71,2024-07-24,1,Returned
9226,8269,50,2024-06-15,,Cancelled
9227,2310,82,2024-08-12,3,
9228,7909,21,2023-01-26,4,Completed
9229,9218,34,2023-01-16,2,Completed
9230,4440,49,2023-12-05,2,Completed
9231,6390,27,2024-03-29,1,Completed
9232,3559,8,2023-09-16,4,Completed
9233,8009,34,2023-02-27,1,Completed
9234,846,18,2024-01-01,,Completed
9235,8885,51,2023-02-01,1,Returned
9236,1333,12,2023-01-18,1,Cancelled
9237,6301,86,2024-07-18,1,Completed
9238,1275,51,2023-10-16,4,Completed
9239,7167,63,2024-03-18,1,Completed
9240,9437,40,2023-10-24,2,Completed
9241,338,22,2023-07-19,1,Completed
9242,3295,8,2024-02-13,1,Completed
9243,337,28,2023-06-30,2,Completed
9244,1868,50,2023-08-31,,
9245,6915,47,2023-03-28,4,Completed
9246,495,56,2023-03-04,1,Completed
9247,4643,32,2024-06-14,4,Completed
9248,3887,11,2024-04-09,2,Completed
9249,8353,21,2023-05-02,1,Completed
9250,2037,26,2023-11-15,3,Completed
9251,9934,14,2023-03-29,1,Completed
9252,9700,79,2023-12-05,4,Completed
9253,5084,14,2023-03-31,3,Completed
9254,3561,76,2023-04-28,1,Completed
9255,9568,100,2023-04-14,3,Returned
9256,9746,3,2023-11-26,2,Completed
9257,2282,57,2024-06-21,2,Returned
9258,1602,7,2024-03-29,2,Completed
9259,1300,39,2023-06-24,2,Completed
9260,8903,57,2024-04-11,3,Completed
9261,4168,65,2023-01-12,3,Completed
9262,2047,25,2023-07-18,,
9263,2882,31,2023-08-22,1,Completed
9264,5475,86,2024-06-27,3,Completed
9265,1818,10,2023-12-26,4,Cancelled
9266,2199,82,2024-03-31,1,Completed
9267,3333,77,2023-07-01,,Completed
9268,1104,72,2024-06-26,1,Returned
9269,3178,9,2023-04-09,4,Completed
9270,4816,79,2023-10-16,3,Pending
9271,2178,8,2023-01-17,3,Completed
9272,1195,97,2024-04-17,4,Cancelled
9273,4502,99,2023-06-07,,
9274,6042,19,2024-02-19,,Pending
9275,8728,30,2023-04-26,3,Returned
9276,7061,9,2024-08-07,2,Completed
9277,9262,83,2023-10-03,4,Completed
9278,8325,47,2023-01-15,3,Returned
9279,264,46,2023-02-28,2,Completed
9280,4463,90,2023-02-10,,Pending
9281,6969,1,2023-04-08,3,Returned
9282,2053,3,2024-01-08,2,Returned
9283,4947,34,2024-01-08,2,Completed
9284,5826,25,2023-10-12,,Completed
9285,6045,30,2024-06-25,2,Cancelled
9286,4090,1,2023-04-21,1,
9287,358,18,2024-05-30,2,Pending
9288,5506,33,2024-08-02,4,Returned
9289,4421,9,2023-10-18,3,Cancelled
9290,8943,7,2024-07-16,4,Completed
9291,3251,30,2023-08-25,1,Pending
9292,6563,77,2024-04-03,3,Completed
9293,2259,81,2024-08-11,1,Completed
9294,9103,13,2024-05-08,3,Returned
9295,3811,13,2023-02-10,2,Cancelled
9296,584,42,2023-01-21,,Completed
9297,3439,74,2023-09-02,1,Completed
9298,8769,78,2023-12-02,1,Returned
9299,6358,63,2024-04-23,1,Pending
9300,9345,69,2023-12-26,1,Completed
9301,6147,36,2023-06-25,1,Returned
9302,4991,35,2024-06-28,4,Completed
9303,1784,46,2023-05-13,2,Completed
9304,1094,45,2023-07-03,4,Pending
9305,4533,56,2024-01-23,1,Completed
9306,5118,87,2024-03-30,4,Cancelled
9307,7939,5,2023-04-24,1,Completed
9308,6747,44,2024-08-15,,Cancelled
9309,2134,28,2024-07-28,3,Completed
9310,8710,87,2023-03-19,2,Completed
9311,8934,42,2023-02-22,3,Pending
9312,6121,98,2023-10-29,,Completed
9313,2478,31,2023-03-28,3,Cancelled
9314,4959,7,2023-05-08,1,Completed
9315,6138,7,2023-11-28,3,Completed
9316,2877,4,2023-12-21,4,Pending
9317,43,32,2023-07-09,,Completed
9318,5830,28,2023-10-20,3,Cancelled
9319,3442,56,2024-01-01,1,Returned
9320,8596,4,2024-04-25,4,Returned
9321,9519,8,2024-03-05,,Completed
9322,6347,14,2024-07-11,2,Cancelled
9323,6850,30,2024-08-04,2,Returned
9324,6687,3,2024-01-22,3,Completed
9325,2651,2,2024-07-03,1,Completed
9326,4346,10,2023-12-22,,Completed
9327,878,70,2023-09-29,4,Completed
9328,1887,71,2023-11-16,1,Returned
9329,1304,16,2024-07-27,,Cancelled
9330,1741,70,2024-01-03,,Completed
9331,1113,80,2024-07-24,2,Completed
9332,3877,91,2023-11-29,3,Completed
9333,6041,76,2023-09-16,1,Completed
9334,7453,86,2024-05-20,1,Pending
9335,6119,79,2024-05-16,2,Returned
9336,8440,22,2024-04-09,1,Pending
9337,6796,35,2023-05-05,4,Completed
9338,7045,79,2024-04-22,,Completed
9339,568,87,2023-11-18,1,Completed
9340,5959,49,2024-08-02,1,Pending
9341,9381,2,2023-04-24,1,Completed
9342,1354,66,2024-04-10,,Pending
9343,5030,19,2023-04-11,4,Cancelled
9344,9173,69,2024-04-29,3,Returned
9345,4966,4,2023-09-24,4,Completed
9346,169,92,2023-08-27,1,Cancelled
9347,7713,82,2023-05-14,1,Cancelled
9348,2672,41,2023-11-14,2,Completed
9349,379,56,2023-10-12,3,Returned
9350,1933,55,2023-03-16,3,
9351,194,31,2023-01-23,1,Completed
9352,8456,22,2024-01-22,2,Completed
9353,9664,75,2024-03-22,3,Returned
9354,4617,48,2024-03-20,2,Cancelled
9355,5015,80,2023-02-12,1,Completed
9356,7879,4,2024-02-07,1,Returned
9357,1301,21,2023-11-13,1,Cancelled
9358,3201,41,2024-02-25,3,Completed
9359,3374,45,2024-05-16,1,Completed
9360,8766,89,2023-05-20,4,Completed
9361,9730,84,2023-10-12,1,
9362,1384,8,2023-09-24,3,Pending
9363,9573,9,2023-08-11,,Cancelled
9364,3538,18,2023-07-23,1,Pending
9365,7925,31,2023-01-16,2,Completed
9366,9716,35,2023-09-25,2,Completed
9367,4992,30,2024-08-16,2,Pending
9368,5203,18,2024-05-27,3,Completed
9369,3933,83,2023-05-08,1,Completed
9370,3623,41,2023-12-05,1,Pending
9371,9088,24,2023-10-10,,Completed
9372,465,86,2024-08-01,3,Completed
9373,7981,48,2024-05-26,1,Completed
9374,1611,14,2024-03-09,2,
9375,8805,19,2023-12-09,1,
9376,605,60,2024-07-07,1,Completed
9377,7968,93,2023-11-17,1,Pending
9378,621,22,2024-02-28,4,Cancelled
9379,2603,30,2024-07-18,2,Completed
9380,6474,15,2023-01-18,4,Completed
9381,3801,21,2023-07-12,2,Completed
9382,7099,26,2024-01-13,4,Completed
9383,6539,100,2023-04-21,1,Cancelled
9384,156,12,2023-05-09,3,Completed
9385,8161,7,2024-06-15,2,
9386,6682,75,2024-07-28,1,Completed
9387,2716,84,2023-10-04,4,Cancelled
9388,4340,35,2024-04-20,1,Completed
9389,8071,68,2024-01-02,,Completed
9390,6691,2,2023-06-20,4,Pending
9391,450,20,2023-10-28,2,Completed
9392,1070,47,2023-09-10,,Pending
9393,4018,84,2024-02-28,1,Pending
9394,2820,12,2024-08-21,2,Returned
9395,2286,53,2023-04-09,4,Completed
9396,9383,17,2023-12-18,,
9397,1400,18,2023-04-09,1,Completed
9398,2249,24,2024-08-19,3,Pending
9399,6376,72,2023-10-11,2,Cancelled
9400,724,37,2023-09-14,4,Completed
9401,9634,30,2023-12-09,1,Cancelled
9402,5274,84,2024-03-15,2,Completed
9403,7536,52,2023-05-21,1,Returned
9404,4821,23,2023-01-05,2,Completed
9405,87,37,2023-12-18,3,Completed
9406,7698,74,2023-09-25,2,Completed
9407,6847,97,2024-01-08,3,Completed
9408,4150,24,2023-10-31,3,Completed
9409,1752,100,2023-01-16,1,Completed
9410,5162,80,2024-01-31,2,Cancelled
9411,3421,50,2024-02-01,1,Completed
9412,4838,92,2024-05-27,2,Completed
9413,2484,76,2023-05-26,2,Completed
9414,3213,20,2024-07-24,1,Pending
9415,3923,47,2023-05-08,2,Pending
9416,6311,18,2024-07-20,3,
9417,6043,26,2024-04-15,2,Completed
9418,8014,71,2024-04-04,3,Completed
9419,9679,43,2024-02-11,2,Completed
9420,3528,47,2024-07-20,4,Pending
9421,8265,85,2024-08-09,2,Cancelled
9422,8917,43,2024-04-23,2,Completed
9423,3755,32,2024-04-25,4,Returned
9424,8163,7,2023-08-18,1,Cancelled
9425,4366,87,2023-01-12,1,Cancelled
9426,8411,84,2024-08-22,3,Completed
9427,547,84,2023-12-17,4,Completed
9428,3730,32,2023-03-21,1,Completed
9429,7351,90,2023-12-15,1,Completed
9430,5885,100,2023-03-25,1,Completed
9431,1969,88,2023-06-23,2,Completed
9432,4517,65,2023-08-13,4,Completed
9433,1260,58,2023-12-24,,Pending
9434,6993,53,2024-01-10,1,Completed
9435,7757,92,2023-06-13,1,Pending
9436,2934,90,2023-05-21,4,Returned
9437,2510,34,2023-05-24,1,Pending
9438,1563,90,2024-07-16,2,Completed
9439,9982,100,2023-02-23,1,Completed
9440,8076,69,2023-11-29,1,Completed
9441,3670,56,2023-02-16,2,Cancelled
9442,2482,66,2023-09-05,2,Completed
9443,7199,32,2023-05-05,3,Completed
9444,205,98,2024-01-28,3,Cancelled
9445,742,50,2024-08-08,2,Completed
9446,7050,94,2023-03-16,4,Cancelled
9447,4264,24,2023-05-08,4,Pending
9448,7838,92,2024-02-21,1,Pending
9449,4738,46,2024-01-16,2,Completed
9450,1106,3,2023-05-22,4,Completed
9451,6831,10,2023-03-05,4,Completed
9452,4198,6,2023-01-07,1,Completed
9453,89,98,2023-12-16,2,Completed
9454,6489,95,2023-04-25,2,
9455,3382,52,2024-07-09,3,
9456,3186,50,2024-03-19,2,Completed
9457,6680,58,2024-02-12,1,Returned
9458,6307,52,2024-02-09,3,Completed
9459,865,13,2023-08-03,2,Completed
9460,8247,59,2023-04-09,1,Cancelled
9461,4672,39,2024-01-01,,Completed
9462,558,53,2023-05-09,1,Returned
9463,9185,58,2024-07-04,1,
9464,4292,20,2023-03-07,4,Completed
9465,448,63,2023-09-10,2,Pending
9466,1822,96,2024-02-03,2,Completed
9467,3820,10,2023-06-09,3,Completed
9468,92,26,2023-08-24,1,Completed
9469,608,19,2024-06-07,1,Returned
9470,9444,93,2024-05-18,1,Returned
9471,286,61,2024-04-02,1,Pending
9472,2922,77,2024-02-20,4,Completed
9473,102,34,2023-07-21,,Completed
9474,3836,84,2023-06-07,2,Completed
9475,8170,44,2024-05-20,1,Completed
9476,4236,18,2023-09-17,1,Completed
9477,9871,98,2023-10-16,2,Completed
9478,7510,72,2024-02-10,4,Completed
9479,6717,16,2023-01-21,4,Completed
9480,535,87,2023-02-28,1,Completed
9481,6667,96,2023-12-19,1,Completed
9482,8208,77,2023-06-09,1,Returned
9483,8753,26,2023-05-11,4,Returned
9484,2926,65,2023-05-17,2,Cancelled
9485,910,66,2023-10-22,2,Returned
9486,9606,77,2023-12-15,,Completed
9487,5009,27,2023-04-23,,Completed
9488,119,4,2023-09-19,2,Completed
9489,3114,51,2023-08-15,1,Completed
9490,6154,84,2023-03-17,1,Cancelled
9491,1492,3,2024-06-02,1,Returned
9492,2097,87,2024-03-03,3,Completed
9493,7945,66,2023-09-01,3,Completed
9494,2255,16,2023-02-14,3,Cancelled
9495,8706,74,2023-01-21,1,Completed
9496,6104,28,2023-02-16,4,Returned
9497,1234,44,2023-03-04,2,Returned
9498,5259,18,2024-03-29,1,Completed
9499,9672,2,2023-05-10,3,Pending
9500,5632,78,2024-02-14,,Completed
9501,3350,44,2024-06-27,2,Completed
9502,9733,20,2023-11-27,1,Returned
9503,130,56,2023-02-08,1,
9504,3717,23,2023-01-29,1,
9505,6755,60,2024-07-13,4,Completed
9506,3744,71,2024-02-11,3,Cancelled
9507,1772,45,2023-10-10,3,Completed
9508,4455,47,2024-01-26,4,Cancelled
9509,6771,78,2023-11-09,,Returned
9510,7251,37,2023-07-16,2,Pending
9511,5274,8,2024-02-01,3,Completed
9512,8698,5,2023-06-03,2,Pending
9513,5629,23,2024-07-23,2,Pending
9514,4914,10,2023-04-17,4,Completed
9515,9031,27,2023-12-14,3,Completed
9516,4719,99,2024-03-03,1,Completed
9517,2677,1,2023-06-24,2,Completed
9518,97,71,2023-10-26,4,Returned
9519,1964,8,2023-02-25,,Completed
9520,5402,11,2023-11-02,3,Completed
9521,7768,98,2024-01-01,2,Completed
9522,599,28,2023-06-10,1,Completed
9523,3964,34,2023-08-02,2,Completed
9524,8621,43,2023-08-21,3,Completed
9525,7294,84,2024-01-14,1,Cancelled
9526,1325,28,2023-12-30,1,Completed
9527,8112,49,2023-12-14,3,Pending
9528,1768,61,2023-11-19,3,Completed
9529,5165,37,2024-02-12,3,Cancelled
9530,9709,3,2023-03-06,,Completed
9531,1340,9,2024-04-24,3,Cancelled
9532,9169,86,2024-07-08,1,Completed
9533,6467,89,2024-04-19,4,Completed
9534,9807,2,2024-04-18,2,Completed
9535,9777,23,2024-02-17,1,Completed
9536,5464,51,2024-07-24,3,Completed
9537,5491,17,2024-01-13,1,Completed
9538,4062,25,2024-06-03,2,Completed
9539,7605,76,2023-12-20,3,
9540,1271,27,2023-05-21,,Completed
9541,219,20,2024-01-14,3,Cancelled
9542,534,73,2024-01-16,1,Completed
9543,7952,87,2023-01-04,1,Returned
9544,9688,36,2024-04-11,2,Cancelled
9545,9566,28,2023-02-12,1,Completed
9546,3824,29,2024-07-31,2,Cancelled
9547,65,42,2024-01-25,3,Returned
9548,4342,58,2024-05-04,2,Completed
9549,5083,32,2023-05-17,4,Completed
9550,9917,12,2023-04-26,2,Returned
9551,2986,30,2023-10-07,2,Completed
9552,5595,60,2023-08-18,2,Completed
9553,3914,11,2023-11-18,4,Returned
9554,9241,84,2024-04-29,,
9555,8018,11,2023-03-24,,Cancelled
9556,4256,80,2023-04-04,,Completed
9557,1005,99,2023-09-04,,Cancelled
9558,2123,50,2023-03-17,3,Completed
9559,6697,1,2023-12-28,3,Completed
9560,3982,89,2024-03-08,1,Cancelled
9561,472,27,2024-04-20,4,Completed
9562,3406,32,2024-02-08,3,Cancelled
9563,309,6,2024-01-15,4,Completed
9564,7696,41,2024-01-24,2,Completed
9565,7708,36,2024-05-07,4,Completed
9566,3048,39,2023-04-20,3,Completed
9567,2018,87,2023-11-13,1,Completed
9568,4882,93,2023-10-24,1,Completed
9569,1479,30,2023-03-29,4,Returned
9570,4198,86,2023-02-24,2,Completed
9571,7722,57,2023-08-24,1,Returned
9572,4871,11,2023-01-29,2,Completed
9573,3460,90,2024-03-30,1,Completed
9574,9424,87,2023-12-30,4,Completed
9575,5435,3,2024-03-21,1,Completed
9576,572,48,2023-07-24,2,Completed
9577,3590,6,2023-04-04,3,Cancelled
9578,8340,7,2023-08-26,4,Completed
9579,5919,44,2024-05-24,4,Completed
9580,597,61,2024-01-13,1,Returned
9581,5074,54,2023-02-04,4,Completed
9582,1071,51,2023-09-26,3,Pending
9583,4251,86,2023-11-17,1,Returned
9584,4326,48,2023-09-08,3,Completed
9585,3372,61,2023-01-14,4,Cancelled
9586,158,97,2023-01-02,3,Completed
9587,9115,40,2024-07-25,,Pending
9588,3319,3,2024-01-02,2,Completed
9589,6712,30,2023-01-04,3,Completed
9590,7222,24,2023-05-15,1,Cancelled
9591,9439,67,2023-03-04,4,Cancelled
9592,8958,2,2024-01-23,3,Cancelled
9593,2613,44,2023-08-05,3,Completed
9594,4563,40,2023-01-25,3,Cancelled
9595,444,19,2023-07-13,3,Pending
9596,5974,63,2024-05-10,4,
9597,905,24,2024-08-12,3,Cancelled
9598,2911,50,2023-08-03,2,Returned
9599,1802,20,2023-06-08,1,
9600,926,57,2023-12-11,2,Completed
9601,7852,50,2023-12-15,2,Completed
9602,5931,95,2024-08-07,3,Completed
9603,8944,58,2023-02-24,2,Completed
9604,9427,31,2023-12-31,1,Pending
9605,2923,37,2024-05-05,1,
9606,8855,93,2024-01-20,3,Pending
9607,7556,4,2024-08-12,3,Completed
9608,9777,58,2024-01-17,1,Returned
9609,920,10,2024-01-25,2,Returned
9610,5005,63,2023-01-31,2,Completed
9611,4220,36,2024-01-14,1,Cancelled
9612,8260,55,2024-06-24,2,Pending
9613,4571,99,2023-10-23,1,
9614,4454,57,2023-08-23,1,Completed
9615,9959,85,2023-10-22,2,Completed
9616,5576,43,2024-05-31,2,Pending
9617,1954,65,2023-08-31,3,Completed
9618,2569,12,2023-11-25,3,Completed
9619,7946,62,2023-02-24,2,Completed
9620,3709,24,2024-06-30,2,Completed
9621,4929,2,2024-07-26,2,Completed
9622,3400,47,2023-10-29,,Returned
9623,9546,56,2023-03-02,,Cancelled
9624,6571,84,2024-07-06,4,Completed
9625,443,16,2023-07-26,3,
9626,601,34,2023-11-18,,Pending
9627,4583,77,2024-02-13,1,Pending
9628,2787,18,2023-12-25,3,Completed
9629,2696,29,2023-09-24,2,Returned
9630,2053,54,2023-07-07,1,Completed
9631,632,51,2024-04-05,1,Completed
9632,3443,14,2023-03-11,2,Pending
9633,1755,94,2023-06-23,1,Completed
9634,7021,58,2024-07-24,1,Completed
9635,9771,35,2023-01-04,2,Returned
9636,26,9,2024-05-08,3,Completed
9637,7947,37,2024-03-17,1,Completed
9638,7298,12,2024-07-03,3,Completed
9639,6554,85,2023-04-29,4,Cancelled
9640,5760,82,2023-03-01,3,Completed
9641,7756,11,2024-08-06,1,Completed
9642,1130,27,2023-11-10,1,Completed
9643,4997,88,2023-08-04,2,Completed
9644,4146,43,2024-02-11,4,Completed
9645,5642,50,2023-07-12,1,Pending
9646,8634,98,2024-01-23,3,Completed
9647,5898,20,2023-04-02,2,Cancelled
9648,7370,13,2023-01-06,4,Completed
9649,3896,47,2024-03-15,2,Completed
9650,4798,8,2024-02-03,3,Returned
9651,1829,69,2023-01-19,3,Returned
9652,9728,71,2023-07-20,1,Completed
9653,560,64,2024-06-01,1,Cancelled
9654,9366,44,2023-01-17,1,Cancelled
9655,9277,12,2024-07-21,3,Completed
9656,3915,4,2024-03-14,2,Completed
9657,8431,40,2024-02-07,1,Completed
9658,8051,19,2024-06-15,2,Completed
9659,9664,54,2023-06-03,1,Cancelled
9660,6901,1,2024-04-28,1,Returned
9661,5588,13,2024-02-21,1,Completed
9662,5413,50,2024-04-25,1,Cancelled
9663,4613,53,2023-07-09,1,Cancelled
9664,3684,42,2023-09-15,3,Cancelled
9665,8397,25,2024-03-12,3,Completed
9666,7348,44,2023-02-14,1,Cancelled
9667,3601,98,2023-06-12,1,Pending
9668,6644,99,2023-10-26,4,Pending
9669,1214,61,2023-05-16,1,Completed
9670,7348,81,2024-04-18,1,Completed
9671,3092,90,2024-01-18,1,Completed
9672,1383,21,2024-08-16,3,Completed
9673,3681,51,2024-07-28,1,Completed
9674,9872,76,2023-11-27,,Completed
9675,8199,80,2024-02-11,1,Pending
9676,3499,52,2023-04-12,1,Cancelled
9677,8488,63,2024-08-11,3,Completed
9678,5507,84,2024-06-11,1,Completed
9679,8456,54,2024-06-09,2,Returned
9680,2138,10,2024-02-15,2,Completed
9681,7656,87,2023-12-19,1,Completed
9682,8125,94,2024-03-05,4,Completed
9683,4949,59,2023-10-30,2,
9684,3866,8,2023-03-19,2,Returned
9685,5461,51,2024-08-23,2,Completed
9686,5449,5,2023-03-24,1,Completed
9687,4497,76,2023-09-07,3,Completed
9688,4453,42,2024-02-16,2,Pending
9689,6899,78,2024-01-23,,Cancelled
9690,2547,12,2024-07-05,2,Completed
9691,4930,24,2024-08-02,4,Cancelled
9692,8311,45,2023-03-13,1,
9693,7215,53,2023-11-12,1,Completed
9694,2396,53,2024-02-03,,Completed
9695,7672,17,2023-11-22,1,Completed
9696,5515,65,2024-02-26,4,Completed
9697,1703,58,2023-08-01,1,Cancelled
9698,8722,37,2024-07-29,1,Completed
9699,3675,75,2023-02-22,3,Completed
9700,8495,42,2023-06-18,4,Completed
9701,4252,70,2023-07-05,4,Pending
9702,14,79,2023-08-15,4,Completed
9703,7188,40,2023-09-20,2,
9704,2804,23,2023-12-26,2,
9705,889,23,2023-11-01,4,Completed
9706,9389,49,2023-01-11,3,Completed
9707,4541,76,2023-04-18,,Completed
9708,8091,7,2024-07-21,2,Completed
9709,2170,37,2024-04-29,1,Completed
9710,3652,16,2023-09-26,3,Completed
9711,8018,38,2023-06-11,2,Cancelled
9712,8241,99,2024-02-03,2,Completed
9713,181,40,2023-02-20,3,Returned
9714,3879,29,2023-01-23,,Completed
9715,9610,17,2024-07-15,1,Completed
9716,3465,90,2024-03-20,2,Completed
9717,530,20,2023-07-09,4,Completed
9718,5772,25,2024-03-01,4,Completed
9719,4680,60,2023-06-06,1,Cancelled
9720,7941,38,2023-11-21,3,Completed
9721,1287,63,2024-03-24,2,Cancelled
9722,2191,39,2024-03-03,,Completed
9723,8899,64,2024-07-08,3,Returned
9724,8486,83,2024-06-20,2,Completed
9725,1562,21,2023-05-16,4,Returned
9726,5629,32,2023-04-14,,Completed
9727,2612,28,2023-09-21,2,Completed
9728,6561,12,2024-05-17,2,Completed
9729,661,79,2024-01-30,3,Completed
9730,3179,92,2023-09-25,3,Pending
9731,3390,85,2024-01-31,3,Completed
9732,3064,80,2023-05-13,2,Completed
9733,6402,23,2024-01-05,2,Completed
9734,8128,90,2023-01-20,4,Completed
9735,2841,15,2023-01-07,,Completed
9736,6310,12,2024-06-22,4,Cancelled
9737,7193,4,2023-03-13,3,Completed
9738,6055,35,2024-05-29,2,Completed
9739,6147,95,2024-07-18,3,Cancelled
9740,6562,61,2024-01-20,1,Completed
9741,8561,27,2023-04-27,2,Completed
9742,539,96,2024-07-11,4,
9743,2928,33,2023-09-24,1,Completed
9744,2394,13,2023-03-29,2,Cancelled
9745,8923,37,2024-06-02,1,Pending
9746,897,44,2023-10-28,4,Pending
9747,6868,2,2023-10-09,2,Completed
9748,6346,38,2024-01-09,3,Completed
9749,2369,37,2024-01-26,2,Returned
9750,4560,59,2023-08-12,3,Cancelled
9751,7748,69,2023-06-27,3,Completed
9752,2381,18,2023-10-12,2,Completed
9753,15,48,2023-09-10,2,Cancelled
9754,9546,81,2024-07-17,4,Returned
9755,3136,66,2023-06-13,3,Cancelled
9756,2278,49,2024-05-20,1,Returned
9757,8203,58,2023-03-27,3,Completed
9758,1657,35,2023-10-18,2,Completed
9759,9440,78,2023-07-24,3,Completed
9760,1661,76,2023-11-12,1,
9761,1764,58,2024-02-16,2,Returned
9762,8734,97,2023-02-13,1,Cancelled
9763,1530,7,2023-12-08,,Completed
9764,7866,9,2023-03-22,4,Cancelled
9765,5839,69,2023-03-03,,Pending
9766,6911,4,2023-08-19,3,Returned
9767,9373,32,2024-08-04,4,Returned
9768,2618,5,2023-12-09,3,Completed
9769,2755,56,2023-08-25,2,Returned
9770,9121,56,2023-11-07,4,Completed
9771,8102,44,2024-06-22,4,Completed
9772,1427,72,2024-03-08,3,
9773,8068,13,2024-06-07,4,Completed
9774,5209,4,2023-05-06,,Pending
9775,6223,52,2023-11-04,2,Completed
9776,7809,75,2024-07-14,1,Completed
9777,2062,15,2024-05-23,2,Completed
9778,2564,82,2024-04-22,1,Completed
9779,2804,84,2024-01-29,,Returned
9780,6210,1,2024-04-30,,Completed
9781,2294,65,2023-02-05,3,Returned
9782,1626,11,2023-12-15,3,Completed
9783,5810,93,2024-01-29,2,Pending
9784,572,61,2023-02-10,4,Completed
9785,7400,93,2023-11-09,,Completed
9786,2401,88,2024-07-31,1,Pending
9787,9904,84,2023-01-28,1,Pending
9788,8575,94,2024-01-21,1,Completed
9789,5830,63,2023-05-25,3,
9790,1084,38,2023-04-10,1,Completed
9791,1950,69,2023-08-25,1,Pending
9792,5531,45,2023-06-12,2,Completed
9793,5203,74,2024-07-08,3,Completed
9794,5431,70,2023-10-21,,Returned
9795,3498,68,2024-06-13,4,Pending
9796,5497,4,2023-12-17,3,Completed
9797,4931,71,2024-06-08,1,Completed
9798,3395,48,2024-04-27,2,Returned
9799,9396,97,2023-04-01,1,Completed
9800,774,9,2024-08-19,2,Returned
9801,7794,90,2023-01-06,1,Cancelled
9802,2598,47,2023-11-07,2,Cancelled
9803,9596,85,2023-12-16,1,Pending
9804,7982,60,2023-03-24,3,Completed
9805,3062,52,2024-06-03,1,Returned
9806,3326,86,2023-02-11,3,Cancelled
9807,1404,33,2023-04-05,3,Completed
9808,3321,58,2024-03-07,2,Completed
9809,7240,97,2024-05-25,4,Pending
9810,6650,48,2023-04-10,,Completed
9811,7421,5,2024-08-01,2,Completed
9812,7140,85,2023-03-03,3,
9813,870,27,2024-01-10,2,Completed
9814,6443,41,2023-04-28,2,Pending
9815,9276,1,2024-04-07,1,Completed
9816,974,51,2024-07-17,1,Completed
9817,9418,16,2024-04-18,4,Completed
9818,9995,99,2023-07-01,1,Completed
9819,1189,100,2023-12-11,3,Cancelled
9820,5148,32,2023-11-25,3,
9821,3444,93,2023-11-25,,Pending
9822,5685,47,2024-07-27,3,
9823,1322,23,2024-03-18,1,Cancelled
9824,2024,15,2023-02-16,3,Completed
9825,6741,26,2024-07-14,2,Completed
9826,5469,37,2024-02-08,,Cancelled
9827,439,89,2024-08-13,3,Completed
9828,165,55,2023-06-16,2,Returned
9829,5679,2,2023-02-12,3,Cancelled
9830,7836,76,2024-05-10,2,Completed
9831,3338,19,2023-02-23,2,Completed
9832,3351,32,2024-07-24,3,Completed
9833,988,87,2023-07-13,1,
9834,2530,69,2024-07-12,3,Returned
9835,4613,55,2023-09-15,1,Cancelled
9836,3846,89,2024-02-26,4,Pending
9837,5757,99,2023-07-09,,Completed
9838,8106,56,2024-04-14,4,Pending
9839,1327,29,2023-01-07,3,Completed
9840,8220,84,2023-01-22,,Pending
9841,6925,36,2023-08-31,1,Cancelled
9842,4594,71,2023-02-23,1,Cancelled
9843,6663,86,2023-12-24,2,Completed
9844,194,82,2024-07-06,1,Completed
9845,8784,53,2023-05-13,,Completed
9846,2490,85,2024-03-14,1,Cancelled
9847,6402,86,2024-06-14,3,Completed
9848,8305,39,2023-04-17,2,Pending
9849,9510,76,2024-06-19,1,Completed
9850,1738,11,2023-09-25,1,Returned
9851,2062,76,2023-01-24,1,Returned
9852,9883,90,2023-02-11,1,Cancelled
9853,6284,30,2024-06-05,,Completed
9854,9587,79,2024-01-21,1,Completed
9855,6841,72,2023-06-05,1,Completed
9856,3560,53,2023-09-24,4,Completed
9857,5462,82,2024-03-08,2,Cancelled
9858,7600,74,2023-03-14,4,Completed
9859,3884,8,2023-09-11,4,Completed
9860,3252,99,2023-03-04,,Pending
9861,5054,20,2023-10-29,4,Completed
9862,3015,12,2023-01-27,1,Completed
9863,1129,67,2024-06-30,3,Returned
9864,6866,84,2023-09-03,2,Pending
9865,6473,50,2024-05-04,2,Cancelled
9866,7417,12,2024-03-29,1,Completed
9867,1697,54,2023-12-21,1,Completed
9868,8325,88,2023-11-10,3,Cancelled
9869,7408,80,2023-02-23,1,Completed
9870,7246,54,2024-07-11,1,Completed
9871,4666,74,2023-05-31,2,Returned
9872,4221,19,2023-11-30,3,Completed
9873,7575,14,2023-04-22,4,Cancelled
9874,6171,52,2024-03-02,2,Completed
9875,312,78,2023-10-19,4,Completed
9876,9978,22,2023-01-30,1,Completed
9877,5435,4,2023-12-15,2,Returned
9878,402,59,2023-08-31,1,Completed
9879,5555,34,2023-09-22,3,
9880,1597,64,2023-09-29,,Completed
9881,122,18,2024-07-24,1,Completed
9882,751,98,2023-07-06,3,Returned
9883,106,82,2023-05-10,4,Pending
9884,6935,31,2023-02-03,3,Completed
9885,9252,84,2023-06-22,1,Completed
9886,3239,100,2023-03-14,1,Completed
9887,1245,42,2024-07-21,1,Cancelled
9888,8268,74,2024-05-17,1,Completed
9889,6866,3,2023-01-27,3,Cancelled
9890,9202,85,2023-06-09,2,Completed
9891,3283,100,2023-07-19,3,Completed
9892,2276,55,2023-09-13,2,Completed
9893,3809,10,2024-02-29,1,Cancelled
9894,8645,71,2023-10-13,3,Cancelled
9895,766,22,2023-04-12,3,Cancelled
9896,4583,23,2024-01-10,1,Completed
9897,2716,76,2024-04-02,,Cancelled
9898,1498,13,2024-08-18,2,Pending
9899,2839,40,2023-12-19,3,Cancelled
9900,6037,13,2023-10-10,1,Cancelled
9901,5067,97,2024-01-25,2,Cancelled
9902,490,95,2023-01-19,,Returned
9903,6375,51,2023-05-12,4,Pending
9904,1936,64,2024-03-07,1,Cancelled
9905,2750,92,2024-02-27,4,Completed
9906,9296,83,2023-02-26,1,Returned
9907,7813,85,2023-09-29,4,Cancelled
9908,9792,96,2023-04-05,3,Pending
9909,7465,90,2024-05-13,2,Completed
9910,7778,13,2023-03-03,,
9911,8418,29,2023-01-25,2,Completed
9912,6287,71,2023-10-28,2,
9913,9907,47,2024-08-23,1,Returned
9914,4150,26,2024-01-03,,Pending
9915,5849,70,2023-01-01,4,Completed
9916,7657,96,2024-08-18,2,Completed
9917,2346,100,2023-10-28,1,Cancelled
9918,5550,23,2024-08-20,1,Completed
9919,6681,75,2023-02-12,1,
9920,8771,56,2024-08-01,1,Completed
9921,1699,85,2023-04-12,2,Completed
9922,6985,19,2024-08-13,1,Completed
9923,6038,98,2023-11-05,1,Completed
9924,5257,50,2024-07-22,3,Completed
9925,6552,35,2024-05-26,1,Completed
9926,279,49,2023-08-21,4,Completed
9927,1469,95,2024-03-24,1,Completed
9928,9133,46,2023-02-17,2,Completed
9929,2319,93,2023-10-10,3,Completed
9930,4537,70,2023-07-30,1,Returned
9931,5348,100,2023-03-11,4,Completed
9932,5940,53,2023-12-15,2,Cancelled
9933,1784,31,2023-01-08,2,Completed
9934,6631,96,2023-10-11,,Returned
9935,3227,84,2024-08-16,4,Completed
9936,9178,22,2023-10-30,3,Pending
9937,2820,67,2024-06-05,1,Completed
9938,3971,8,2023-02-14,2,Completed
9939,425,19,2023-11-27,3,Cancelled
9940,2106,31,2023-11-06,1,Pending
9941,2471,32,2023-02-20,2,Completed
9942,5895,79,2024-04-24,3,Completed
9943,3795,55,2024-07-07,3,Completed
9944,2892,31,2024-05-06,3,Completed
9945,9876,67,2024-02-17,4,Returned
9946,3148,51,2023-10-25,,Pending
9947,4052,96,2023-09-16,2,Completed
9948,3652,74,2024-01-11,1,Completed
9949,7902,92,2023-07-05,4,Completed
9950,1175,27,2024-07-17,1,Pending
9951,2950,48,2023-05-28,1,Cancelled
9952,8629,43,2023-06-03,3,Completed
9953,6117,95,2023-11-17,3,Completed
9954,235,51,2023-11-11,3,Completed
9955,7913,98,2024-06-02,2,Completed
9956,4771,69,2023-11-01,,Pending
9957,5129,75,2023-01-31,4,Returned
9958,4857,71,2024-05-18,3,Pending
9959,8160,72,2024-08-20,2,Cancelled
9960,2475,81,2024-03-19,2,Completed
9961,227,50,2023-01-08,1,Completed
9962,6161,61,2023-04-30,4,Completed
9963,4802,41,2023-09-03,4,Completed
9964,5358,51,2023-12-29,4,Completed
9965,7549,78,2023-05-13,2,Completed
9966,3996,24,2024-08-21,4,Cancelled
9967,1411,30,2023-07-21,4,Completed
9968,4765,52,2023-09-03,4,Pending
9969,1338,50,2024-03-19,,Cancelled
9970,5421,57,2023-12-15,4,Completed
9971,118,62,2023-08-12,1,Completed
9972,1869,79,2023-07-21,4,Completed
9973,2098,53,2024-03-28,2,
9974,1814,68,2024-01-14,2,Completed
9975,9780,77,2023-05-13,4,Completed
9976,8735,69,2024-07-27,2,Completed
9977,2375,31,2024-07-16,1,Completed
9978,1527,76,2023-02-10,3,Cancelled
9979,7088,30,2023-09-08,,Completed
9980,9462,10,2024-04-17,,Completed
9981,8794,94,2024-05-20,4,
9982,3615,90,2023-03-10,,Cancelled
9983,2150,44,2024-05-24,4,Completed
9984,3302,6,2023-11-30,1,Completed
9985,8580,27,2023-08-19,2,Completed
9986,3681,20,2023-03-01,2,
9987,9795,92,2024-04-28,1,Completed
9988,3283,20,2023-09-15,4,Completed
9989,2697,12,2024-02-10,2,Cancelled
9990,4152,85,2023-02-23,4,Completed
9991,1306,94,2024-03-12,3,Completed
9992,717,49,2023-04-14,3,Pending
9993,5846,52,2023-02-10,2,Completed
9994,5759,10,2023-03-05,4,Completed
9995,3656,5,2023-04-04,3,Completed
9996,6360,64,2024-01-27,2,Cancelled
9997,8506,58,2023-04-14,,Completed
9998,2281,8,2024-06-21,2,Completed
9999,2623,30,2024-01-29,2,Returned
10000,9080,17,2023-07-03,3,Completed
